CLUSTER,N_PERSONAS,PCT_POBLACION,NUM_TITULACIONES__MEDIA,NUM_TITULACIONES__MEDIANA,NUM_TIT_BACHILLERATO__MEDIA,NUM_TIT_BACHILLERATO__MEDIANA,NUM_TIT_CUARTO_NIVEL__MEDIA,NUM_TIT_CUARTO_NIVEL__MEDIANA,NUM_TIT_TERCER_NIVEL__MEDIA,NUM_TIT_TERCER_NIVEL__MEDIANA,NUM_CAPACITACIONES__MEDIA,NUM_CAPACITACIONES__MEDIANA,SUMA_DURACION_CAPACITACIONES__MEDIA,SUMA_DURACION_CAPACITACIONES__MEDIANA,NUM_CAPACITACIONES_APROBACION__MEDIA,NUM_CAPACITACIONES_APROBACION__MEDIANA,NUM_CAPACITACIONES_VIRTUAL__MEDIA,NUM_CAPACITACIONES_VIRTUAL__MEDIANA,NUM_CAPACITACIONES_PRESENCIAL__MEDIA,NUM_CAPACITACIONES_PRESENCIAL__MEDIANA,NUM_CERTIFICACIONES__MEDIA,NUM_CERTIFICACIONES__MEDIANA,SUMA_DURACION_CERTIFICACIONES__MEDIA,SUMA_DURACION_CERTIFICACIONES__MEDIANA,NUM_PONENCIAS__MEDIA,NUM_PONENCIAS__MEDIANA,SUMA_DURACION_PONENCIAS__MEDIA,SUMA_DURACION_PONENCIAS__MEDIANA,NUM_CURSOS__MEDIA,NUM_CURSOS__MEDIANA,NUM_PERIODOS_DOCENCIA__MEDIA,NUM_PERIODOS_DOCENCIA__MEDIANA,TOTAL_HORAS_DOCENCIA__MEDIA,TOTAL_HORAS_DOCENCIA__MEDIANA,TOTAL_ESTUDIANTES__MEDIA,TOTAL_ESTUDIANTES__MEDIANA,PROMEDIO_ESTUDIANTES_POR_CURSO__MEDIA,PROMEDIO_ESTUDIANTES_POR_CURSO__MEDIANA,NUM_ACTIVIDADES_POLITECNICAS__MEDIA,NUM_ACTIVIDADES_POLITECNICAS__MEDIANA,NUM_ACTIVIDADES_T1__MEDIA,NUM_ACTIVIDADES_T1__MEDIANA,NUM_ACTIVIDADES_T2__MEDIA,NUM_ACTIVIDADES_T2__MEDIANA,NUM_ACTIVIDADES_T3__MEDIA,NUM_ACTIVIDADES_T3__MEDIANA,TOTAL_HORAS_POLITECNICAS__MEDIA,TOTAL_HORAS_POLITECNICAS__MEDIANA,NUM_EXPERIENCIAS_EXTERNAS__MEDIA,NUM_EXPERIENCIAS_EXTERNAS__MEDIANA,NUM_EXPERIENCIAS_ACADEMICAS__MEDIA,NUM_EXPERIENCIAS_ACADEMICAS__MEDIANA,NUM_EXPERIENCIAS_ADMINISTRATIVAS__MEDIA,NUM_EXPERIENCIAS_ADMINISTRATIVAS__MEDIANA,NUM_EXPERIENCIAS_POR_CLASIFICAR__MEDIA,NUM_EXPERIENCIAS_POR_CLASIFICAR__MEDIANA,NUM_EXPERIENCIAS_ROL_PROFESOR__MEDIA,NUM_EXPERIENCIAS_ROL_PROFESOR__MEDIANA,NUM_IDIOMAS__MEDIA,NUM_IDIOMAS__MEDIANA,NUM_IDIOMAS_NO_NATIVOS__MEDIA,NUM_IDIOMAS_NO_NATIVOS__MEDIANA,NUM_IDIOMAS_CON_NIVELMCER__MEDIA,NUM_IDIOMAS_CON_NIVELMCER__MEDIANA,NUM_EVALUACIONES__MEDIA,NUM_EVALUACIONES__MEDIANA,PROMEDIO_HETEROEVALUACION__MEDIA,PROMEDIO_HETEROEVALUACION__MEDIANA,TOTAL_REGISTRADOS__MEDIA,TOTAL_REGISTRADOS__MEDIANA,TOTAL_EVALUADOS__MEDIA,TOTAL_EVALUADOS__MEDIANA,COBERTURA_EVALUACION__MEDIA,COBERTURA_EVALUACION__MEDIANA,NUM_RECONOCIMIENTOS__MEDIA,NUM_RECONOCIMIENTOS__MEDIANA,NUM_TIPOS_RECONOCIMIENTO_DISTINTOS__MEDIA,NUM_TIPOS_RECONOCIMIENTO_DISTINTOS__MEDIANA,NUM_PROYECTOS_GRADO_DIRIGIDOS__MEDIA,NUM_PROYECTOS_GRADO_DIRIGIDOS__MEDIANA,NUM_PROGRAMAS_TITULACION_DISTINTOS__MEDIA,NUM_PROGRAMAS_TITULACION_DISTINTOS__MEDIANA,NUM_PROYECTOS_INVESTIGACION__MEDIA,NUM_PROYECTOS_INVESTIGACION__MEDIANA,NUM_PROYECTOS_ACTIVOS__MEDIA,NUM_PROYECTOS_ACTIVOS__MEDIANA,NUM_PROYECTOS_FINALIZADOS__MEDIA,NUM_PROYECTOS_FINALIZADOS__MEDIANA,NUM_PROYECTOS_COMO_DIRECTOR__MEDIA,NUM_PROYECTOS_COMO_DIRECTOR__MEDIANA,NUM_PROYECTOS_COMO_CODIRECTOR__MEDIA,NUM_PROYECTOS_COMO_CODIRECTOR__MEDIANA,NUM_PROYECTOS_COMO_PARTICIPANTE__MEDIA,NUM_PROYECTOS_COMO_PARTICIPANTE__MEDIANA,NUM_PROYECTOS_VINCULACION__MEDIA,NUM_PROYECTOS_VINCULACION__MEDIANA,NUM_VINCULACION_TUTOR__MEDIA,NUM_VINCULACION_TUTOR__MEDIANA,NUM_VINCULACION_DIRECTOR_PROYECTO__MEDIA,NUM_VINCULACION_DIRECTOR_PROYECTO__MEDIANA,NUM_VINCULACION_DIRECTOR_PROGRAMA__MEDIA,NUM_VINCULACION_DIRECTOR_PROGRAMA__MEDIANA,NUM_PUBLICACIONES__MEDIA,NUM_PUBLICACIONES__MEDIANA,NUM_PUBLICACIONES_INDEXADAS__MEDIA,NUM_PUBLICACIONES_INDEXADAS__MEDIANA,NUM_PUBLICACIONES_REVISION_PARES__MEDIA,NUM_PUBLICACIONES_REVISION_PARES__MEDIANA,NUM_PUBLICACIONES_Q1__MEDIA,NUM_PUBLICACIONES_Q1__MEDIANA,NUM_PUBLICACIONES_Q2__MEDIA,NUM_PUBLICACIONES_Q2__MEDIANA,N_REGISTROS_HISTORIAL__MEDIA,N_REGISTROS_HISTORIAL__MEDIANA,N_CONTRATOS_TOTAL__MEDIA,N_CONTRATOS_TOTAL__MEDIANA,N_CARGOS_DISTINTOS__MEDIA,N_CARGOS_DISTINTOS__MEDIANA,N_UNIDADES_DISTINTAS__MEDIA,N_UNIDADES_DISTINTAS__MEDIANA,N_FACULTADES_DISTINTAS__MEDIA,N_FACULTADES_DISTINTAS__MEDIANA,N_REGIMENES_DISTINTOS__MEDIA,N_REGIMENES_DISTINTOS__MEDIANA,ANIOS_EXPERIENCIA_DOCENTE__MEDIA,ANIOS_EXPERIENCIA_DOCENTE__MEDIANA,ANIOS_EXPERIENCIA_ADMINISTRATIVO__MEDIA,ANIOS_EXPERIENCIA_ADMINISTRATIVO__MEDIANA,N_DEDICACIONES_DOCENTE_DISTINTAS__MEDIA,N_DEDICACIONES_DOCENTE_DISTINTAS__MEDIANA,PROPORCION_CONTRATOS_FINALIZADOS__MEDIA,PROPORCION_CONTRATOS_FINALIZADOS__MEDIANA,ANTIGUEDAD_EFECTIVA_ANIOS__MEDIA,ANTIGUEDAD_EFECTIVA_ANIOS__MEDIANA,ANTIGUEDAD_CALENDARIO_ANIOS__MEDIA,ANTIGUEDAD_CALENDARIO_ANIOS__MEDIANA,N_REINGRESOS__MEDIA,N_REINGRESOS__MEDIANA,PROPORCION_CAPACITACIONES_APROBADAS__MEDIA,PROPORCION_CAPACITACIONES_APROBADAS__MEDIANA,HORAS_PROMEDIO_POR_ACTIVIDAD_POLITECNICA__MEDIA,HORAS_PROMEDIO_POR_ACTIVIDAD_POLITECNICA__MEDIANA,NUM_PUBLICACIONES_POR_ANIO__MEDIA,NUM_PUBLICACIONES_POR_ANIO__MEDIANA,NUM_PROYECTOS_INVESTIGACION_POR_ANIO__MEDIA,NUM_PROYECTOS_INVESTIGACION_POR_ANIO__MEDIANA,N_TRAMOS_ROL__MEDIA,N_TRAMOS_ROL__MEDIANA,N_CATEGORIAS_ROL_DISTINTAS__MEDIA,N_CATEGORIAS_ROL_DISTINTAS__MEDIANA,ANIOS_EN_CATEGORIA_ACTUAL__MEDIA,ANIOS_EN_CATEGORIA_ACTUAL__MEDIANA,N_TRANSICIONES_ROL__MEDIA,N_TRANSICIONES_ROL__MEDIANA,N_TRANSICIONES_AA_A_DD__MEDIA,N_TRANSICIONES_AA_A_DD__MEDIANA,N_TRANSICIONES_DD_A_AA__MEDIA,N_TRANSICIONES_DD_A_AA__MEDIANA,ANIOS_DESDE_ULTIMA_TRANSICION__MEDIA,ANIOS_DESDE_ULTIMA_TRANSICION__MEDIANA,N_ROLES_ADICIONALES_SIMULTANEOS_DISTINTOS__MEDIA,N_ROLES_ADICIONALES_SIMULTANEOS_DISTINTOS__MEDIANA,N_FUNCIONES_ADICIONALES__MEDIA,N_FUNCIONES_ADICIONALES__MEDIANA,N_CATEGORIAS_FUNCION_ADICIONAL_DISTINTAS__MEDIA,N_CATEGORIAS_FUNCION_ADICIONAL_DISTINTAS__MEDIANA,N_SUBROGACIONES__MEDIA,N_SUBROGACIONES__MEDIANA,MULTIPLES_CARGOS_MISMO_ANIO__PROPORCION,PASO_POR_RECTORADO__PROPORCION,ES_DOCENTE_ADMIN_MIXTO__PROPORCION,VIGENTE_ACTUALMENTE__PROPORCION,VIGENTE_TRAMO_ESTRUCTURAL__PROPORCION,ES_TRAYECTORIA_ESTABLE__PROPORCION,TUVO_TRANSICION_AA_A_DD__PROPORCION,TUVO_TRANSICION_DD_A_AA__PROPORCION,TUVO_ROL_ADICIONAL_SIMULTANEO__PROPORCION,TUVO_FUNCION_ADICIONAL__PROPORCION,TUVO_SUBROGACION__PROPORCION,TUVO_FUNCION_NO_COINCIDENTE_CON_CONTRATO__PROPORCION,CARGO_ACTUAL__MODA,CARGO_ACTUAL__MODA_PROP,CARGO_MAS_FRECUENTE__MODA,CARGO_MAS_FRECUENTE__MODA_PROP,UNIDAD_ACTUAL_NOMBRE__MODA,UNIDAD_ACTUAL_NOMBRE__MODA_PROP,REGIMEN_INICIAL_DESC__MODA,REGIMEN_INICIAL_DESC__MODA_PROP,REGIMEN_ACTUAL_DESC__MODA,REGIMEN_ACTUAL_DESC__MODA_PROP,TIPOEMPLEADO_ACTUAL_DESC__MODA,TIPOEMPLEADO_ACTUAL_DESC__MODA_PROP,DEDICACION_DOCENTE_ACTUAL__MODA,DEDICACION_DOCENTE_ACTUAL__MODA_PROP,DEDICACION_DOCENTE_MAS_FRECUENTE__MODA,DEDICACION_DOCENTE_MAS_FRECUENTE__MODA_PROP,NIVEL_ACADEMICO_MAXIMO__MODA,NIVEL_ACADEMICO_MAXIMO__MODA_PROP,CATEGORIA_CARGO_ACTUAL__MODA,CATEGORIA_CARGO_ACTUAL__MODA_PROP,TIPOEMPLEADO_CATEGORIA_ACTUAL__MODA,TIPOEMPLEADO_CATEGORIA_ACTUAL__MODA_PROP,CARGO_ACTUAL_ESTRUCTURAL__MODA,CARGO_ACTUAL_ESTRUCTURAL__MODA_PROP,UNIDAD_ACTUAL_ESTRUCTURAL__MODA,UNIDAD_ACTUAL_ESTRUCTURAL__MODA_PROP,CATEGORIA_CARGO_PRIMERA__MODA,CATEGORIA_CARGO_PRIMERA__MODA_PROP,CATEGORIA_ROL_ADICIONAL_MAS_RECIENTE__MODA,CATEGORIA_ROL_ADICIONAL_MAS_RECIENTE__MODA_PROP,CATEGORIA_FUNCION_ADICIONAL_MAS_RECIENTE__MODA,CATEGORIA_FUNCION_ADICIONAL_MAS_RECIENTE__MODA_PROP,CARGO_PUNTUAL_VIGENTE__MODA,CARGO_PUNTUAL_VIGENTE__MODA_PROP,UNIDAD_PUNTUAL_VIGENTE__MODA,UNIDAD_PUNTUAL_VIGENTE__MODA_PROP,CATEGORIA_PUNTUAL_VIGENTE__MODA,CATEGORIA_PUNTUAL_VIGENTE__MODA_PROP,TIPOEMPLEADO_PUNTUAL_VIGENTE__MODA,TIPOEMPLEADO_PUNTUAL_VIGENTE__MODA_PROP
0,175,7.07,2.1085714285714285,2.0,0.6971428571428572,1.0,0.3142857142857143,0.0,1.0514285714285714,1.0,20.731428571428573,17.0,526.6892571428572,353.0,9.468571428571428,7.0,7.817142857142857,5.0,3.56,2.0,1.6,1.0,56.464571428571425,1.0,0.04,0.0,0.46285714285714286,0.0,0.13142857142857142,0.0,0.07428571428571429,0.0,10.9448,0.0,3.9885714285714284,0.0,33.835,33.835,0.22857142857142856,0.0,0.17142857142857143,0.0,0.17714285714285713,0.0,0.06857142857142857,0.0,91.29714285714286,0.0,2.0171428571428573,2.0,0.10285714285714286,0.0,0.5142857142857142,0.0,1.4,0.0,0.02857142857142857,0.0,1.0171428571428571,1.0,0.6228571428571429,1.0,0.18285714285714286,0.0,0.12,0.0,95.12,95.12,6.537142857142857,0.0,6.32,0.0,0.96645,0.96645,1.0342857142857143,0.0,0.14285714285714285,0.0,0.10285714285714286,0.0,0.02857142857142857,0.0,0.18285714285714286,0.0,0.10285714285714286,0.0,0.08571428571428572,0.0,0.011428571428571429,0.0,0.0,0.0,0.17714285714285713,0.0,0.0,0.0,0.0,0.0,0.0,0.0,0.0,0.0,0.12571428571428572,0.0,0.05714285714285714,0.0,0.0,0.0,0.05142857142857143,0.0,0.02857142857142857,0.0,30.62857142857143,30.0,5.685714285714286,4.0,2.994285714285714,2.0,1.5771428571428572,1.0,0.5657142857142857,1.0,1.217142857142857,1.0,0.06788571428571429,0.0,13.0824,10.93,0.04,0.0,0.8641714285714285,0.92,11.213600000000001,8.21,13.455885714285715,10.36,9.074285714285715,4.0,0.46001939684791876,0.4615384615384615,587.0861111111111,399.875,0.04787755537899982,0.0,0.06100327756342844,0.0,2.5885714285714285,2.0,1.457142857142857,1.0,8.38182857142857,6.84,0.68,0.0,0.005714285714285714,0.0,0.022857142857142857,0.0,13.995211267605633,11.69,0.10285714285714286,0.0,0.10857142857142857,0.0,0.08,0.0,0.0,0.0,0.44571428571428573,0.09714285714285714,0.045714285714285714,0.1657142857142857,0.5885714285714285,0.5942857142857143,0.005714285714285714,0.022857142857142857,0.08,0.08,0.0,0.06857142857142857,ASISTENTE EJECUTIVA 2,0.24571428571428572,ASISTENTE EJECUTIVA 2,0.24,FACULTAD DE CIENCIAS SOCIALES Y HUMANÍSTICAS,0.08,LOSEP - LEY ORGANICA DE SERVICIO PUBLICO,0.49714285714285716,LOSEP - LEY ORGANICA DE SERVICIO PUBLICO,0.9371428571428572,ADMINISTRATIVO,0.9828571428571429,SIN_DATO,0.96,SIN_DATO,0.96,tercer_nivel,0.5771428571428572,ASISTENCIA_SECRETARIAL_OFICINA,1.0,ADMINISTRATIVO,1.0,ASISTENTE EJECUTIVA 2,0.25142857142857145,FACULTAD DE CIENCIAS SOCIALES Y HUMANÍSTICAS,0.08,ASISTENCIA_SECRETARIAL_OFICINA,0.6914285714285714,SIN_DATO,0.92,SIN_DATO,0.92,SIN_DATO,0.9771428571428571,SIN_DATO,0.9771428571428571,SIN_DATO,0.9771428571428571,SIN_DATO,0.9771428571428571
1,26,1.05,3.4615384615384617,3.0,0.038461538461538464,0.0,2.3461538461538463,2.0,1.0769230769230769,1.0,38.88461538461539,34.0,1177.6284615384616,966.95,15.038461538461538,10.0,4.538461538461538,1.5,5.153846153846154,1.0,2.0384615384615383,1.0,55.67307692307692,1.0,1.0769230769230769,0.0,14.5,0.0,28.653846153846153,26.5,11.653846153846153,14.0,2291.129615384615,1957.1100000000001,597.5,333.0,18.9088,18.1,55.61538461538461,55.5,45.84615384615385,43.0,47.30769230769231,46.5,29.807692307692307,29.5,20310.46153846154,21285.0,2.6153846153846154,2.0,0.0,0.0,0.038461538461538464,0.0,2.576923076923077,2.0,0.0,0.0,1.2692307692307692,1.0,1.0384615384615385,1.0,0.15384615384615385,0.0,16.692307692307693,15.5,90.90884615384614,90.215,1596.0384615384614,951.0,1318.7307692307693,806.0,0.8342846153846156,0.8431500000000001,4.6923076923076925,3.0,0.38461538461538464,0.0,10.692307692307692,4.5,2.0384615384615383,2.0,11.26923076923077,7.0,5.846153846153846,4.0,5.923076923076923,4.0,3.8076923076923075,3.0,1.5769230769230769,1.0,6.384615384615385,4.5,1.1923076923076923,0.0,0.9230769230769231,0.0,0.2692307692307692,0.0,0.0,0.0,20.192307692307693,9.5,14.384615384615385,7.5,0.7307692307692307,0.0,5.384615384615385,2.0,3.269230769230769,1.0,91.73076923076923,80.5,55.57692307692308,48.5,11.846153846153847,11.0,4.038461538461538,4.0,1.3076923076923077,1.0,2.1153846153846154,2.0,23.83576923076923,19.68,4.7688461538461535,2.03,2.6538461538461537,3.0,0.9511538461538461,0.97,17.603076923076923,16.465,22.876153846153844,22.89,34.92307692307692,36.5,0.37737038663593914,0.3947368421052631,418.98521358129204,382.22678703021376,1.4308537012376243,0.6122039662269017,0.9272620888666337,0.5759445260026514,21.423076923076923,14.0,2.8846153846153846,3.0,2.4823076923076925,0.9,4.423076923076923,3.0,0.3076923076923077,0.0,0.0,0.0,3.6649999999999996,3.83,1.6153846153846154,2.0,25.76923076923077,24.5,2.5384615384615383,2.5,20.96153846153846,18.5,1.0,0.5384615384615384,0.8846153846153846,0.7307692307692307,1.0,0.0,0.3076923076923077,0.0,0.8846153846153846,1.0,0.9615384615384616,0.9615384615384616,DECANO(A),0.6538461538461539,DECANO(A),0.46153846153846156,"VICERRECTORADO DE INVESTIGACIÓN, DESARROLLO E INNOVACIÓN",0.11538461538461539,SIN_DATO,0.6923076923076923,LOES - LEY ORGANICA DE EDUCACION SUPERIOR,0.9615384615384616,DOCENTE,1.0,Tiempo Completo,0.9615384615384616,Tiempo Completo,0.9615384615384616,cuarto_nivel,1.0,AUTORIDAD_ACADEMICA_SUPERIOR,1.0,DOCENTE,1.0,DECANO(A),0.6923076923076923,"VICERRECTORADO DE INVESTIGACIÓN, DESARROLLO E INNOVACIÓN",0.11538461538461539,DOCENTE_TITULAR_CARRERA,0.5,DOCENTE_TITULAR_CARRERA,0.5384615384615384,OTROS_AA,0.8846153846153846,SIN_DATO,0.9230769230769231,SIN_DATO,0.9230769230769231,SIN_DATO,0.9230769230769231,SIN_DATO,0.9230769230769231
2,24,0.97,2.875,2.5,0.25,0.0,1.3333333333333333,1.0,1.2916666666666667,1.0,20.875,15.0,629.3216666666667,436.5,10.0,6.0,5.333333333333333,3.5,4.75,2.0,2.5,2.0,43.041666666666664,10.5,0.20833333333333334,0.0,3.4166666666666665,0.0,3.625,0.0,2.3333333333333335,0.0,341.73125,0.0,67.375,0.0,19.42,17.91,9.041666666666666,0.0,8.041666666666666,0.0,8.166666666666666,0.0,4.291666666666667,0.0,2360.8333333333335,0.0,4.125,3.0,0.20833333333333334,0.0,0.4583333333333333,0.0,3.4583333333333335,2.0,0.125,0.0,1.125,1.0,0.8333333333333334,1.0,0.16666666666666666,0.0,3.0416666666666665,0.0,88.14,87.45,227.16666666666666,0.0,190.25,0.0,0.7952714285714286,0.8237,0.8333333333333334,0.0,0.08333333333333333,0.0,1.25,0.0,0.08333333333333333,0.0,1.4583333333333333,0.0,1.0,0.0,0.6666666666666666,0.0,0.16666666666666666,0.0,0.20833333333333334,0.0,1.2916666666666667,0.0,0.16666666666666666,0.0,0.16666666666666666,0.0,0.0,0.0,0.0,0.0,3.75,0.0,2.0,0.0,0.08333333333333333,0.0,0.9166666666666666,0.0,0.8333333333333334,0.0,38.666666666666664,33.5,17.291666666666668,7.0,5.666666666666667,3.5,2.7083333333333335,2.5,0.20833333333333334,0.0,1.9166666666666667,2.0,2.8379166666666666,0.0,10.644583333333335,7.555,0.7916666666666666,0.0,0.9341666666666667,0.965,9.920416666666666,6.455,12.714999999999998,8.41,10.458333333333334,7.5,0.4738974231844147,0.5395010395010396,607.802968409586,265.1102941176471,0.4082046585432982,0.0,0.16551455875460172,0.0,4.041666666666667,2.5,2.125,2.0,3.8045833333333334,3.69,1.5,1.0,0.08333333333333333,0.0,0.25,0.0,4.993333333333334,4.65,1.0,0.0,3.6666666666666665,2.0,1.375,1.0,1.7083333333333333,0.0,0.7916666666666666,0.3333333333333333,0.4166666666666667,0.16666666666666666,0.6666666666666666,0.375,0.08333333333333333,0.25,0.4583333333333333,1.0,0.25,0.3333333333333333,SERVICIOS PROFESIONALES - EJECUCIÓN DE ACTIVIDADES,0.08333333333333333,DIRECTOR DE SERVICIOS GENERALES,0.08333333333333333,DESCONOCIDA,0.125,SIN_DATO,0.375,LOSEP - LEY ORGANICA DE SERVICIO PUBLICO,0.7916666666666666,ADMINISTRATIVO,0.9166666666666666,SIN_DATO,0.5833333333333334,SIN_DATO,0.5833333333333334,cuarto_nivel,0.875,AUTORIDAD_ADMINISTRATIVA_SUPERIOR,1.0,ADMINISTRATIVO,1.0,DIRECTOR DEL CENTRO DE INVESTIGACIONES Y SERVICIOS EDUCATIVOS,0.08333333333333333,DESCONOCIDA,0.16666666666666666,AUTORIDAD_ADMINISTRATIVA_SUPERIOR,0.375,SIN_DATO,0.5416666666666666,AUTORIDAD_ADMINISTRATIVA_SUPERIOR,0.8333333333333334,SIN_DATO,0.9583333333333334,SIN_DATO,0.9583333333333334,SIN_DATO,0.9583333333333334,SIN_DATO,0.9583333333333334
3,34,1.37,1.411764705882353,1.0,1.1176470588235294,1.0,0.029411764705882353,0.0,0.2647058823529412,0.0,6.529411764705882,5.0,144.73529411764707,61.15,2.7941176470588234,2.0,0.6470588235294118,0.0,3.088235294117647,2.5,0.17647058823529413,0.0,26.970588235294116,0.0,0.0,0.0,0.0,0.0,0.0,0.0,0.0,0.0,0.0,0.0,0.0,0.0,,,0.0,0.0,0.0,0.0,0.0,0.0,0.0,0.0,0.0,0.0,2.0294117647058822,2.0,0.0,0.0,0.08823529411764706,0.0,1.9411764705882353,1.5,0.0,0.0,0.35294117647058826,0.0,0.08823529411764706,0.0,0.0,0.0,0.0,0.0,,,0.0,0.0,0.0,0.0,,,0.20588235294117646,0.0,0.14705882352941177,0.0,0.0,0.0,0.0,0.0,0.0,0.0,0.0,0.0,0.0,0.0,0.0,0.0,0.0,0.0,0.0,0.0,0.0,0.0,0.0,0.0,0.0,0.0,0.0,0.0,0.0,0.0,0.0,0.0,0.0,0.0,0.0,0.0,0.0,0.0,25.294117647058822,25.0,7.529411764705882,7.0,1.7647058823529411,1.0,1.6176470588235294,2.0,0.38235294117647056,0.0,1.8823529411764706,2.0,0.0,0.0,9.967647058823527,8.27,0.0,0.0,0.8888235294117647,0.87,8.426176470588237,6.91,9.685,7.945,4.323529411764706,3.5,0.37857110210051387,0.3333333333333333,,,0.0,0.0,0.0,0.0,1.2647058823529411,1.0,1.1176470588235294,1.0,7.9517647058823515,7.53,0.14705882352941177,0.0,0.0,0.0,0.0,0.0,3.69,2.69,0.23529411764705882,0.0,0.0,0.0,0.0,0.0,0.0,0.0,0.4411764705882353,0.0,0.0,0.058823529411764705,0.7647058823529411,0.8823529411764706,0.0,0.0,0.23529411764705882,0.0,0.0,0.0,AUXILIAR DE SERVICIOS,0.5588235294117647,AUXILIAR DE SERVICIOS,0.38235294117647056,DIRECCIÓN DE SERVICIOS GENERALES,0.35294117647058826,LOSEP - LEY ORGANICA DE SERVICIO PUBLICO,0.8235294117647058,CT - CODIGO DE TRABAJO,0.8823529411764706,ADMINISTRATIVO,1.0,SIN_DATO,1.0,SIN_DATO,1.0,bachillerato,0.8235294117647058,AUXILIAR_AYUDANTE_OPERATIVO,1.0,ADMINISTRATIVO,1.0,AUXILIAR DE SERVICIOS,0.5588235294117647,DIRECCIÓN DE SERVICIOS GENERALES,0.35294117647058826,AUXILIAR_AYUDANTE_OPERATIVO,0.9117647058823529,SIN_DATO,0.7647058823529411,SIN_DATO,1.0,SIN_DATO,1.0,SIN_DATO,1.0,SIN_DATO,1.0,SIN_DATO,1.0
4,599,24.19,2.8647746243739567,3.0,0.16026711185308848,0.0,1.6110183639398998,1.0,1.0884808013355594,1.0,18.38397328881469,13.0,567.7137061769616,394.0,7.202003338898163,5.0,5.535893155258765,3.0,2.964941569282137,1.0,1.2203672787979967,0.0,167.94173622704508,0.0,0.5642737896494157,0.0,9.318030050083472,0.0,36.80968280467446,29.0,7.878130217028381,8.0,2913.283539232053,2201.12,834.6761268781302,486.0,22.421774809160304,23.02,31.023372287145243,27.0,24.717863105175294,22.0,26.14357262103506,23.0,13.395659432387312,11.0,6117.696160267112,5062.0,4.043405676126878,3.0,0.5242070116861436,0.0,0.8180300500834724,0.0,2.701168614357262,2.0,0.32387312186978295,0.0,1.4323873121869783,1.0,0.9766277128547579,1.0,0.2337228714524207,0.0,22.64440734557596,17.0,89.73574324324323,90.795,1066.677796327212,711.0,934.220367278798,641.0,0.8894263513513513,0.90665,2.2053422370617697,1.0,0.21035058430717862,0.0,3.1185308848080133,0.0,0.5025041736227045,0.0,3.025041736227045,1.0,1.5258764607679465,0.0,1.6193656093489148,0.0,0.7078464106844741,0.0,0.3038397328881469,0.0,2.1335559265442403,1.0,2.290484140233723,0.0,1.7479131886477461,0.0,0.332220367278798,0.0,0.21035058430717862,0.0,3.62771285475793,0.0,2.0751252086811354,0.0,0.22036727879799667,0.0,0.9398998330550918,0.0,0.5759599332220368,0.0,23.38397328881469,20.0,11.876460767946577,8.0,4.068447412353923,4.0,1.7028380634390652,1.0,1.0767946577629381,1.0,1.8447412353923205,2.0,6.784140233722871,5.97,1.2229549248747913,0.04,1.8480801335559265,2.0,0.952303839732888,0.97,7.077395659432387,6.41,9.82746243739566,8.36,3.969949916527546,2.0,0.41385633517396975,0.4,195.47171678214184,169.148033126294,0.5949046303811965,0.0747384155455904,0.4994819675023736,0.1845018450184501,3.5008347245409017,2.0,1.3672787979966612,1.0,4.046677796327212,2.94,0.4958263772954925,0.0,0.17863105175292154,0.0,0.048414023372287146,0.0,7.306706586826346,4.94,0.13689482470784642,0.0,1.1435726210350585,0.0,0.4307178631051753,0.0,0.018363939899833055,0.0,0.7545909849749582,0.06176961602671119,0.5225375626043406,0.3038397328881469,0.5175292153589316,0.7212020033388982,0.16026711185308848,0.04006677796327212,0.10350584307178631,0.39398998330550916,0.005008347245409015,0.39232053422370616,PROFESOR NO TITULAR OCASIONAL (TC),0.5659432387312187,PROFESOR NO TITULAR OCASIONAL (TC),0.6060100166944908,FACULTAD DE CIENCIAS SOCIALES Y HUMANÍSTICAS,0.17028380634390652,LOES - LEY ORGANICA DE EDUCACION SUPERIOR,0.5525876460767947,LOES - LEY ORGANICA DE EDUCACION SUPERIOR,0.7345575959933222,DOCENTE,0.9398998330550918,Tiempo Completo,0.6043405676126878,Tiempo Completo,0.7145242070116862,cuarto_nivel,0.996661101836394,DOCENTE_NO_TITULAR_OCASIONAL,1.0,DOCENTE,1.0,PROFESOR NO TITULAR OCASIONAL (TC),0.7061769616026711,FACULTAD DE CIENCIAS SOCIALES Y HUMANÍSTICAS,0.18864774624373956,DOCENTE_NO_TITULAR_OCASIONAL,0.7729549248747913,SIN_DATO,0.8964941569282137,SIN_DATO,0.6060100166944908,SIN_DATO,0.9382303839732888,SIN_DATO,0.9382303839732888,SIN_DATO,0.9382303839732888,SIN_DATO,0.9382303839732888
5,284,11.47,3.306338028169014,3.0,0.11267605633802817,0.0,2.0880281690140845,2.0,1.0985915492957747,1.0,37.690140845070424,31.0,1083.898204225352,829.5,13.623239436619718,11.0,6.264084507042254,3.0,4.936619718309859,2.0,1.1549295774647887,0.0,31.65070422535211,0.0,1.4507042253521127,0.0,22.29225352112676,0.0,40.517605633802816,39.0,11.651408450704226,14.0,3382.6942605633803,3149.835,928.9330985915493,797.0,22.645604395604394,23.33,59.01056338028169,59.0,49.05281690140845,48.5,50.563380281690144,50.0,28.996478873239436,28.0,14945.514084507042,15337.0,3.98943661971831,3.0,0.45774647887323944,0.0,0.7570422535211268,0.0,2.7746478873239435,1.0,0.29577464788732394,0.0,1.6126760563380282,2.0,1.3028169014084507,1.0,0.2640845070422535,0.0,25.33450704225352,24.0,88.14309608540925,88.78,1946.056338028169,1465.0,1633.0528169014085,1269.0,0.849664768683274,0.8463,4.528169014084507,3.0,0.2887323943661972,0.0,8.48943661971831,2.0,1.5316901408450705,1.0,8.619718309859154,6.0,4.27112676056338,3.0,4.947183098591549,3.0,2.869718309859155,1.0,1.2112676056338028,0.0,5.137323943661972,3.0,2.5528169014084505,0.0,1.4295774647887325,0.0,0.30985915492957744,0.0,0.8133802816901409,0.0,15.591549295774648,10.0,9.169014084507042,5.0,0.9366197183098591,0.0,4.535211267605634,2.0,2.221830985915493,1.0,54.96478873239437,45.5,35.32746478873239,28.0,9.161971830985916,8.0,2.0316901408450705,2.0,1.147887323943662,1.0,1.9366197183098592,2.0,21.307711267605633,18.455,5.079647887323944,2.03,2.4753521126760565,3.0,0.9559154929577464,0.97,17.46267605633803,15.675,23.58644366197183,23.27,16.380281690140844,13.0,0.3823619135054715,0.36,266.51483839479084,248.6984126984127,1.4110293842606336,0.6853199906071061,0.7484045027322314,0.39642294692958474,7.309859154929577,4.0,2.183098591549296,2.0,10.269049295774648,10.11,1.8204225352112675,1.0,0.39436619718309857,0.0,0.1619718309859155,0.0,11.49443396226415,10.11,1.0809859154929577,1.0,6.158450704225352,2.0,1.397887323943662,1.0,2.7640845070422535,0.0,0.9612676056338029,0.11619718309859155,0.7992957746478874,0.38028169014084506,0.823943661971831,0.2535211267605634,0.34507042253521125,0.14084507042253522,0.5669014084507042,0.795774647887324,0.2887323943661972,0.7676056338028169,PROFESOR TITULAR AGREGADO 1 (TC),0.176056338028169,PROFESOR TITULAR AGREGADO 1 (TC),0.14788732394366197,FACULTAD DE INGENIERÍA EN ELECTRICIDAD Y COMPUTACIÓN,0.15492957746478872,SIN_DATO,0.676056338028169,LOES - LEY ORGANICA DE EDUCACION SUPERIOR,0.8591549295774648,DOCENTE,0.9823943661971831,Tiempo Completo,0.8169014084507042,Tiempo Completo,0.823943661971831,cuarto_nivel,0.9823943661971831,DOCENTE_TITULAR_CARRERA,1.0,DOCENTE,1.0,PROFESOR TITULAR AGREGADO 1 (TC),0.19718309859154928,FACULTAD DE INGENIERÍA EN ELECTRICIDAD Y COMPUTACIÓN,0.1936619718309859,DOCENTE_TITULAR_CARRERA,0.5211267605633803,SIN_DATO,0.43309859154929575,OTROS_AA,0.31690140845070425,SIN_DATO,0.9225352112676056,SIN_DATO,0.9225352112676056,SIN_DATO,0.9225352112676056,SIN_DATO,0.9225352112676056
6,16,0.65,2.5,2.0,0.5625,0.5,0.8125,1.0,1.0625,1.0,13.0,12.0,354.3375,291.5,5.1875,3.0,3.6875,3.5,2.5,1.0,1.0625,0.5,15.1875,0.5,0.0,0.0,0.0,0.0,1.75,0.0,0.875,0.0,97.12937500000001,0.0,12.375,0.0,7.07,7.07,2.0,0.0,2.0,0.0,1.875,0.0,1.0625,0.0,231.875,0.0,1.5,0.0,0.1875,0.0,0.5625,0.0,0.75,0.0,0.125,0.0,1.0625,1.0,0.6875,0.5,0.25,0.0,0.9375,0.0,67.005,67.005,38.8125,0.0,33.75,0.0,0.8207500000000001,0.8207500000000001,0.375,0.0,0.125,0.0,0.0,0.0,0.0,0.0,0.0625,0.0,0.0,0.0,0.0625,0.0,0.0,0.0,0.0,0.0,0.0625,0.0,0.0,0.0,0.0,0.0,0.0,0.0,0.0,0.0,0.1875,0.0,0.125,0.0,0.0625,0.0,0.0,0.0,0.0,0.0,39.4375,40.0,11.9375,9.5,5.0,5.0,1.4375,1.0,0.0625,0.0,1.3125,1.0,0.78875,0.0,18.855,16.41,0.125,0.0,0.930625,0.95,17.390625,15.715,19.3675,20.245,8.5,4.0,0.3914677622572359,0.4736842105263157,115.9375,115.9375,0.011496014714898832,0.0,0.003832004904966275,0.0,3.6875,3.0,2.5,2.5,6.192500000000001,5.095000000000001,2.0,2.0,0.125,0.0,0.1875,0.0,7.875833333333333,3.9850000000000003,0.75,0.5,1.1875,0.0,0.4375,0.0,1.0625,0.0,0.6875,0.25,0.0625,0.25,0.6875,0.25,0.0625,0.0625,0.5,0.375,0.3125,0.3125,TESORERO GENERAL,0.1875,ASISTENTE DE GUARDALMACÉN,0.125,GERENCIA FINANCIERA,0.3125,SIN_DATO,0.5625,LOSEP - LEY ORGANICA DE SERVICIO PUBLICO,0.9375,ADMINISTRATIVO,1.0,SIN_DATO,0.9375,SIN_DATO,0.9375,cuarto_nivel,0.5625,JEFATURA_SUPERVISION_OPERATIVA,1.0,ADMINISTRATIVO,1.0,TESORERO GENERAL,0.1875,GERENCIA FINANCIERA,0.3125,JEFATURA_SUPERVISION_OPERATIVA,0.3125,SIN_DATO,0.5,SIN_DATO,0.625,SIN_DATO,1.0,SIN_DATO,1.0,SIN_DATO,1.0,SIN_DATO,1.0
7,4,0.16,2.5,3.0,0.0,0.0,1.0,1.0,1.5,1.5,17.75,16.0,455.645,494.54,6.25,6.0,5.5,5.5,6.25,4.5,2.25,2.0,35.25,29.5,1.5,1.0,0.0,0.0,8.5,2.0,3.25,0.5,342.15999999999997,77.77000000000001,124.5,42.0,17.4,17.4,0.75,0.0,0.75,0.0,0.75,0.0,0.75,0.0,105.75,0.0,2.5,1.5,0.5,0.0,0.25,0.0,1.75,0.0,0.25,0.0,1.75,1.0,1.5,0.5,0.25,0.0,5.0,1.0,85.1,85.1,208.75,21.0,171.25,14.5,0.75885,0.75885,3.5,3.0,0.5,0.5,0.0,0.0,0.0,0.0,0.0,0.0,0.0,0.0,0.0,0.0,0.0,0.0,0.0,0.0,0.0,0.0,0.0,0.0,0.0,0.0,0.0,0.0,0.0,0.0,0.0,0.0,0.0,0.0,0.0,0.0,0.0,0.0,0.0,0.0,40.25,35.5,14.5,5.0,4.25,3.0,3.5,2.5,1.25,0.5,2.5,2.5,2.505,0.21,11.117500000000001,9.7,1.25,1.0,0.9425,0.94,10.5775,9.335,10.629999999999999,9.425,2.75,1.0,0.3569444444444444,0.3666666666666667,141.0,141.0,0.0,0.0,0.0,0.0,1.5,1.0,1.5,1.0,6.915,7.595,0.5,0.0,0.0,0.0,0.0,0.0,11.69,11.69,0.5,0.5,0.0,0.0,0.0,0.0,0.0,0.0,0.75,0.0,0.5,0.25,0.75,0.75,0.0,0.0,0.5,0.0,0.0,0.0,PROMOTOR DE ARTE Y CULTURA,1.0,PROMOTOR DE ARTE Y CULTURA,1.0,GERENCIA DE BIENESTAR POLITÉCNICO,1.0,CONTRATO CIVIL,0.75,LOSEP - LEY ORGANICA DE SERVICIO PUBLICO,1.0,ADMINISTRATIVO,1.0,Tiempo Parcial,0.5,SIN_DATO,0.5,cuarto_nivel,0.75,OTROS_AA,1.0,ADMINISTRATIVO,1.0,PROMOTOR DE ARTE Y CULTURA,1.0,GERENCIA DE BIENESTAR POLITÉCNICO,1.0,OTROS_AA,0.75,SIN_DATO,0.5,SIN_DATO,1.0,SIN_DATO,1.0,SIN_DATO,1.0,SIN_DATO,1.0,SIN_DATO,1.0
8,306,12.36,2.4215686274509802,2.0,0.47058823529411764,0.0,0.7581699346405228,1.0,1.1568627450980393,1.0,26.41830065359477,22.0,618.9607843137255,469.5,11.179738562091503,8.0,9.281045751633988,5.0,4.19281045751634,2.0,2.741830065359477,2.0,143.1073202614379,4.0,0.2581699346405229,0.0,4.472222222222222,0.0,0.5359477124183006,0.0,0.20588235294117646,0.0,43.08320261437908,0.0,11.751633986928105,0.0,23.477777777777778,27.43,0.3562091503267974,0.0,0.22549019607843138,0.0,0.29411764705882354,0.0,0.0718954248366013,0.0,60.30065359477124,0.0,2.5718954248366015,2.0,0.13071895424836602,0.0,0.6503267973856209,0.0,1.7908496732026145,1.0,0.0718954248366013,0.0,1.0457516339869282,1.0,0.6699346405228758,1.0,0.17320261437908496,0.0,0.31699346405228757,0.0,89.20962962962962,92.08,24.431372549019606,0.0,20.748366013071895,0.0,0.8466925925925927,0.8807,0.761437908496732,0.0,0.13725490196078433,0.0,0.0718954248366013,0.0,0.029411764705882353,0.0,1.4052287581699345,0.0,0.6797385620915033,0.0,0.738562091503268,0.0,0.0392156862745098,0.0,0.032679738562091505,0.0,1.34640522875817,0.0,0.0,0.0,0.0,0.0,0.0,0.0,0.0,0.0,1.4313725490196079,0.0,0.9836601307189542,0.0,0.07516339869281045,0.0,0.4444444444444444,0.0,0.3333333333333333,0.0,37.73529411764706,39.0,8.477124183006536,5.0,3.8594771241830066,3.0,1.6601307189542485,1.0,0.3104575163398693,0.0,1.3986928104575163,1.0,0.25506535947712417,0.0,13.37202614379085,12.075,0.15359477124183007,0.0,0.8970588235294118,0.92,10.748594771241828,8.95,13.386013071895425,11.524999999999999,12.758169934640524,12.0,0.44950011612751073,0.4615384615384615,213.85434535412605,118.49305555555556,0.15403599494718206,0.0,0.15198693114132084,0.0,3.2549019607843137,2.0,1.9803921568627452,2.0,7.142091503267974,7.385,1.1830065359477124,1.0,0.02287581699346405,0.0,0.032679738562091505,0.0,9.690162162162162,10.78,0.4673202614379085,0.0,1.0816993464052287,0.0,0.24509803921568626,0.0,0.9771241830065359,0.0,0.7222222222222222,0.0915032679738562,0.11764705882352941,0.16013071895424835,0.7124183006535948,0.3954248366013072,0.02287581699346405,0.032679738562091505,0.369281045751634,0.21568627450980393,0.15359477124183007,0.16339869281045752,ANALISTA DE LABORATORIO DE INVESTIGACIÓN 2,0.08169934640522876,ANALISTA DE LABORATORIO DE INVESTIGACIÓN 2,0.08823529411764706,GERENCIA FINANCIERA,0.1111111111111111,LOSEP - LEY ORGANICA DE SERVICIO PUBLICO,0.5196078431372549,LOSEP - LEY ORGANICA DE SERVICIO PUBLICO,0.9477124183006536,ADMINISTRATIVO,0.9803921568627451,SIN_DATO,0.8823529411764706,SIN_DATO,0.8823529411764706,cuarto_nivel,0.6470588235294118,PROFESIONAL_ANALISTA,1.0,ADMINISTRATIVO,1.0,ANALISTA DE LABORATORIO DE INVESTIGACIÓN 2,0.08823529411764706,GERENCIA FINANCIERA,0.1111111111111111,PROFESIONAL_ANALISTA,0.4215686274509804,SIN_DATO,0.630718954248366,SIN_DATO,0.7843137254901961,SIN_DATO,0.9869281045751634,SIN_DATO,0.9869281045751634,SIN_DATO,0.9869281045751634,SIN_DATO,0.9869281045751634
9,30,1.21,2.533333333333333,2.0,0.3333333333333333,0.0,0.8666666666666667,1.0,1.3333333333333333,1.0,16.0,14.0,382.26666666666665,283.5,7.366666666666666,4.5,5.466666666666667,3.0,2.933333333333333,1.0,1.8,2.0,41.18333333333333,3.0,0.13333333333333333,0.0,5.166666666666667,0.0,0.0,0.0,0.0,0.0,0.0,0.0,0.0,0.0,,,0.1,0.0,0.1,0.0,0.1,0.0,0.1,0.0,32.8,0.0,2.966666666666667,2.0,0.0,0.0,0.4666666666666667,0.0,2.5,1.0,0.0,0.0,0.7,0.5,0.5333333333333333,0.0,0.2,0.0,0.0,0.0,,,0.0,0.0,0.0,0.0,,,0.3,0.0,0.13333333333333333,0.0,0.06666666666666667,0.0,0.03333333333333333,0.0,0.3333333333333333,0.0,0.3,0.0,0.03333333333333333,0.0,0.0,0.0,0.06666666666666667,0.0,0.26666666666666666,0.0,0.0,0.0,0.0,0.0,0.0,0.0,0.0,0.0,0.06666666666666667,0.0,0.0,0.0,0.06666666666666667,0.0,0.0,0.0,0.0,0.0,30.033333333333335,26.5,6.666666666666667,4.0,2.8666666666666667,2.0,2.033333333333333,2.0,0.0,0.0,1.5,1.0,0.019,0.0,11.602333333333332,10.115,0.06666666666666667,0.0,0.9166666666666666,0.9299999999999999,10.581,8.475,11.256000000000002,10.035,2.7333333333333334,1.0,0.39814700408320114,0.4409722222222222,328.0,328.0,0.007181689685075333,0.0,0.04222251125661773,0.0,1.8666666666666667,1.0,1.4,1.0,6.231666666666667,5.2,0.5333333333333333,0.0,0.0,0.0,0.0,0.0,6.724285714285714,5.78,0.5,0.0,0.5333333333333333,0.0,0.23333333333333334,0.0,0.4666666666666667,0.0,0.6333333333333333,0.1,0.06666666666666667,0.2,0.5666666666666667,0.7666666666666667,0.0,0.0,0.3,0.2,0.16666666666666666,0.2,ABOGADO,0.16666666666666666,ABOGADO,0.16666666666666666,GERENCIA DE BIENESTAR POLITÉCNICO,0.26666666666666666,LOSEP - LEY ORGANICA DE SERVICIO PUBLICO,0.36666666666666664,LOSEP - LEY ORGANICA DE SERVICIO PUBLICO,0.8666666666666667,ADMINISTRATIVO,0.9666666666666667,SIN_DATO,0.9333333333333333,SIN_DATO,0.9333333333333333,cuarto_nivel,0.6333333333333333,PROFESIONAL_ESPECIALIZADO_TECNICO,1.0,ADMINISTRATIVO,1.0,ABOGADO,0.26666666666666666,GERENCIA DE BIENESTAR POLITÉCNICO,0.3,PROFESIONAL_ESPECIALIZADO_TECNICO,0.8,SIN_DATO,0.7,SIN_DATO,0.8,SIN_DATO,0.9666666666666667,SIN_DATO,0.9666666666666667,SIN_DATO,0.9666666666666667,SIN_DATO,0.9666666666666667
10,18,0.73,1.5,1.0,0.7777777777777778,1.0,0.1111111111111111,0.0,0.6111111111111112,0.0,19.72222222222222,6.0,339.8833333333333,161.9,6.722222222222222,3.0,7.055555555555555,1.0,3.7222222222222223,2.5,1.7222222222222223,0.5,32.55555555555556,0.5,0.1111111111111111,0.0,0.0,0.0,0.0,0.0,0.0,0.0,0.0,0.0,0.0,0.0,,,0.0,0.0,0.0,0.0,0.0,0.0,0.0,0.0,0.0,0.0,1.0,1.0,0.0,0.0,0.1111111111111111,0.0,0.8888888888888888,1.0,0.0,0.0,0.5,0.0,0.2222222222222222,0.0,0.0,0.0,0.0,0.0,,,0.0,0.0,0.0,0.0,,,0.2777777777777778,0.0,0.1111111111111111,0.0,0.0,0.0,0.0,0.0,0.0,0.0,0.0,0.0,0.0,0.0,0.0,0.0,0.0,0.0,0.0,0.0,0.0,0.0,0.0,0.0,0.0,0.0,0.0,0.0,0.0,0.0,0.0,0.0,0.0,0.0,0.0,0.0,0.0,0.0,30.444444444444443,28.0,8.833333333333334,7.0,2.388888888888889,2.0,1.3888888888888888,1.0,0.2222222222222222,0.0,1.7222222222222223,2.0,0.0,0.0,12.66388888888889,8.395,0.0,0.0,0.895,0.86,11.05777777777778,7.675000000000001,12.88222222222222,8.145,6.277777777777778,5.0,0.3945871103545966,0.4033898305084746,,,0.0,0.0,0.0,0.0,2.4444444444444446,2.0,1.8333333333333333,2.0,6.627222222222223,7.975,1.0555555555555556,1.0,0.0,0.0,0.0,0.0,7.027499999999999,7.545,0.5,0.0,0.5,0.0,0.16666666666666666,0.0,0.3888888888888889,0.0,0.5,0.0,0.0,0.2222222222222222,0.7222222222222222,0.3333333333333333,0.0,0.0,0.3888888888888889,0.1111111111111111,0.1111111111111111,0.1111111111111111,BIBLIOTECARIO,0.3333333333333333,BIBLIOTECARIO,0.3333333333333333,DIRECCIÓN DE SERVICIOS GENERALES,0.4444444444444444,LOSEP - LEY ORGANICA DE SERVICIO PUBLICO,0.7777777777777778,CT - CODIGO DE TRABAJO,0.6666666666666666,ADMINISTRATIVO,1.0,SIN_DATO,1.0,SIN_DATO,1.0,bachillerato,0.5555555555555556,SERVICIOS_GENERALES_OFICIOS,1.0,ADMINISTRATIVO,1.0,BIBLIOTECARIO,0.3333333333333333,DIRECCIÓN DE SERVICIOS GENERALES,0.4444444444444444,AUXILIAR_AYUDANTE_OPERATIVO,0.3888888888888889,SIN_DATO,0.6111111111111112,SIN_DATO,0.8888888888888888,SIN_DATO,1.0,SIN_DATO,1.0,SIN_DATO,1.0,SIN_DATO,1.0
11,778,31.42,1.93573264781491,2.0,0.2647814910025707,0.0,0.6362467866323908,1.0,1.0244215938303343,1.0,7.776349614395887,5.0,250.27471722365036,115.5,3.8046272493573263,2.0,3.874035989717224,2.0,1.736503856041131,0.0,1.212082262210797,0.0,68.2668380462725,0.0,0.13367609254498714,0.0,1.8746786632390746,0.0,9.953727506426736,0.0,1.2763496143958868,0.0,603.608560411311,0.0,178.05012853470436,0.0,17.416979166666668,10.684999999999999,6.383033419023136,2.0,4.854755784061696,2.0,5.4524421593830334,2.0,2.884318766066838,1.0,3053.3033419023136,1920.0,2.303341902313625,2.0,0.19794344473007713,0.0,0.6658097686375322,0.0,1.4395886889460154,1.0,0.10668380462724936,0.0,1.3354755784061696,1.0,0.8329048843187661,1.0,0.2120822622107969,0.0,7.733933161953727,0.0,90.07671111111112,91.18,209.02185089974293,0.0,188.39717223650385,0.0,0.9112591111111111,0.9231,0.5848329048843187,0.0,0.11439588688946016,0.0,0.037275064267352186,0.0,0.014138817480719794,0.0,1.3933161953727506,0.0,0.7917737789203085,0.0,0.6208226221079691,0.0,0.012853470437017995,0.0,0.02699228791773779,0.0,1.3727506426735219,0.0,0.5629820051413882,0.0,0.480719794344473,0.0,0.08226221079691516,0.0,0.0,0.0,1.0784061696658098,0.0,0.4897172236503856,0.0,0.030848329048843187,0.0,0.35861182519280205,0.0,0.15938303341902313,0.0,9.147814910025707,6.0,3.7133676092544987,2.0,2.3174807197943443,2.0,1.4832904884318765,1.0,0.7622107969151671,1.0,1.4562982005141387,1.0,2.1855141388174806,1.255,0.6584190231362468,0.0,1.1156812339331619,1.0,0.9251028277634962,1.0,2.5867737789203087,1.74,3.4480077120822625,2.27,1.6902313624678664,1.0,0.5017690528994928,0.5,867.9043281803006,800.0,0.47816944582988086,0.0,0.6117047516749295,0.3257363551481198,1.667095115681234,1.0,1.212082262210797,1.0,1.569280205655527,0.94,0.22236503856041132,0.0,0.10025706940874037,0.0,0.005141388174807198,0.0,5.84984962406015,6.55,0.02056555269922879,0.0,0.060411311053984576,0.0,0.042416452442159386,0.0,0.0,0.0,0.38174807197943444,0.02956298200514139,0.40616966580976865,0.2095115681233933,0.31233933161953725,0.8290488431876607,0.10025706940874037,0.005141388174807198,0.02056555269922879,0.042416452442159386,0.0,0.03984575835475578,TÉCNICO DE INVESTIGACIÓN 1 (TC),0.2352185089974293,TÉCNICO DE INVESTIGACIÓN 1 (TC),0.2480719794344473,DIRECCIÓN DE ADMISIONES,0.16452442159383032,LOES - LEY ORGANICA DE EDUCACION SUPERIOR,0.699228791773779,LOES - LEY ORGANICA DE EDUCACION SUPERIOR,0.8727506426735219,DOCENTE,0.8997429305912596,Tiempo Completo,0.9138817480719794,Tiempo Completo,0.929305912596401,cuarto_nivel,0.5308483290488432,TECNICO_DOCENTE_APOYO,1.0,DOCENTE,1.0,TÉCNICO DE INVESTIGACIÓN 1 (TC),0.2634961439588689,DIRECCIÓN DE ADMISIONES,0.19023136246786632,TECNICO_DOCENTE_APOYO,0.8316195372750642,SIN_DATO,0.9794344473007712,SIN_DATO,0.9575835475578406,SIN_DATO,0.9575835475578406,SIN_DATO,0.9575835475578406,SIN_DATO,0.9575835475578406,SIN_DATO,0.9575835475578406
12,182,7.35,1.8736263736263736,2.0,0.7307692307692307,1.0,0.21978021978021978,0.0,0.8956043956043956,1.0,6.093406593406593,3.0,209.08329670329672,57.0,2.901098901098901,1.0,3.098901098901099,1.0,1.2087912087912087,0.0,1.054945054945055,0.0,39.12967032967033,0.0,0.016483516483516484,0.0,0.24725274725274726,0.0,0.25274725274725274,0.0,0.02197802197802198,0.0,9.526538461538461,0.0,4.791208791208791,0.0,20.455,20.455,0.6373626373626373,0.0,0.4945054945054945,0.0,0.5164835164835165,0.0,0.2857142857142857,0.0,228.6098901098901,0.0,1.7032967032967032,1.0,0.038461538461538464,0.0,0.5714285714285714,0.0,1.0934065934065933,0.0,0.005494505494505495,0.0,1.0494505494505495,1.0,0.6043956043956044,1.0,0.10989010989010989,0.0,0.14285714285714285,0.0,91.73500000000001,90.91,32.2032967032967,0.0,27.054945054945055,0.0,0.8425333333333334,0.8433999999999999,0.26373626373626374,0.0,0.038461538461538464,0.0,0.23076923076923078,0.0,0.038461538461538464,0.0,0.46153846153846156,0.0,0.16483516483516483,0.0,0.2967032967032967,0.0,0.005494505494505495,0.0,0.0,0.0,0.45604395604395603,0.0,0.0,0.0,0.0,0.0,0.0,0.0,0.0,0.0,0.3076923076923077,0.0,0.13736263736263737,0.0,0.02197802197802198,0.0,0.1043956043956044,0.0,0.027472527472527472,0.0,5.412087912087912,3.0,3.0549450549450547,2.0,1.945054945054945,2.0,1.4505494505494505,1.0,0.23626373626373626,0.0,1.0769230769230769,1.0,0.11362637362637362,0.0,2.58456043956044,0.98,0.0989010989010989,0.0,0.9407692307692308,1.0,2.526978021978022,0.99,3.652967032967033,1.5,2.758241758241758,1.0,0.47665877951646396,0.5,788.4091895284203,474.0,0.12063499753079351,0.0,0.14810626888244074,0.0,1.956043956043956,1.0,1.1373626373626373,1.0,0.7917582417582417,0.405,0.16483516483516483,0.0,0.005494505494505495,0.0,0.016483516483516484,0.0,7.902352941176471,8.69,0.01098901098901099,0.0,0.02197802197802198,0.0,0.016483516483516484,0.0,0.0,0.0,0.23076923076923078,0.0989010989010989,0.07692307692307693,0.22527472527472528,0.1043956043956044,0.9065934065934066,0.005494505494505495,0.016483516483516484,0.01098901098901099,0.016483516483516484,0.0,0.016483516483516484,TÉCNICOS ESPECIALIZADOS - EJECUCIÓN DE ACTIVIDADES,0.36813186813186816,TÉCNICOS ESPECIALIZADOS - EJECUCIÓN DE ACTIVIDADES,0.38461538461538464,DECANATO DE INVESTIGACIÓN,0.16483516483516483,CONTRATO CIVIL,0.9065934065934066,CONTRATO CIVIL,0.945054945054945,ADMINISTRATIVO,0.9560439560439561,SIN_DATO,0.9230769230769231,SIN_DATO,0.9230769230769231,tercer_nivel,0.6538461538461539,TECNICO_OPERATIVO_MANTENIMIENTO,1.0,ADMINISTRATIVO,1.0,TÉCNICOS ESPECIALIZADOS - EJECUCIÓN DE ACTIVIDADES,0.5494505494505495,DECANATO DE INVESTIGACIÓN,0.16483516483516483,TECNICO_OPERATIVO_MANTENIMIENTO,0.9120879120879121,SIN_DATO,0.989010989010989,SIN_DATO,0.9835164835164835,SIN_DATO,0.8516483516483516,SIN_DATO,0.8516483516483516,SIN_DATO,0.8516483516483516,SIN_DATO,0.8516483516483516
