IDPERSONA,CLUSTER_SEMANTICO
26,6
38,5
39,4
40,3
86,6
90,6
94,6
96,6
102,3
129,6
130,1
132,6
135,6
139,0
140,5
195,1
215,6
216,4
217,1
228,1
229,8
231,1
244,5
256,7
266,6
274,1
315,6
398,6
414,1
419,6
425,6
452,5
489,3
492,7
519,0
529,6
541,7
568,8
592,6
594,0
597,6
618,3
641,6
653,6
656,6
667,6
671,1
675,3
676,0
678,6
679,3
692,1
695,0
697,6
705,6
709,6
716,1
725,1
733,8
760,6
762,6
768,6
769,6
771,6
780,6
787,6
797,6
801,6
803,8
805,6
807,3
808,1
813,6
815,8
819,1
820,6
831,6
836,3
840,8
843,1
844,6
846,6
850,6
851,3
858,4
862,8
865,6
866,8
869,3
870,1
874,3
878,8
883,8
891,1
893,4
896,4
898,5
903,8
912,6
919,8
921,1
923,6
926,6
931,6
938,8
939,8
944,8
946,8
948,3
953,3
954,1
955,6
958,6
960,7
964,6
969,6
970,7
972,8
973,6
975,8
978,4
981,6
986,6
988,6
990,8
999,6
1000,8
1001,6
1003,6
1006,6
1010,1
1013,6
1014,4
1024,0
1032,8
1033,8
1038,6
1041,6
1043,6
1045,6
1052,8
1058,1
1060,5
1061,8
1063,6
1075,3
1086,6
1094,8
1097,6
1098,6
1101,6
1108,6
1113,7
1116,4
1122,4
1123,8
1135,6
1140,8
1142,1
1145,6
1153,6
1154,1
1164,1
1168,8
1170,6
1176,6
1178,3
1180,8
1193,1
1201,8
1202,5
1205,1
1206,6
1211,6
1212,6
1213,1
1216,3
1219,1
1220,6
1221,0
1225,8
1229,8
1230,3
1231,3
1232,6
1235,1
1246,1
1247,6
1252,6
1255,8
1262,6
1268,8
1277,6
1278,8
1295,8
1298,7
1308,3
1315,1
1322,1
1329,8
1335,6
1339,6
1340,8
1349,1
1354,8
1360,6
1363,1
1364,1
1372,7
1373,6
1375,6
1385,8
1400,6
1402,8
1411,6
1419,0
1421,6
1424,1
1426,6
1430,1
1433,1
1440,0
1444,1
1447,7
1451,1
1457,1
1460,3
1472,6
1476,8
1478,1
1485,8
1496,1
1517,6
1526,6
1527,6
1530,8
1533,7
1534,8
1546,1
1550,1
1553,6
1554,8
1555,8
1557,1
1569,1
1571,0
1576,1
1577,6
1579,0
1583,1
1586,6
1593,5
1595,0
1597,8
1598,8
1601,3
1606,6
1614,6
1616,8
1628,8
1644,8
1657,6
1660,5
1662,3
1668,6
1670,6
1673,0
1674,6
1676,8
1681,6
1687,0
1688,3
1689,6
1697,6
1701,1
1706,6
1728,3
1730,7
1741,1
1742,3
1750,0
1752,8
1760,6
1761,0
1787,8
1790,8
1794,8
1797,6
1812,3
1833,5
1842,8
1848,6
1857,6
1877,6
1878,1
1885,1
1888,1
1889,6
1890,8
1891,1
1903,3
1911,8
1933,6
1935,6
1941,1
1945,8
1947,6
1948,0
1961,3
1971,6
1977,6
1979,1
1991,6
2006,3
2008,6
2019,7
2022,8
2031,1
2036,5
2045,8
2049,1
2051,3
2052,1
2058,1
2067,6
2069,1
2081,1
2097,1
2098,6
2103,1
2105,8
2125,6
2137,3
2146,1
2147,6
2152,6
2161,3
2167,1
2178,6
2194,6
2196,7
2200,6
2201,5
2203,3
2204,1
2208,1
2216,7
2237,8
2280,3
2283,3
2293,1
2297,8
2299,5
2308,1
2312,6
2350,8
2355,4
2370,8
2378,8
2380,6
2382,0
2390,6
2391,8
2419,6
2431,5
2455,6
2456,7
2469,1
2487,7
2498,1
2516,6
2524,1
2535,8
2544,1
2546,3
2562,8
2567,7
2569,1
2584,0
2593,2
2600,3
2608,5
2612,8
2626,8
2637,1
2638,1
2651,6
2655,5
2657,1
2663,6
2670,0
2693,8
2696,6
2701,3
2704,8
2710,5
2735,8
2748,6
2753,3
2755,1
2803,1
2814,2
2815,5
2823,1
2824,3
2830,6
2834,1
2843,8
2844,3
2846,8
2850,1
2857,8
2888,8
2904,8
2928,0
2930,7
2950,1
2957,8
2962,8
2966,5
3000,8
3015,1
3017,7
3025,2
3051,7
3057,6
3060,5
3078,1
3079,0
3082,0
3088,8
3093,3
3095,7
3097,6
3108,8
3113,4
3130,6
3131,1
3160,6
3165,3
3167,4
3198,1
3201,0
3208,3
3218,6
3235,7
3246,1
3247,1
3255,6
3275,6
3280,6
3286,3
3303,5
3309,6
3310,6
3312,6
3313,3
3324,5
3326,6
3333,3
3342,6
3356,0
3373,0
3380,1
3403,8
3436,7
3439,1
3445,8
3454,6
3455,5
3465,8
3466,6
3467,8
3471,6
3474,0
3491,1
3492,6
3497,7
3503,1
3519,6
3520,0
3541,3
3578,1
3581,0
3587,8
3592,3
3593,6
3596,3
3600,6
3612,6
3619,6
3634,6
3651,3
3659,1
3678,5
3680,5
3683,1
3685,1
3724,3
3725,6
3727,1
3728,3
3729,6
3731,8
3732,6
3734,8
3735,8
3738,6
3740,6
3757,0
3758,8
3760,1
3765,6
3771,8
3773,3
3774,3
3775,6
3776,7
3777,1
3783,1
3788,1
3792,8
3796,1
3800,6
3801,1
3802,8
3807,1
3808,8
3810,6
3811,1
3814,8
3818,8
3820,1
3821,5
3829,1
3962,5
3973,1
3987,3
3990,7
4001,3
4024,3
4029,6
4036,1
4062,7
4067,5
4075,6
4082,1
4100,3
4103,3
4107,8
4109,5
4128,4
4134,4
4135,6
4145,6
4163,8
4199,3
4225,0
4231,1
4233,1
4242,1
4267,6
4273,6
4279,1
4294,8
4296,6
4300,3
4329,1
4330,7
4336,4
4337,3
4342,6
4343,1
4348,0
4353,1
4383,3
4389,8
4395,3
4401,1
4427,0
4444,8
4466,6
4488,4
4490,6
4500,4
4512,1
4527,1
4556,0
4560,1
4584,8
4627,6
4635,1
4667,3
4675,1
4700,7
4707,1
4714,1
4718,5
4736,5
4742,8
4776,3
4819,8
4829,1
4830,8
4835,1
4860,1
4871,8
4894,5
4901,5
4924,1
4960,8
4971,1
5027,6
5087,5
5185,5
5280,8
5290,1
5307,1
5323,3
5325,6
5336,6
5337,6
5339,1
5356,1
5361,1
5371,1
5388,5
5417,3
5422,8
5436,6
5460,6
5474,5
5478,4
5515,5
5522,5
5559,8
5561,8
5573,3
5583,5
5588,1
5590,1
5592,0
5601,5
5607,5
5616,2
5653,6
5821,7
5831,5
5847,0
6056,1
6120,7
6127,3
6160,3
6163,7
6241,1
6364,4
6810,3
6811,5
6847,6
6870,6
6939,1
6992,6
7125,8
7179,4
7197,4
7232,5
7265,4
7281,3
7308,5
7351,1
7374,3
7389,1
7416,3
7419,3
7443,3
7711,0
7726,3
7772,0
7809,8
7933,5
7934,4
7965,8
8024,7
8052,0
8120,6
8244,8
8293,3
8301,1
8327,6
8331,6
8335,5
8403,5
8433,1
8441,2
8442,1
8446,6
8457,1
8497,1
8530,6
8558,8
8588,4
8666,1
8757,1
8762,2
8766,1
8850,0
8884,3
8941,8
8975,3
9006,3
9029,1
9035,5
9189,8
9196,8
9326,8
9345,7
9416,7
9457,3
9465,6
9510,1
9589,0
9640,8
9654,3
9693,1
9715,2
9728,1
9750,0
9767,0
9816,1
9834,8
9855,1
9912,1
9936,3
10023,7
10059,3
10093,7
10130,6
10133,8
10136,3
10157,1
10191,3
10248,1
10271,8
10308,0
10352,1
10441,3
10447,7
10487,8
10493,8
10531,8
10597,3
10646,5
10864,7
10941,1
10946,3
11053,3
11174,7
11220,8
11234,1
11243,1
11351,3
11354,8
11509,6
11841,0
11851,3
11859,1
11865,3
11880,8
11918,1
12371,2
12394,5
12403,3
12405,3
12411,3
12422,6
12471,8
12487,8
12509,0
12725,5
12781,3
12880,1
12899,8
12900,6
13040,1
13055,1
13135,8
13170,8
13325,6
13326,1
13351,8
13505,7
13514,7
13532,6
13551,4
13566,1
13660,6
13663,4
13674,3
13703,6
13705,6
13708,6
13756,5
13779,6
13801,3
13826,6
13838,8
13863,4
13876,5
13879,8
13895,3
13897,8
13901,0
13922,8
13929,7
13956,5
13971,8
13994,1
14004,1
14022,5
14060,1
14080,6
14089,1
14091,8
14093,7
14097,8
14113,3
14116,5
14147,1
14153,1
14155,1
14164,7
14171,7
14178,5
14179,3
14185,3
14216,1
14227,7
14258,8
14261,1
14264,1
14309,6
14321,7
14328,8
14333,5
14340,3
14361,3
14390,1
14397,2
14464,3
14465,1
14489,3
14491,0
14497,3
14501,7
14522,0
14547,3
14613,6
14617,6
14623,5
14627,3
14628,6
14710,8
15548,4
15674,0
17054,6
17123,2
17519,1
18327,3
19999,7
20698,6
21004,3
21436,6
21772,6
21816,6
21845,6
21907,5
22124,4
22230,1
22233,3
22250,3
22321,1
22473,7
22630,4
22783,6
22802,7
22917,8
23468,6
23552,1
23638,3
23825,4
23850,4
23942,4
24059,4
24170,4
24479,5
24485,4
24526,3
24701,5
25068,3
25170,5
25190,1
25259,1
25565,6
25644,0
25763,2
25856,6
25989,1
26171,1
26207,8
26237,7
26655,6
26740,5
27203,3
27278,0
27736,6
27983,7
28061,6
28279,7
28660,1
28957,3
29032,7
29216,1
29289,6
29357,3
29498,5
29537,1
29657,0
29773,0
30219,1
30390,6
30492,3
30568,7
30674,1
30710,1
31176,1
31223,0
32178,1
33010,5
33100,5
33507,7
33699,1
33872,1
34097,0
34580,7
34920,7
34979,4
35095,1
35262,3
35373,7
35420,0
35472,3
35698,4
36033,1
36519,7
36586,1
37082,3
37182,1
37198,3
37842,1
37954,1
38124,0
38237,8
38281,3
38282,1
38312,7
38514,8
38831,8
38858,1
38996,1
39214,6
39215,8
39413,3
39450,1
40081,8
40210,5
40260,0
40499,1
40968,7
41004,1
41300,8
41305,8
41411,3
41494,1
41626,1
41644,1
41765,0
41852,8
42290,1
42359,7
42800,1
42861,1
42893,4
43101,1
43144,1
43224,1
43587,1
43625,8
43817,8
44046,4
44113,8
44205,1
44455,6
44496,1
44538,1
44685,8
44745,5
44859,3
44884,1
44927,1
45059,1
45313,4
45394,4
46306,1
46469,7
46564,5
46658,1
46684,6
46760,2
46826,1
46831,7
46845,7
46907,8
47061,1
47205,0
47478,5
47521,1
47677,2
48405,1
48428,4
48584,1
48755,5
48828,0
48840,5
48841,7
48885,1
48938,6
48952,7
48972,0
49390,6
49404,1
49500,3
49650,1
49657,1
49789,1
49839,7
49869,2
49926,7
50023,8
50030,8
50103,1
50416,3
50463,6
50529,0
50544,1
50796,8
51025,1
51050,1
51159,1
51163,0
51177,3
51195,1
51212,1
51232,8
51391,6
51414,7
51418,1
51539,1
51595,1
51681,1
51716,7
51737,4
51775,7
51880,3
51960,8
52004,1
52227,1
52365,3
52751,7
52752,1
52852,3
52873,3
52916,2
52935,8
52946,7
52953,1
53007,4
53020,7
53126,1
53130,7
53142,7
53156,7
53238,6
53239,3
53345,1
53351,4
53353,7
53355,1
53361,1
53513,0
53554,2
53697,6
53811,3
53814,5
53840,7
53856,3
53860,5
53888,5
53915,7
53935,7
54091,1
54155,6
54246,4
54358,7
54460,7
54568,5
54577,5
54603,1
54699,7
54701,1
54706,1
54744,3
54761,1
54841,5
54845,1
54860,8
55101,3
55104,1
55173,8
55230,1
55325,4
55492,4
55611,7
55666,1
55699,3
55731,1
55735,6
55753,3
55772,8
55814,3
55817,6
55819,8
56062,4
56109,0
56148,0
56170,3
56180,1
56189,1
56233,1
56277,6
56393,7
56408,5
56412,2
56413,1
56415,3
56426,6
56431,8
56529,1
56532,8
56538,4
56565,3
56567,3
56607,1
56628,3
56639,1
56680,5
56743,5
56796,6
56798,3
56809,1
56825,8
56893,8
56935,2
56959,8
56978,7
57012,8
57062,3
57074,5
57135,2
57143,1
57181,1
57199,3
57204,1
57365,1
57381,3
57394,3
57406,3
57503,1
57573,8
57586,8
57640,8
57642,3
57652,1
57700,1
57729,2
57815,0
57817,7
57930,6
57960,7
58108,7
58137,2
58143,4
58154,3
58297,3
58345,8
58382,7
58429,8
58491,8
58517,8
58595,5
58609,3
58621,8
58627,3
58629,3
58645,1
58670,7
58710,1
58711,5
58749,1
58795,3
58818,0
58819,3
58823,8
58841,7
58867,7
58898,1
58915,5
58939,8
58968,6
59059,5
59104,5
59110,7
59151,5
59177,1
59216,3
59217,3
59225,1
59234,3
59237,5
59239,5
59277,8
59450,8
59468,7
59484,3
59495,6
59524,8
59525,5
59557,1
59660,3
59670,3
59691,1
59752,8
59754,2
59774,8
59788,8
59794,3
59818,5
59822,1
59829,7
59834,0
59852,8
59853,1
59904,6
59955,1
59958,1
59964,3
59966,7
59980,7
59988,6
60020,5
60112,7
60114,3
60168,7
60187,7
60260,1
60263,5
60306,3
60347,3
60381,6
60382,7
60402,7
60408,2
60474,1
60511,6
60559,3
60619,3
60638,1
60687,4
60719,8
60737,1
60838,1
61032,5
61041,5
61079,8
61199,1
61229,6
61323,8
61359,6
61592,8
61593,8
61594,8
61595,8
61634,8
61664,1
61700,6
61751,5
61775,5
61948,1
63189,8
64234,0
64241,8
64242,0
64414,8
64417,3
64483,3
64647,3
64657,5
64903,5
65177,4
65182,6
65191,1
65192,1
65357,1
65359,3
65363,1
65364,3
65367,6
65378,1
65380,1
65520,8
65521,1
65530,7
65560,7
65565,8
65745,3
65828,1
65898,7
65904,8
65944,7
66011,7
66025,1
66037,3
66041,1
66062,7
66078,6
66149,6
66174,1
66177,5
66201,2
66205,4
66209,6
66284,1
66290,4
66304,1
66315,1
66546,8
66602,8
66660,5
66819,1
66836,1
66837,4
66966,1
66974,1
67008,5
67133,8
67497,5
67520,4
67720,3
67737,3
67810,8
67845,5
67848,5
67869,5
67874,3
67973,1
68084,5
68186,1
68191,1
68232,1
68247,7
68319,8
68354,3
68616,8
68741,4
68801,8
69235,1
69247,8
69419,4
69756,8
69846,2
70235,8
70475,7
70512,8
70986,4
71002,7
71027,8
71044,1
71557,8
72101,1
72297,1
72321,2
73369,5
73384,7
73396,6
73399,3
73422,6
73427,1
73466,8
73485,5
73495,3
73498,5
73504,1
73526,8
73533,8
73548,6
73562,1
73563,1
73569,5
73609,3
73618,8
73639,8
73646,8
73677,8
73683,8
73715,3
73724,1
73742,8
73753,7
73763,5
73767,4
73782,7
73790,5
73799,1
73803,5
73830,2
73831,2
73833,1
73836,7
73837,1
74102,7
74154,4
74185,1
74205,5
74221,2
74257,1
74261,1
74288,1
74289,7
74334,2
74389,4
74410,4
74424,4
74517,8
74967,6
75199,7
75537,5
75543,3
75561,8
75576,5
75611,7
75616,7
75635,1
75667,7
75684,2
75696,7
75698,5
75701,7
75709,1
75712,7
75723,2
75738,3
75739,2
75747,7
75750,5
75751,1
75755,5
75790,7
75799,3
75804,3
75823,7
75838,1
75852,7
75859,7
75860,3
75870,7
75889,7
75946,1
75961,5
75964,7
75998,3
76024,5
76043,3
76063,3
76065,7
76069,5
76072,3
76092,5
76093,3
76094,2
76104,2
76115,7
76127,3
76209,4
76217,1
76218,1
76434,0
76446,8
76592,8
76682,0
76778,1
76886,0
77000,8
77007,3
77055,4
77078,0
77108,6
77113,0
77158,7
77233,8
77277,4
77389,5
77401,3
77511,1
77512,1
77528,3
77558,8
77575,3
77628,5
77629,3
77663,2
77679,3
77712,5
77720,7
77727,7
77734,5
77740,7
77764,5
77788,1
77803,1
77826,1
77835,5
77854,2
77855,2
77881,4
77897,4
77927,7
77935,7
77940,7
77974,2
77994,7
78002,1
78035,7
78066,3
78071,4
78086,5
78101,7
78121,2
78135,8
78220,1
78260,2
78305,2
78308,1
78314,1
78338,4
78357,5
78381,2
78384,4
78431,4
78432,5
78450,4
78471,7
78479,7
78499,5
78513,7
78520,7
78528,2
78543,7
78638,7
78656,3
78668,3
78685,5
78701,8
78729,7
78731,3
78761,5
78762,7
78781,1
78866,3
78867,1
78898,3
78953,8
78961,0
78970,8
79972,8
80018,4
80019,8
80032,3
80194,7
80200,5
80206,1
80210,8
80235,1
80283,8
80316,3
80318,5
80858,8
80918,3
80991,7
81013,0
81016,8
81019,0
81163,0
81202,7
81218,4
81247,1
81254,0
81260,0
81391,8
81396,8
81409,0
81435,4
81436,0
81645,4
81646,8
81647,0
81668,8
81684,7
81761,1
81832,1
82037,8
82056,8
82137,7
82478,1
82483,1
82497,7
82500,7
82513,7
83284,8
83678,8
84005,8
85583,8
86407,5
86475,7
86476,8
86494,3
86548,8
87496,8
90113,1
90756,0
90825,4
90850,0
90862,8
91014,3
91509,7
91688,4
94437,3
94835,8
94929,8
95249,0
95251,8
95270,0
95278,3
95335,5
95409,0
95471,5
95473,8
95480,2
95491,8
95498,3
95506,1
95516,6
95517,1
95523,8
95527,8
95538,8
95539,1
95540,7
95541,7
95545,8
95548,8
95549,7
95564,3
95565,3
95575,1
95580,5
95586,5
95600,8
95603,8
95607,6
95633,5
95652,7
95657,7
95675,7
95677,7
95687,2
95689,3
95712,8
95732,7
95746,7
95751,3
95763,7
95770,1
95787,1
95791,7
95807,7
95813,7
95830,7
95870,1
95878,7
95911,5
95923,5
95957,7
95965,5
95980,2
95985,1
95988,2
95991,4
96023,1
96029,4
96034,1
96041,7
96042,2
96048,7
96050,7
96064,2
96137,5
96145,3
96166,1
96168,7
96172,4
96198,2
96208,2
96213,7
96225,4
96232,1
96244,7
96280,4
96289,8
96298,3
96309,8
96315,1
96324,7
96345,5
96391,7
96448,6
96462,8
96491,4
96499,5
96556,1
96570,2
96574,4
96607,5
96618,3
96625,2
96626,7
96660,2
96672,2
96706,7
96707,3
96713,2
96742,7
96832,7
96833,4
96841,7
96852,1
96856,6
96863,7
96867,5
96869,2
96877,5
96900,2
96905,5
96906,5
96924,5
96954,1
96958,1
97002,8
97011,7
97017,7
97022,7
97024,2
97029,7
97037,3
97056,2
97077,2
97130,1
97137,5
97138,7
97139,5
97140,5
97144,4
97145,7
97155,3
97158,3
97195,5
97239,4
97254,2
97298,7
97299,7
97328,5
97362,3
97379,2
97410,2
97455,6
97461,6
97463,3
97465,1
97468,3
97469,0
97471,1
97472,1
97473,3
97486,3
97530,5
97553,4
97562,3
97565,0
97570,5
97577,6
97589,4
97601,8
97602,6
97637,4
97647,5
97654,0
97664,3
97667,8
97668,7
97687,5
97703,3
97706,8
97741,8
97762,8
97773,8
97829,7
97836,8
97845,1
97846,1
97853,7
97876,2
97894,7
97926,7
97928,1
97929,3
97933,2
97998,0
98026,8
98030,1
98034,3
98037,5
98038,5
98040,5
98044,7
98053,1
98113,2
98201,1
98214,4
98233,7
98256,1
98296,8
98297,4
98299,4
98307,8
98308,4
98309,4
98310,8
98311,2
98340,3
98342,3
98344,7
98357,5
98369,7
98372,7
98376,7
98380,7
98398,7
98413,7
98417,1
98433,5
98467,2
98468,2
98473,7
98482,1
98489,7
98490,7
98513,4
98536,2
98544,4
98581,5
98590,7
98610,5
98657,2
98678,2
98684,7
98686,5
98706,1
98728,7
98732,1
98757,5
98780,7
98826,4
98828,2
98838,5
98842,7
98851,7
98855,7
98856,7
98892,7
98896,4
98923,8
98935,6
98936,1
98950,6
98956,8
98960,8
98962,6
98963,8
98964,6
98966,5
98967,6
98968,4
98969,6
98970,6
98971,8
98972,4
98973,6
98974,6
98980,6
98983,4
98984,8
98998,0
99033,5
99043,3
99083,3
99100,2
99102,7
99110,1
99124,2
99136,2
99138,2
99141,7
99143,1
99225,7
99249,7
99267,3
99308,5
99419,2
99442,7
99588,2
99596,8
99686,7
99718,2
99736,1
99772,7
99852,1
99869,2
99877,2
99883,7
99887,5
99944,3
99956,4
99983,4
100016,2
100055,1
100136,7
100228,5
100259,4
100262,4
100276,7
100304,2
100334,2
100423,2
100424,5
100427,5
100434,3
100437,2
100450,7
100470,3
100471,3
100484,5
100490,2
100518,7
100523,2
100555,2
100573,7
100591,7
100592,1
100664,5
100675,1
100682,5
100696,2
100717,4
100722,5
100723,4
100730,1
100731,5
100792,3
100801,1
100940,5
101041,1
101161,4
101188,7
101231,0
101233,5
101234,8
101236,8
101237,8
101243,2
101244,8
101247,1
101253,8
101265,1
101268,8
101281,1
101290,2
101297,7
101329,5
101371,7
101480,2
101545,4
101628,3
101818,4
101883,2
101896,2
102030,4
102035,7
102049,1
102074,7
102079,8
102083,0
102085,8
102302,8
102314,7
102363,4
102374,8
102420,4
102448,8
102449,8
102504,1
102508,5
102509,7
102518,3
102520,7
102524,3
102526,3
102559,5
102560,2
102572,7
102575,5
102576,7
102577,2
102594,7
102604,2
102634,7
102641,7
102644,7
102655,2
102656,2
102662,7
102665,7
102668,2
102670,1
102674,2
102677,7
102688,2
102747,7
102753,7
102812,2
102901,2
102915,5
102919,4
102964,1
102965,8
102966,5
102968,1
102970,6
102971,5
102974,1
102988,7
103007,2
103016,2
103051,2
103052,7
103060,3
103076,7
103094,1
103095,5
103096,1
103109,6
103128,5
103135,1
103141,3
103143,6
103174,6
103178,6
103189,8
103193,8
103195,3
103196,3
103211,8
103213,4
103214,4
103215,8
103216,4
103218,4
103220,4
103221,8
103229,4
103230,5
103252,1
103260,3
103262,8
103264,4
152512,3
449460,6
455667,6
480354,1
550294,4
552319,8
574968,6
634473,4
634492,1
634493,7
634521,3
634530,1
634579,7
634587,1
634588,7
634593,1
634600,1
634614,8
634625,5
634645,1
634661,1
634684,4
634709,6
634728,5
634748,4
634762,5
634773,2
634789,7
634797,1
634800,6
634801,5
635447,5
635587,8
635845,5
636036,4
636088,6
637327,6
637706,6
638396,8
638404,8
638442,5
638474,1
638476,5
638504,1
638513,1
638554,3
638611,7
638638,7
638661,2
638725,7
638745,4
638753,4
638781,4
638813,5
638903,4
638919,5
638921,5
638933,7
638937,3
638941,3
638950,3
639024,5
639046,2
639057,2
639058,1
639176,3
639198,1
639200,7
639213,7
639241,1
639243,5
639250,5
639257,5
639269,5
639300,3
639304,7
639307,1
639308,3
639356,7
639423,7
639425,3
639454,8
639460,2
639481,5
639500,5
639501,1
639518,8
639558,4
639790,8
639791,5
639811,8
639834,8
639835,8
640644,8
641237,6
642021,8
642062,1
642071,1
642094,4
642127,6
642192,1
642219,1
642234,7
642252,1
642311,1
642325,5
642330,2
642360,7
642382,7
642402,1
642403,5
642404,1
642424,1
642433,5
642558,8
642590,7
642599,6
642649,6
642708,1
642759,5
642784,8
642847,8
642861,4
642871,3
642876,3
642880,5
642905,7
642958,7
642966,3
642985,1
643034,7
643053,4
643054,7
643058,3
643061,5
643117,1
643166,1
643195,4
643204,7
643247,5
643248,5
643299,4
643304,3
643308,1
643309,1
643312,1
643321,7
643322,3
643333,7
643337,4
643351,2
643361,5
643377,2
643378,1
643396,5
643421,1
643445,7
643480,6
643498,1
643519,4
643537,7
643562,1
643578,2
643587,5
643645,5
643647,1
643656,3
643699,1
643704,4
643705,1
643715,2
643723,1
643726,1
643742,1
643773,2
643789,3
643819,7
643873,8
643899,6
643995,2
644047,1
644132,8
644133,5
644134,5
644141,7
644153,1
644158,1
644211,2
644262,3
644281,7
644298,7
644312,2
644316,7
644365,5
644368,8
644382,3
644384,7
644387,5
644388,3
644399,7
644406,5
644440,1
644484,2
644496,5
644500,5
644515,5
644516,1
644521,5
644526,1
644527,5
644530,1
644571,1
644579,2
644606,1
644623,3
644630,1
644698,3
644781,8
644946,2
645005,5
645089,2
645105,2
645138,4
645142,2
645153,5
645159,5
645202,7
645203,7
645207,7
645214,5
645261,5
645277,3
645293,7
645317,2
645372,7
645395,2
645433,4
645468,1
645471,7
645513,1
645542,5
645553,2
645561,3
645591,2
645597,5
645627,1
645686,7
645689,6
645695,3
645700,8
645722,1
645724,6
645785,8
645794,3
645801,1
645829,3
645867,4
645940,3
645943,8
645949,4
645953,1
645979,7
645992,4
646025,1
646043,1
646044,7
646055,1
646111,5
646135,7
646173,4
646191,4
646192,3
646196,3
646202,5
646220,1
646222,1
646256,2
646262,4
646364,1
646401,7
646410,7
646418,3
646519,7
646521,7
646525,5
646567,5
646695,5
646717,1
646749,5
646751,2
646776,4
646785,2
646794,7
646835,5
646869,4
646881,2
646891,7
646897,7
646990,0
647000,5
647012,8
647015,4
647036,1
647047,8
647105,1
647120,8
647234,5
647308,3
647358,6
647364,5
647432,8
647467,7
647469,6
647470,8
647473,5
647524,4
647525,4
647555,1
647592,8
647619,4
647678,5
647711,7
647734,2
647747,7
647788,7
647795,7
647813,2
647831,1
647862,2
647873,2
647955,1
647956,5
647957,2
647968,2
648005,5
648036,5
648047,1
648076,5
648129,1
648214,4
648247,2
648262,5
648265,5
648267,5
648282,5
648427,5
648455,5
648513,3
648569,2
648615,6
648616,6
648617,3
648623,5
648638,3
648639,1
648642,8
648659,4
648667,1
648694,1
648710,3
648757,8
648765,5
648775,2
648778,5
648810,2
648841,5
648866,1
648983,8
649043,8
649047,6
649060,8
649137,8
649148,6
649184,6
649206,3
649207,3
649224,0
649239,6
649245,6
649250,5
649255,7
649260,6
649266,8
649282,1
649294,6
649313,8
649335,1
649338,1
649359,3
649373,1
649377,1
649383,7
649396,2
649398,7
649411,5
649436,1
649460,7
649470,7
649516,1
649573,3
649590,5
649592,5
649600,5
649602,2
649603,3
649629,7
649630,7
649631,2
649634,8
649635,5
649650,5
649656,7
649663,7
649708,7
649715,1
649778,3
649788,2
649825,1
649827,1
649829,2
649836,5
649875,1
649917,7
649920,4
649921,7
649959,5
649982,5
650090,7
650114,8
650129,7
650143,3
650158,4
650162,5
650168,3
650192,2
650194,8
650342,2
650462,1
650463,5
650482,7
650503,8
650508,0
650513,8
650523,8
650568,3
650613,2
650954,1
650956,8
650957,8
651029,8
651062,0
651067,8
651069,8
651097,5
651104,5
651108,6
651120,3
651128,1
651135,8
651142,8
651144,5
651206,5
651227,8
651268,3
651294,3
651295,1
651323,8
651324,8
651339,8
651346,5
651347,1
651350,6
651366,3
651367,0
651370,1
651372,5
651390,0
651451,5
651497,4
651513,3
651584,7
651665,7
651675,5
651680,8
651722,7
651729,2
651738,5
651745,7
651763,5
651799,2
651902,4
652047,7
652058,2
652072,2
652181,4
652275,2
652412,5
652450,2
652452,0
652462,3
652532,7
652543,1
652545,1
652546,1
652548,7
652557,1
652562,5
652563,3
652564,3
652579,3
652580,5
652582,3
652583,7
652588,7
652589,7
652590,2
652613,2
652624,7
652641,7
652655,2
652656,7
652665,2
652684,2
652704,4
652714,2
652724,1
652736,4
652759,3
652768,7
652796,7
652798,7
652800,7
652808,7
652810,4
652816,3
652823,2
652826,2
652839,5
652859,2
652874,0
652890,1
652898,5
652902,5
652917,8
652919,0
652921,8
652925,8
652934,5
652946,4
652947,4
652950,8
652951,4
652954,4
652976,3
652979,0
652981,0
652982,0
652983,0
652984,4
652988,0
652989,5
653004,8
653005,7
653007,1
653010,5
653075,8
653119,7
653183,2
653215,3
653506,0
653534,5
653545,7
653547,2
653585,7
653628,5
653651,2
653688,7
653690,1
653708,4
653764,4
653768,0
653770,1
653775,4
653777,8
653778,8
653803,8
653814,8
653815,8
653816,8
653827,4
653834,7
653835,8
653837,8
653852,1
653854,5
653856,0
653858,8
653884,3
653914,7
653985,5
654016,7
654017,7
654027,7
654077,7
654081,7
654082,7
654091,7
654103,4
654104,7
654107,3
654118,4
654129,4
654169,3
654191,1
654197,2
654221,2
654247,1
654250,5
654253,3
654262,1
654297,7
654322,4
654344,1
654349,8
654350,4
654351,4
654354,6
654355,1
654356,5
654357,5
654358,3
654359,5
654360,3
654361,5
654363,3
654364,5
654365,5
654370,3
654372,8
654374,1
654376,5
654379,3
654381,4
654387,3
654388,4
654392,3
654394,4
654401,7
654402,7
654407,3
654412,8
654428,4
654444,4
654445,4
654455,3
654456,7
654457,4
654462,4
654463,4
654465,4
654473,0
654489,7
654490,1
654507,4
654508,4
654509,7
654510,4
654511,8
654527,8
654542,4
654570,8
654574,8
654576,4
654580,4
654583,8
654588,8
654955,4
655235,2
655416,7
655447,2
655509,2
655515,7
655516,7
655517,7
655520,7
655522,7
655525,1
655538,7
655555,2
655569,7
655570,3
655588,2
655596,8
655624,2
655702,7
655729,5
655736,2
655747,4
655764,8
655773,7
655779,2
655925,7
655951,3
655963,5
655964,6
655974,3
655976,8
655982,1
655989,5
655992,0
655995,4
655996,4
655997,4
655998,4
656001,4
656002,1
656003,8
656004,8
656005,7
656007,0
656019,8
656022,4
656023,7
656027,4
656028,4
656039,7
656058,7
656130,7
656168,7
656194,1
656311,1
656459,7
656587,2
656651,1
656665,7
656697,4
656736,4
656754,8
656755,8
656757,0
656758,0
656759,0
656760,0
656761,0
656762,0
656763,5
656771,0
656773,0
656778,4
656781,4
656785,4
656787,0
656795,4
656796,4
656801,8
656803,0
656842,8
657152,8
657168,4
657319,7
657331,7
657354,3
657356,2
657386,1
657391,7
657449,7
657500,2
657523,2
658058,0
658070,7
658076,8
658119,0
658121,4
658122,4
658123,7
658124,4
658125,4
658126,4
658138,1
658141,1
658170,0
658171,0
658172,5
658200,1
658206,4
658207,0
658208,8
658319,7
658334,7
658348,4
658349,4
658351,5
658362,1
658363,3
658364,7
658365,5
658366,7
658367,4
658370,8
658371,5
658467,3
658478,7
658481,7
658560,3
658660,0
658661,0
658662,0
658663,4
658670,4
658674,1
658676,3
658678,8
658679,8
658681,4
658682,4
658684,4
658685,4
658687,8
658688,0
658689,8
658690,4
658694,8
658700,4
658704,8
658705,7
658706,5
658707,8
658710,0
658711,0
658712,0
658714,8
658716,8
658721,7
658725,4
659206,7
659207,0
659216,0
659263,2
659295,2
659311,7
659315,7
659325,7
659576,1
659580,4
659582,2
659583,4
659586,4
659590,8
659592,8
659596,5
659598,0
659599,0
659600,0
659601,0
659602,5
659603,0
659604,5
659606,0
659607,0
659609,0
659610,0
659612,4
659616,0
659617,0
659618,5
659619,4
659621,4
659622,4
659627,3
659628,4
659629,4
659643,4
659644,1
659645,7
659646,4
659649,4
659651,4
659652,4
659653,8
659660,8
659664,3
659665,1
659670,4
659672,5
659674,1
659678,3
659679,1
659680,5
659687,3
659690,7
659691,1
659692,1
659693,8
659696,4
659699,7
659728,7
659818,7
659820,4
659821,2
659822,5
659823,5
659824,4
660059,5
660310,3
660358,7
660643,8
660645,8
660646,0
660648,8
660649,4
660654,3
660655,4
660656,8
660657,4
660671,4
660675,2
660678,0
660682,4
660685,4
660688,8
660695,4
660696,8
660697,7
660699,0
660701,8
660707,4
660715,4
660716,8
660718,7
660719,4
660726,1
660727,5
660730,3
661047,7
661219,4
661227,7
661234,4
661261,7
661609,4
662018,5
662044,5
662057,0
662064,3
662067,4
662087,4
662102,0
662103,4
662109,1
662110,8
662113,8
662120,4
662124,8
662130,4
662138,4
662147,7
662149,4
662150,4
662157,5
662169,0
662170,4
662172,5
662173,7
662177,1
662180,0
662182,4
662183,7
662184,5
662185,0
662186,5
662189,0
662259,4
662436,8
662454,0
662461,0
662490,4
662496,8
662510,3
662511,4
662512,8
662514,0
662515,0
662522,8
662525,8
662673,7
662677,7
662678,8
662679,5
662684,5
662686,8
662687,8
662688,1
662694,3
662701,4
662706,4
662708,4
662709,4
662715,0
662717,5
662718,1
662720,0
662721,5
662765,3
662766,8
662771,1
662774,4
662808,8
662822,7
662829,8
662838,0
662844,8
662845,4
662846,8
662851,8
662854,4
662857,8
662863,8
662864,4
662865,8
663058,5
663105,8
663139,0
663923,7
663950,0
664061,8
664137,0
664176,7
664182,7
664272,4
664776,2
664867,7
664869,1
665043,7
665063,1
665145,1
665300,7
665316,5
665432,3
665621,4
666375,5
666633,7
667562,2
668010,7
668121,5
668132,5
668333,5
668363,5
668898,4
669374,0
669390,5
669476,7
669616,4
669691,7
669912,1
669913,3
671930,3
672911,7
672957,5
673473,5
673638,5
674171,8
674610,2
676557,7
677411,7
677434,7
677460,3
677461,5
677462,3
677508,5
678931,4
679555,5
683629,8
683638,4
683663,0
683699,7
683722,4
683741,4
683803,8
683807,4
683837,4
683848,7
683851,5
683862,4
