IDPERSONA,CLUSTER_K5
452,5
970,0
492,0
256,5
98983,0
3436,5
656762,0
654445,0
91509,0
6364,0
315,5
659616,0
489,0
651104,6
5522,1
274,2
81647,0
98950,5
95409,0
3439,5
266,4
519,0
38,5
5821,0
568,5
97530,3
656761,0
592,0
656787,0
81013,0
541,5
597,3
15674,0
652452,0
594,5
529,3
78781,5
101231,0
15548,0
81646,0
10308,0
654508,0
398,5
618,5
662103,0
425,0
645695,0
59059,1
414,5
419,3
641,5
97998,0
7772,0
654387,5
3445,0
215,3
3581,0
653,3
3303,0
3678,5
648616,5
716,3
3454,3
3578,3
648639,5
656,5
6847,2
3680,3
649047,5
3309,3
671,3
692,5
653010,3
3310,3
76434,0
709,3
39,0
6811,4
3757,0
725,2
216,4
3758,5
679,3
654574,0
662514,0
3587,5
13351,4
95270,0
86,3
6870,5
660646,0
69235,4
705,3
95516,2
6810,0
99083,5
40,5
217,3
66837,0
76446,0
3455,5
97455,1
98998,0
64234,0
17054,4
858,4
678,3
768,2
17123,0
650508,0
656051,0
653814,4
649338,5
95473,4
654457,0
3683,5
77401,2
820,5
12509,1
787,3
797,4
769,2
675,2
771,0
78953,5
95586,5
813,4
659649,0
659216,0
649294,5
780,2
831,4
5280,5
808,3
807,2
87496,0
843,3
658725,0
3760,3
805,3
819,3
801,3
844,3
6939,5
851,3
663139,1
95633,6
883,4
836,2
656771,0
3593,3
7179,0
862,4
662102,0
815,4
762,5
733,4
129,3
667,3
662708,0
803,0
97471,5
1583,3
6992,2
870,3
61594,4
869,3
656758,0
866,4
653856,0
3313,3
66660,5
3312,2
645724,3
874,5
676,0
946,4
647015,1
103141,5
846,2
878,4
840,4
697,2
3685,3
865,4
18327,3
656058,0
98973,3
896,0
1116,4
130,3
97468,2
652947,0
81409,0
654392,5
652874,0
898,3
891,4
5290,3
654360,2
948,0
3600,2
658170,0
1000,4
903,4
13660,5
98967,0
978,4
944,4
3255,2
893,4
637706,5
912,3
939,4
7281,2
760,3
1032,4
969,4
953,4
652988,0
656760,0
7197,4
653827,4
3467,4
975,4
13663,4
651451,0
954,3
81645,0
651346,3
90,4
3771,4
919,4
923,3
69247,4
7125,0
77113,0
102363,0
660655,0
98974,1
972,4
654361,5
938,4
659610,0
641237,2
656697,0
973,3
3465,4
103128,3
964,2
1033,4
921,3
636088,4
82037,0
656757,0
926,5
662709,0
3471,2
7443,2
1013,3
5325,3
3612,3
19999,4
931,2
96324,3
656039,0
1075,2
1061,4
659609,0
648615,5
643899,4
7351,3
1122,1
1038,3
97773,4
656004,1
20698,0
11865,6
659600,0
660701,0
132,5
1041,3
1060,3
1268,4
660719,0
645801,3
21004,5
5339,3
5336,2
662515,0
23638,1
695,0
1123,4
97463,2
656773,0
645829,5
95251,4
77108,0
13705,3
5337,2
1108,3
1202,3
1170,3
7374,2
449460,0
22250,5
850,3
1086,3
651295,3
654462,0
97741,1
7711,0
659207,0
67497,5
660656,0
1255,4
98969,1
1006,3
1045,3
655976,1
21436,0
1212,3
1043,2
8331,4
22630,0
1180,4
3774,3
3326,2
3777,3
1164,3
1014,0
1168,4
1229,4
3275,2
67848,4
5323,5
22321,3
95549,4
64242,1
22124,0
7809,4
96280,0
652981,0
652946,0
1145,5
640644,4
98980,4
7726,3
1094,5
1247,4
656759,0
1153,3
1176,3
98966,3
1219,5
21772,2
653215,0
1001,2
23825,0
102085,4
5307,5
11509,3
658662,0
95607,5
3466,3
97637,4
455667,0
1205,4
103189,1
21907,5
135,5
7389,5
1246,3
90756,0
22230,5
102302,0
11220,0
651135,4
658124,0
101244,0
651062,0
662138,0
1232,2
3592,5
22802,1
3727,3
97565,0
22233,3
3619,2
96448,1
1375,4
101041,1
662182,0
981,2
1400,3
95565,2
1231,3
658704,1
1101,3
61664,3
659602,0
654364,5
660726,3
649239,2
662684,5
94,2
1140,4
669913,2
652582,5
27983,0
22473,1
654510,0
651324,4
1402,4
8052,0
8244,4
662687,0
1372,4
659627,5
1457,4
7265,0
3829,3
1364,5
22917,0
1360,2
3724,2
1308,3
59177,3
5831,5
5361,2
103195,2
658712,0
13135,0
23468,0
64241,0
98968,0
663950,0
98972,0
1476,4
1485,4
654588,0
658685,0
988,2
659651,0
22783,4
11234,5
67869,4
658689,0
29289,2
1472,2
98026,0
1335,3
652564,0
23552,2
23942,0
1230,2
24170,0
8558,4
81019,1
1373,3
658681,0
1530,4
7308,2
662845,0
662838,0
651120,2
644047,5
76592,0
8335,6
649245,2
1211,2
24059,0
652983,0
1225,4
1135,2
658661,0
662057,0
1533,5
49404,4
654374,5
5356,2
658058,0
652950,1
78867,5
100792,2
3765,5
102074,4
1278,4
40081,4
652951,0
12471,4
1411,2
66966,5
8757,1
1644,4
77078,0
1220,2
1614,3
1586,2
8446,4
13703,4
25068,5
659618,0
1277,5
1339,2
1579,0
1354,4
1555,4
98040,3
1063,3
6056,2
11841,0
652580,5
1385,4
653834,0
70512,5
102966,3
649313,4
999,2
662454,0
61751,5
96499,2
652579,2
1598,4
103196,5
1517,3
1154,3
653764,0
1298,0
3728,2
1216,2
1554,4
103135,3
76209,0
23850,0
662186,0
651108,2
26,2
654570,1
651097,0
13708,2
7416,1
95249,0
103260,5
102314,4
24485,0
61700,3
13756,3
3792,4
9326,4
11918,5
651323,4
3802,4
25856,3
1593,4
654388,0
1660,5
1193,2
24526,5
25644,0
26237,1
1201,0
24701,0
96315,5
3342,3
659603,0
1794,4
3333,2
8403,5
5653,3
25565,3
1668,3
654359,5
3491,2
1426,3
3492,2
152512,2
25170,3
77233,0
1577,2
656778,0
662721,5
9189,4
1706,5
96298,2
1606,3
652982,0
101253,1
659619,0
13674,2
90850,0
26207,4
25190,1
82483,6
1424,2
8975,5
653768,0
64903,6
647047,4
3801,3
103193,1
645722,3
8530,1
5388,3
1315,2
645689,2
1349,3
1674,3
8293,0
1760,5
3497,4
13826,4
1662,2
1689,5
26171,3
652543,3
25989,1
658700,0
1797,2
3810,5
9035,5
25259,1
656842,0
78656,2
97602,5
8588,0
61592,4
1701,5
652976,1
649207,2
651390,0
25763,0
646990,0
1842,4
3280,3
81254,0
1206,4
86475,0
658351,0
683629,1
80918,5
1546,4
81260,0
8762,0
662130,0
1790,4
1657,5
1010,2
26655,3
76682,0
658707,0
656763,0
9006,0
3729,5
58491,4
27203,5
649266,0
97486,5
3247,3
662694,5
1058,3
9345,1
1670,2
32178,5
1024,0
1576,2
654357,5
5371,3
8666,2
662844,0
1741,5
1052,5
652557,5
660695,0
229,4
1697,5
27736,3
33507,1
1948,0
10133,4
80858,0
3808,4
102,5
658207,0
80206,3
9196,4
1889,5
1971,2
43817,4
4036,5
662701,0
8884,2
8766,3
102448,4
66836,3
26740,5
103230,6
96,2
1941,1
2069,2
659643,0
66602,4
1877,2
1945,1
9510,5
658714,1
3596,2
1526,2
1363,3
1628,4
8497,3
960,5
13801,2
81016,0
662189,0
231,4
100940,5
5847,0
642558,4
8301,5
654376,5
2051,2
2098,3
27278,0
657152,1
683803,1
1935,3
9589,0
97647,1
86548,4
648757,4
9715,0
9640,4
5185,5
654511,1
140,5
9416,0
639518,4
2097,4
64414,4
1991,4
658660,0
1496,3
97570,6
647470,4
29357,6
2036,5
647120,4
2081,2
1252,6
986,2
61593,4
1857,2
651339,4
1444,2
662169,0
649137,4
2167,5
2178,2
77158,0
1911,1
2031,4
2194,3
1888,3
1421,3
1440,0
9767,0
1979,3
29498,5
28061,3
9912,4
1550,3
3814,4
6127,1
1213,2
9936,2
1812,2
7419,2
658710,0
78866,2
1003,3
1553,3
14522,0
660699,0
2308,3
955,2
1097,3
1571,0
8441,1
2049,4
1947,3
2022,4
635587,4
1977,2
3738,2
34920,1
2312,3
8941,4
2280,2
958,5
9654,2
96462,0
13897,4
3776,4
13838,4
644132,4
29032,1
662087,0
102083,0
59151,5
28279,0
98984,4
9834,4
656459,0
8024,1
81436,0
103252,0
2137,2
28957,2
658208,1
9728,1
13779,2
1098,2
659606,0
660645,0
2161,2
1673,0
81218,0
2105,4
101247,5
30219,5
651370,5
139,0
2216,1
98038,2
64417,2
659206,0
2058,4
1742,2
644781,0
662180,0
3725,2
1447,0
645785,4
2391,4
8433,3
3811,3
2204,5
8442,3
5515,6
98309,4
650463,4
29216,5
11851,2
1340,0
652890,1
2146,4
1688,2
60559,3
2237,4
9029,1
98037,5
658172,0
10157,3
28660,3
58968,2
653777,0
2103,5
30710,1
1460,0
3732,5
2008,4
2208,3
67845,4
2455,4
76778,3
654428,0
2419,3
2370,4
8327,2
81163,0
660688,0
656796,0
102965,5
1527,4
1569,3
649184,2
2052,3
2200,5
2201,0
100228,3
10136,2
29657,0
30492,3
1728,5
13170,4
659670,0
10023,1
29537,3
665063,5
228,3
1681,2
29773,0
2544,4
30674,5
1262,3
66974,5
7934,0
97472,3
8850,0
30568,0
1534,4
41004,3
656801,0
1597,0
30390,3
650954,3
2612,4
66819,3
2196,1
649377,3
2431,0
61634,4
2293,2
7232,5
2562,4
11859,3
11880,0
10271,0
639834,4
659691,5
2638,5
31176,5
86476,1
2378,4
81247,5
2535,4
644134,4
101268,4
647012,4
2657,5
642021,4
34979,0
647036,3
642708,2
2456,1
1595,0
1478,1
8120,2
13956,6
81832,5
3731,4
33010,6
9693,5
658670,0
10093,5
2067,3
2045,4
3474,0
37182,3
651067,4
2584,0
2655,3
642590,0
35095,3
5422,4
651227,1
1752,0
2390,3
2469,5
2203,2
10130,5
1178,2
3634,3
1557,3
10441,5
31223,0
4329,4
68319,1
100730,4
13971,4
13922,4
2593,0
660707,1
2637,3
3740,2
3520,0
2125,1
195,5
2498,5
98963,5
2546,5
2019,0
10248,5
97589,0
38514,4
13040,3
662067,0
80283,0
2600,0
95517,5
9750,0
33100,3
1451,3
3503,4
3519,3
669616,1
480354,3
35472,5
648623,2
3783,3
95545,4
3807,2
34097,0
2152,2
45313,0
654407,2
1221,0
1676,4
10493,4
652562,2
33872,5
2803,3
639811,4
33699,0
2380,4
38312,1
1329,2
77528,2
662150,0
5417,6
34580,0
101188,1
651128,3
642759,6
10531,4
655996,4
4383,2
652917,4
36519,0
4128,0
3380,6
39450,4
1787,4
650956,4
1322,4
13863,0
1885,3
683837,1
654455,0
2748,4
64483,0
1891,3
2704,4
2844,5
2701,2
660718,1
2834,3
35698,0
10487,0
7933,0
4199,2
35262,5
51775,1
649260,3
1903,2
35420,0
659824,0
12371,1
662706,0
653837,1
658138,5
2843,4
2755,2
1142,3
662766,1
2283,3
990,4
2297,4
652925,4
59277,4
1848,3
2824,5
656007,0
3818,4
1687,0
2904,4
2663,5
14091,4
2962,4
7965,4
652898,5
2814,0
1601,2
1730,0
77575,2
67133,1
2693,4
103174,5
2846,4
61595,4
651294,2
38124,0
2350,0
662677,0
43101,3
8457,5
3373,0
2857,4
652532,1
10447,5
11354,1
658716,4
2823,4
97668,4
648765,6
2567,4
1419,0
2735,4
2830,2
2355,1
40260,0
10597,6
2569,2
2710,5
2626,4
3800,3
3788,3
103221,1
21816,1
660643,4
3820,5
11243,0
38858,3
652919,0
662822,1
649282,5
1890,4
77558,4
3356,0
11351,5
2815,2
102079,0
642649,3
38281,2
36586,2
67874,6
5436,2
1961,2
1878,3
36033,5
1750,0
3000,4
660682,0
1113,0
1833,0
2950,2
649255,2
67720,2
37954,5
3082,0
3773,3
103229,0
1933,2
97469,0
654394,0
95580,6
3659,3
3821,5
47061,5
40499,4
37198,5
2888,5
3775,4
38831,4
3095,4
37842,5
77389,6
2006,2
3541,2
10646,3
658171,0
5559,4
659818,5
1433,3
2957,1
98960,4
2608,5
13532,2
645700,4
41305,4
99033,0
3088,4
38237,4
9855,5
10352,3
655964,1
9457,2
652548,1
1295,0
44685,4
40210,3
95506,3
4273,1
651347,5
4444,4
43224,5
76886,0
660671,0
3108,4
80194,5
96345,6
40968,4
90113,5
2382,1
660696,1
3113,0
3286,3
80200,3
3097,5
78898,2
4466,4
77055,1
3403,4
4527,3
642784,4
38282,5
39214,2
2516,3
57503,5
662018,5
2928,0
39413,2
656019,5
4584,4
662765,5
97577,1
10059,3
3057,2
35373,1
3651,2
655989,3
2930,5
41626,5
4242,3
2670,0
3324,3
45059,3
61948,3
3051,1
2147,2
95564,2
651268,5
4294,4
3017,2
39215,1
37082,2
99043,2
78101,6
652984,0
38996,3
81668,0
659604,0
61775,5
4401,3
1430,5
42290,4
98971,1
651366,2
639835,4
80210,0
100801,5
4924,5
41300,1
68354,2
244,5
660649,0
103095,5
10946,6
3060,3
4343,5
662808,1
658676,5
42893,1
52873,5
66290,0
1761,0
3796,5
4389,1
41852,1
650568,2
4100,5
4427,0
41411,5
3734,4
14060,5
97706,0
4490,3
95335,3
3201,0
9465,2
43625,4
654363,2
50030,4
3165,1
2487,0
42359,4
3093,2
97667,4
99883,5
659601,0
649250,1
3167,0
647364,5
3015,5
42800,5
14093,0
58517,4
95600,5
650523,4
47677,5
4107,1
3735,4
4001,2
6163,1
14097,4
2299,6
3198,5
97654,0
6160,2
58429,4
654489,0
3025,0
99736,2
4075,3
13879,4
44859,5
2651,5
552319,4
102374,1
69756,4
41765,0
5561,4
13551,0
659822,6
1235,2
80032,5
3130,3
98970,1
12422,2
43144,4
3131,5
43587,3
654542,0
50023,4
4225,0
67008,5
662718,5
1616,4
44884,5
659576,5
654354,2
4342,5
4082,2
14147,5
4675,5
42861,1
2524,3
14171,1
81202,4
45394,0
77277,0
78685,5
4279,3
44538,5
5460,3
654465,0
98030,5
41494,3
102974,3
659687,0
5583,5
44745,0
4742,0
4353,4
44046,0
654507,0
662678,1
4819,4
3079,0
659599,0
3990,4
95523,1
98923,4
97703,6
659592,1
2850,3
2753,3
3208,3
44205,5
4700,0
44927,5
4135,2
4512,4
649206,2
649060,1
47205,0
3235,3
4556,0
6120,5
659617,0
98296,4
11174,5
651029,4
650503,4
3160,3
95538,4
44113,1
44496,2
68801,4
67810,4
14465,5
4062,1
3218,5
44455,1
80318,3
97664,3
2966,5
102030,0
653803,1
674171,1
49500,0
12899,4
46826,4
97461,2
81684,5
660678,0
67737,6
4233,3
3078,2
659660,0
3246,3
4667,1
56062,0
12403,2
659692,5
3962,6
644133,6
46564,3
4109,4
652934,3
3987,2
664869,5
648642,4
654358,5
655992,0
41644,5
2696,3
5087,2
4829,5
648638,5
4500,0
102964,3
14179,2
659693,4
5616,0
46907,1
4067,5
4029,3
658679,4
658076,0
96309,4
46658,3
78701,5
4718,4
46469,1
638725,0
651144,6
664867,1
647308,5
46831,0
53935,0
13901,0
4830,4
651069,4
651367,0
49650,1
86494,2
648617,2
656311,1
78729,4
655982,5
56538,0
12725,6
664061,1
653007,5
4776,3
98308,4
645949,0
51960,4
645940,3
651206,4
664176,1
4488,1
12411,2
5474,1
650513,4
658684,0
4103,3
4707,3
46306,3
4267,5
658365,5
662185,0
662715,0
4163,4
635447,4
53915,4
4627,0
100731,2
48885,5
4134,0
54460,4
80991,0
14216,2
635845,5
5027,2
82056,4
14185,2
101233,5
9816,3
75537,5
653005,1
14491,0
14623,5
647358,6
77000,1
647432,4
662120,0
4971,3
642599,5
656028,4
4960,0
52852,5
14178,4
48972,0
649224,0
98962,1
658141,0
4871,4
659823,5
4348,1
60382,1
4714,3
4835,2
49839,4
48938,0
648694,3
4336,0
48828,0
14628,0
14004,2
662064,5
648983,4
4330,4
4560,3
10941,5
652989,5
14497,6
4736,4
49869,0
13566,2
46845,4
49390,1
81435,0
5601,6
48755,6
659598,0
652902,3
51418,4
95527,4
658206,0
4024,2
78731,2
4395,2
52365,0
659678,5
13895,2
48428,0
656803,0
50416,5
50529,0
95603,4
10191,2
77007,5
12781,5
49789,5
13514,1
659607,0
4296,2
49926,6
653858,1
50463,5
654583,4
102420,0
95539,5
103109,1
97465,3
80316,5
47478,3
47521,4
4145,6
46760,0
13325,3
48840,3
46684,3
4860,5
50544,4
660715,0
74102,0
652583,0
49657,3
12394,6
656755,1
3973,3
98935,5
48584,4
13326,3
645794,6
671930,5
4894,3
97553,0
53554,0
48952,1
645005,6
52946,1
11053,5
639481,6
660310,0
51880,5
658119,0
57642,0
55325,0
642905,0
14710,4
12487,4
51539,1
95498,2
657168,0
14264,4
12405,6
5573,6
51737,0
55699,1
662461,0
66304,4
50103,1
98034,2
103262,4
6241,3
13929,5
55772,4
51681,3
48405,3
51414,0
51391,5
659612,0
56798,5
14464,2
103264,4
14261,3
56796,4
57135,5
52935,1
659621,0
14328,5
661609,0
14022,6
662259,0
4300,3
574968,6
76218,5
51163,0
50796,4
654355,2
48841,0
51195,6
13994,3
649043,4
52953,3
53860,5
662496,1
52227,3
10864,1
658678,5
4231,2
649148,6
80235,1
656022,0
51177,2
4901,3
54845,5
658349,0
55104,3
51159,3
663058,5
55611,1
14340,3
14080,4
648710,5
53007,0
653506,0
98936,3
96391,3
5607,6
654473,0
78970,4
54706,6
53361,3
53814,5
53020,1
54358,4
17519,4
98964,1
101237,4
53888,3
647469,4
654490,3
73830,0
14258,4
662177,4
5478,0
658366,6
14113,2
658200,1
4337,2
656023,0
4635,3
638745,0
52916,0
52004,3
103094,3
14627,6
12900,3
57960,5
53697,5
648866,4
57381,0
653708,1
54701,3
55101,6
5588,2
54603,5
52752,5
662512,1
14116,6
14613,6
645105,0
53238,3
56628,2
80018,1
54744,2
54091,4
55492,0
51025,4
58823,4
5590,3
53355,3
656027,0
54761,4
651350,5
53840,4
103178,1
51212,5
5592,0
53156,4
12880,6
14089,3
650158,0
53345,4
651372,3
51716,5
54841,0
57930,4
53856,2
58108,4
54568,6
14309,1
53130,1
57729,0
14489,5
53142,4
662170,0
14155,2
14227,4
652546,3
53513,0
14501,0
14321,0
53126,5
95278,2
654372,4
14164,2
654370,0
57143,5
14333,5
51232,5
654365,2
55173,4
14547,0
55814,2
53239,5
53353,1
57394,5
649335,3
14397,0
102449,4
54155,3
53811,2
56233,5
52751,1
56607,3
101234,4
57062,5
662854,0
56532,1
58595,3
56529,6
51595,6
56412,6
656736,0
21845,1
81391,5
654444,0
664182,0
14361,1
102971,3
55666,5
53351,0
56393,0
653854,6
655963,5
54577,4
57012,4
651142,4
669912,5
14617,1
56148,0
57817,1
14153,2
663923,1
56959,4
55735,1
645943,4
659679,2
13505,4
55230,3
57204,3
54246,0
634600,4
56109,0
13876,5
58137,0
662124,1
14390,5
78520,6
652545,3
664137,0
57181,5
651497,4
660358,0
56431,4
86407,6
662863,0
55753,2
56809,5
80019,0
56170,5
650957,4
673638,6
56565,1
13055,5
57652,6
57074,1
58345,1
56680,0
55819,4
56743,3
51050,5
59670,3
56426,0
55731,6
56413,6
59225,5
59829,1
662113,1
58382,1
59852,4
58297,0
57199,2
58143,0
58915,5
645953,4
56180,5
56277,1
58749,3
60719,1
60619,0
56567,5
60511,5
59484,2
95575,3
56189,5
58154,6
65560,1
58898,0
683862,1
61041,6
662865,1
54699,4
658334,0
77512,5
58627,5
654350,4
662525,0
98956,1
57815,0
56978,4
60260,3
58711,3
57573,4
658711,0
58621,4
81396,0
654356,5
57365,1
94835,1
644484,0
59818,6
662184,6
655995,4
664272,0
59557,5
57406,6
57586,4
56825,4
659628,0
653835,1
58841,1
55817,1
54860,4
652954,0
653815,4
654576,0
58795,5
636036,0
659821,0
59752,4
61229,1
659646,0
59788,1
73504,5
59217,5
59988,5
658367,1
57700,5
59468,1
59834,0
60737,4
59216,5
59450,1
59524,4
60347,2
67520,0
60112,5
58629,5
59104,5
56408,6
58710,3
56639,3
655998,4
59495,2
58819,2
61199,3
659586,0
56415,6
58609,2
57640,4
59691,1
59794,2
60638,6
24479,3
58867,1
68247,0
658690,0
677460,5
60263,5
56935,0
634530,6
59239,5
61079,1
656795,0
60408,0
60020,3
56893,4
58818,0
59853,4
659583,0
58939,1
662846,1
97473,2
59660,3
637327,4
59110,1
677461,6
96491,6
59774,4
68191,3
59234,2
60381,0
66174,3
73618,4
665300,0
653004,4
102968,5
652921,4
59525,3
74154,0
59237,5
642847,4
59958,5
58645,3
658663,0
65530,1
76217,4
64647,2
60306,0
64657,3
662774,0
658125,0
59904,4
61032,0
98299,4
66546,4
73533,1
66078,3
66037,5
61323,4
647555,1
65944,0
634801,6
652563,5
59980,0
65191,5
73384,1
665432,5
65745,5
65380,5
60838,6
659674,2
59754,0
647813,0
59964,5
73563,4
67973,5
634614,4
66201,0
550294,4
59955,3
65359,3
65898,0
644211,0
653770,6
656785,0
65182,4
66209,5
66205,0
644382,2
74967,5
66041,5
58670,0
61359,5
634762,1
59966,1
66025,3
65367,3
658688,0
662717,5
90862,4
65364,3
65378,5
65363,6
60687,0
65357,5
59822,6
651513,5
662829,1
659622,0
639460,0
91014,5
65192,5
66177,3
634588,1
663105,1
68186,6
60187,1
98297,4
73677,4
74221,0
652979,0
65177,0
66011,1
647105,4
63189,1
658363,5
74389,0
66284,5
638404,1
60168,4
74288,1
73548,1
65520,4
634593,6
73562,1
653852,2
65521,1
66062,6
662149,0
655997,0
656003,4
60474,3
660727,5
60402,0
654580,0
66149,3
68232,5
90825,1
73495,5
65828,3
68084,3
73767,1
659653,4
73422,4
74424,4
82513,1
74205,4
68616,1
656002,1
666633,1
73763,6
103143,6
81761,3
634625,6
659664,5
71002,0
642094,0
68741,0
60114,2
73837,5
73742,4
634728,6
634661,1
669374,0
73803,1
639558,0
73485,3
73639,4
639791,3
65565,1
73753,1
102970,3
639500,5
660685,0
658682,0
665145,6
74185,1
65904,4
103218,4
95548,1
662688,5
74410,4
655779,0
73836,0
73427,5
99852,1
91688,0
73498,3
73782,6
668363,5
85583,1
642325,5
66315,5
73833,1
654509,1
639243,5
634579,6
74289,4
662851,0
74334,0
71044,3
639213,1
97762,4
646897,1
638933,5
654527,4
73683,4
634521,1
638611,6
639790,1
69419,0
74261,3
643195,0
634492,1
644316,1
73466,5
72101,5
73609,5
634748,0
639423,4
634645,1
656781,0
639024,3
654402,0
677462,5
645202,6
73526,4
73831,0
649630,1
654351,4
634473,0
634709,5
643248,3
73646,4
73715,6
634773,0
73724,4
84005,1
73799,5
71027,1
75199,1
643247,6
73396,1
643396,6
69846,0
639250,6
638781,0
638504,3
97687,4
73399,5
660654,0
73369,6
71557,0
83284,1
634789,6
73569,3
644365,6
642404,1
74257,5
662864,1
642062,1
662110,1
662109,5
639176,5
639269,6
634797,6
643053,0
642433,5
639300,3
638638,1
634684,4
94929,4
70986,0
78638,0
642311,3
638903,0
643054,6
644312,0
634587,4
638661,5
659590,1
683663,0
634493,1
645471,0
639501,5
659680,5
643789,5
660730,5
638513,5
638941,5
639308,5
646794,1
669476,1
639198,3
644630,4
643699,4
643537,1
74517,1
642192,3
97562,6
658687,4
642382,6
648455,1
639257,3
638937,5
73790,1
639304,1
639425,5
643578,0
638921,6
644496,0
638813,5
634800,3
643645,0
638950,0
70235,4
642424,5
642252,3
639058,5
103216,4
642966,1
70475,1
644606,5
72297,3
638396,1
646749,6
656754,4
643773,1
642985,1
72321,0
639454,4
643312,3
638554,5
639241,5
642403,0
643647,1
639046,0
642071,3
642330,0
639200,6
654456,0
643337,0
643304,5
643704,0
643873,4
668010,1
642127,3
638474,5
642402,5
644530,5
97601,4
662511,0
95540,1
643480,2
103096,3
643361,6
642219,3
642360,6
103213,4
646776,1
103211,1
644399,0
82137,1
643723,5
654401,1
645207,0
644500,5
659672,6
639307,3
644946,1
662857,1
642234,1
644698,5
639356,1
82478,1
79972,4
83678,4
642876,6
644153,5
645142,0
643299,0
659582,0
655925,0
644623,0
646695,6
644384,1
660716,0
644527,6
654381,4
659644,5
643378,5
643705,5
649663,6
662183,1
638476,0
643995,0
646191,6
77663,0
638442,6
638919,5
644368,1
658123,1
644281,5
659665,5
645597,1
642880,1
643421,3
645261,6
667562,0
654412,4
643656,0
644521,3
658370,4
644388,0
677434,1
643742,6
660657,0
644440,1
642861,0
643333,6
643204,1
647711,0
662510,1
644158,1
639057,0
645553,0
646785,0
658705,0
643498,5
643117,5
643321,1
643058,0
644298,1
646751,0
643519,0
638753,0
643587,5
648247,0
662771,1
645159,1
643034,1
646891,0
654379,0
658674,5
644571,5
643377,0
643166,1
645293,0
643715,0
649396,1
653816,4
644579,1
645513,5
649411,5
96289,4
75870,1
647525,0
643061,6
643309,3
95541,1
643726,3
644406,5
662490,0
643562,5
643322,1
645138,0
646835,6
646418,6
658694,1
659696,0
643819,1
648036,5
644387,5
646401,0
646525,6
94437,0
643351,0
78961,0
644516,5
646196,0
647957,1
77511,6
646135,1
646025,6
645372,1
646043,1
642871,6
645627,6
646567,6
646410,1
645317,0
98838,0
642958,1
645992,0
647678,5
647524,1
659699,0
648129,4
646256,0
75576,1
645468,5
75964,6
643308,3
662720,0
647862,0
648282,6
649436,5
648076,6
95878,0
645395,0
645686,0
658706,6
647234,6
647473,1
644526,3
644262,5
647592,1
648778,6
645203,0
646111,6
648267,5
646044,1
646202,6
662173,1
666375,3
646364,1
645433,0
649373,6
645277,1
648513,1
95491,1
645542,5
646262,1
646881,0
645561,6
645214,3
646222,3
648047,6
645867,0
75755,5
645089,0
650462,4
96707,1
96050,6
647467,1
75667,1
96841,0
76043,1
646519,5
647831,6
647968,0
650613,0
665316,0
648427,5
98307,4
658371,6
646192,2
647873,0
654349,4
646055,5
649573,5
75635,1
647619,0
75859,5
646220,1
647000,6
647747,6
644515,6
649715,5
648810,0
647955,1
658362,5
75698,0
649460,1
658121,0
645591,0
662673,0
644141,5
664776,0
649827,6
650482,5
646717,6
659690,5
648262,1
82500,1
643445,0
669691,1
659645,0
98780,6
647956,0
646869,0
658348,0
77720,6
650192,0
646173,0
649516,3
648214,0
75998,1
649590,0
75611,1
650129,5
75701,6
649917,1
654463,0
75751,3
645153,6
76069,6
98311,4
76092,6
649875,5
649634,1
76072,1
647734,0
648775,0
75561,1
647795,0
649592,6
78314,3
97926,1
75739,1
659596,5
646521,0
647788,0
76115,1
649825,0
95471,5
75804,1
668132,6
96041,1
76065,1
75709,1
78668,0
75823,0
662172,6
662679,6
75889,1
75747,1
648659,0
649788,0
75750,6
649778,6
649921,0
75838,3
96064,0
648005,3
78305,0
649829,0
75852,1
78381,0
658721,1
650143,5
650342,0
662147,4
77881,1
649836,6
649708,5
75738,6
650114,1
95965,6
78135,1
78308,1
649470,0
650168,1
649631,1
648265,0
78066,0
650194,1
77628,0
649602,0
649656,2
75712,4
78431,0
96198,0
653075,5
77764,6
658126,0
650090,6
75543,0
98590,0
76024,5
95830,1
76063,6
648569,0
75616,1
668121,6
649982,1
78338,0
656005,1
649629,4
645979,5
78220,1
649635,1
76093,1
662044,6
97328,1
97195,5
648667,3
659652,0
649359,0
649600,1
649603,0
649383,1
75696,0
95791,0
76104,0
103215,4
77679,5
669390,6
95985,1
78543,0
95480,0
95807,5
95763,0
95957,1
658122,0
77734,6
75961,5
78384,0
82497,1
78513,1
98678,0
78071,0
98728,0
97239,1
652072,0
78432,6
95687,0
660675,0
95770,1
649650,6
95677,0
96137,6
75946,5
674610,1
95712,1
650162,5
95923,5
662157,6
78479,1
96713,0
658364,1
96706,1
95689,5
75684,0
76127,0
101161,0
78086,6
96048,1
77803,1
78121,0
96626,6
77629,1
75860,1
665043,6
77974,0
655974,5
77712,6
75723,0
95980,0
96672,0
75790,0
95746,1
101236,1
96225,0
98310,4
77935,6
77940,0
649920,0
76094,0
95657,1
95675,1
96172,0
78528,0
77788,3
97362,1
102524,0
98053,6
78471,1
95652,0
77835,6
660648,4
78035,1
96900,0
96145,5
649959,6
96029,0
77854,0
653690,1
96244,1
78357,6
96742,0
77927,6
78002,5
78761,3
78762,5
96660,0
101265,5
77897,1
95988,0
648841,6
77740,1
98489,1
97077,0
96574,0
98113,0
78450,1
78260,0
95991,0
683851,1
77855,0
96618,0
662686,1
77826,1
96023,6
96625,0
95732,0
98544,0
100016,0
98732,1
659820,0
95751,5
77994,1
77727,5
98581,5
96042,0
96906,0
649398,1
660697,0
96607,1
98684,1
97155,5
97299,1
98706,5
95870,6
102049,1
97876,0
98657,0
98233,1
98856,0
96556,6
97933,0
98851,1
98490,1
103060,1
97029,1
97139,6
97140,6
96924,6
97145,5
98610,1
97011,1
96833,0
96852,1
97254,1
96232,6
96877,6
97298,0
98842,1
95911,6
99772,5
98201,1
96958,1
95813,0
96570,0
97024,0
97158,6
97836,1
96954,6
97130,5
97929,0
96863,0
97379,0
96867,6
97137,6
98757,1
78499,6
97410,1
97928,6
97002,6
97829,5
98896,0
100470,0
75799,5
101371,1
96034,3
101243,1
97845,5
96905,6
655729,1
98513,0
98536,0
653775,4
96213,1
100555,0
100471,0
97138,1
100423,0
96168,0
96208,5
95787,5
673473,1
96832,1
101628,1
652588,1
100484,5
102035,0
98372,1
98855,1
98214,0
99588,0
97846,1
99983,4
100591,0
656001,0
96166,5
98357,6
100723,1
99308,5
99141,1
679555,1
98398,0
678931,0
99944,5
97853,6
100334,0
101883,0
99136,0
99877,0
101480,0
98826,1
100592,1
99869,0
98380,1
100434,0
97022,1
99138,0
99267,0
98344,1
100523,0
683848,1
100490,0
97144,1
101896,0
101290,1
98256,6
102508,6
101329,6
672957,1
101818,0
98468,0
98417,6
652590,0
98376,0
676557,1
99110,6
97056,5
98482,5
97894,1
98340,1
103051,0
100055,6
98892,1
100259,0
677411,1
103214,4
100136,1
98828,0
99249,1
99686,0
100722,6
98467,0
662522,1
100675,1
96869,0
98369,1
99225,6
98413,1
99124,1
101545,0
100450,0
102560,0
653585,1
102901,0
99143,6
103007,0
100304,0
101297,1
98473,1
96856,1
102576,1
99718,0
100262,0
99596,1
99956,1
102919,0
100276,1
100518,0
98342,1
102526,5
652704,1
652808,1
98686,1
651799,0
652656,1
655951,0
100664,6
100424,0
98044,1
653119,1
100427,1
102662,1
97037,0
652589,1
100717,0
652684,0
98433,6
668333,1
102753,1
652839,6
102670,5
654191,6
97017,1
652826,0
653628,6
101281,5
102509,1
102688,0
102988,5
652800,0
99887,1
99419,0
102604,0
651729,0
103220,4
100682,6
102656,0
652724,1
653688,1
651722,1
99442,1
100696,0
651738,5
652462,5
100573,1
651680,1
103052,1
100437,0
652058,0
653778,4
652798,6
99102,0
652859,0
103016,0
652816,1
653545,0
102577,0
102655,0
102504,5
102634,1
102665,1
102518,5
102641,0
102644,0
653183,0
103076,0
652759,1
651902,0
651763,1
99100,0
652181,1
102747,1
652736,0
660059,6
102575,6
677508,6
652810,0
102677,1
651675,1
652412,1
653651,5
659580,0
102559,5
652665,0
102594,0
652655,0
656651,1
655747,0
651584,1
652275,0
102572,6
653534,5
654129,0
652047,1
652714,0
655588,0
655773,0
102812,1
652450,0
652613,0
102674,0
652823,0
102520,0
652641,1
654344,1
657391,1
651665,5
654262,6
653547,5
655702,1
652796,1
654027,1
683807,1
102668,0
655624,0
654118,0
102915,5
652768,1
653985,1
656168,1
656665,1
654322,0
654955,0
655555,0
656130,1
654081,1
655520,1
654091,1
654169,5
655517,1
655596,1
662436,1
655525,1
655736,0
655764,1
654221,0
655570,0
654197,0
655522,1
655447,0
655416,1
654250,5
656587,1
656194,1
654077,1
651745,1
655569,1
654104,1
654082,1
683741,1
655538,1
683699,1
654253,1
652624,6
654247,5
654017,1
672911,6
654016,1
659295,0
654107,5
657354,1
658319,1
655235,0
653914,1
653884,1
654103,0
659311,1
658481,1
657386,1
657331,1
658478,0
654297,1
655516,0
658070,1
655515,1
658560,1
658467,1
659263,0
659325,0
655509,0
659728,1
657523,0
657500,0
683638,0
657319,1
659315,0
657356,1
661047,0
661227,1
661234,1
657449,1
661219,0
661261,1
683722,0
665621,0
668898,1
659629,0
