IDPERSONA,RAMA,CLUSTER_RAMA
39,ADMINISTRATIVO,4
215,ADMINISTRATIVO,4
216,ADMINISTRATIVO,6
229,ADMINISTRATIVO,7
231,ADMINISTRATIVO,7
266,ADMINISTRATIVO,4
692,ADMINISTRATIVO,5
733,ADMINISTRATIVO,3
769,ADMINISTRATIVO,4
771,ADMINISTRATIVO,4
787,ADMINISTRATIVO,4
813,ADMINISTRATIVO,4
815,ADMINISTRATIVO,2
831,ADMINISTRATIVO,4
840,ADMINISTRATIVO,7
858,ADMINISTRATIVO,6
862,ADMINISTRATIVO,6
865,ADMINISTRATIVO,4
866,ADMINISTRATIVO,6
869,ADMINISTRATIVO,6
878,ADMINISTRATIVO,3
883,ADMINISTRATIVO,6
891,ADMINISTRATIVO,3
893,ADMINISTRATIVO,6
903,ADMINISTRATIVO,3
919,ADMINISTRATIVO,3
938,ADMINISTRATIVO,6
939,ADMINISTRATIVO,6
944,ADMINISTRATIVO,7
946,ADMINISTRATIVO,3
953,ADMINISTRATIVO,6
958,ADMINISTRATIVO,4
969,ADMINISTRATIVO,4
972,ADMINISTRATIVO,3
975,ADMINISTRATIVO,6
978,ADMINISTRATIVO,6
990,ADMINISTRATIVO,3
1000,ADMINISTRATIVO,6
1032,ADMINISTRATIVO,6
1033,ADMINISTRATIVO,6
1038,ADMINISTRATIVO,4
1061,ADMINISTRATIVO,7
1116,ADMINISTRATIVO,6
1123,ADMINISTRATIVO,6
1140,ADMINISTRATIVO,3
1168,ADMINISTRATIVO,3
1180,ADMINISTRATIVO,3
1205,ADMINISTRATIVO,3
1206,ADMINISTRATIVO,4
1225,ADMINISTRATIVO,6
1229,ADMINISTRATIVO,6
1247,ADMINISTRATIVO,4
1255,ADMINISTRATIVO,6
1268,ADMINISTRATIVO,3
1278,ADMINISTRATIVO,7
1322,ADMINISTRATIVO,7
1354,ADMINISTRATIVO,3
1372,ADMINISTRATIVO,0
1375,ADMINISTRATIVO,4
1385,ADMINISTRATIVO,6
1402,ADMINISTRATIVO,6
1457,ADMINISTRATIVO,4
1476,ADMINISTRATIVO,6
1478,ADMINISTRATIVO,7
1485,ADMINISTRATIVO,2
1496,ADMINISTRATIVO,7
1530,ADMINISTRATIVO,6
1534,ADMINISTRATIVO,7
1546,ADMINISTRATIVO,7
1554,ADMINISTRATIVO,2
1555,ADMINISTRATIVO,6
1598,ADMINISTRATIVO,6
1616,ADMINISTRATIVO,6
1628,ADMINISTRATIVO,6
1644,ADMINISTRATIVO,6
1660,ADMINISTRATIVO,5
1676,ADMINISTRATIVO,7
1787,ADMINISTRATIVO,3
1790,ADMINISTRATIVO,7
1794,ADMINISTRATIVO,7
1842,ADMINISTRATIVO,6
1878,ADMINISTRATIVO,7
1890,ADMINISTRATIVO,6
1991,ADMINISTRATIVO,4
2008,ADMINISTRATIVO,4
2022,ADMINISTRATIVO,3
2031,ADMINISTRATIVO,7
2045,ADMINISTRATIVO,6
2049,ADMINISTRATIVO,7
2058,ADMINISTRATIVO,5
2105,ADMINISTRATIVO,6
2146,ADMINISTRATIVO,3
2237,ADMINISTRATIVO,6
2297,ADMINISTRATIVO,6
2299,ADMINISTRATIVO,5
2350,ADMINISTRATIVO,3
2370,ADMINISTRATIVO,7
2378,ADMINISTRATIVO,7
2380,ADMINISTRATIVO,4
2391,ADMINISTRATIVO,3
2455,ADMINISTRATIVO,4
2535,ADMINISTRATIVO,7
2544,ADMINISTRATIVO,4
2562,ADMINISTRATIVO,7
2567,ADMINISTRATIVO,0
2612,ADMINISTRATIVO,6
2626,ADMINISTRATIVO,7
2693,ADMINISTRATIVO,3
2704,ADMINISTRATIVO,6
2735,ADMINISTRATIVO,7
2748,ADMINISTRATIVO,4
2823,ADMINISTRATIVO,7
2843,ADMINISTRATIVO,7
2846,ADMINISTRATIVO,6
2857,ADMINISTRATIVO,6
2904,ADMINISTRATIVO,6
2957,ADMINISTRATIVO,2
2962,ADMINISTRATIVO,2
3000,ADMINISTRATIVO,6
3088,ADMINISTRATIVO,3
3095,ADMINISTRATIVO,0
3108,ADMINISTRATIVO,7
3403,ADMINISTRATIVO,3
3465,ADMINISTRATIVO,6
3467,ADMINISTRATIVO,6
3497,ADMINISTRATIVO,0
3503,ADMINISTRATIVO,7
3678,ADMINISTRATIVO,5
3680,ADMINISTRATIVO,5
3731,ADMINISTRATIVO,6
3734,ADMINISTRATIVO,3
3735,ADMINISTRATIVO,3
3771,ADMINISTRATIVO,3
3775,ADMINISTRATIVO,4
3776,ADMINISTRATIVO,6
3792,ADMINISTRATIVO,3
3796,ADMINISTRATIVO,7
3802,ADMINISTRATIVO,6
3808,ADMINISTRATIVO,7
3810,ADMINISTRATIVO,4
3814,ADMINISTRATIVO,7
3818,ADMINISTRATIVO,2
3990,ADMINISTRATIVO,0
4062,ADMINISTRATIVO,0
4107,ADMINISTRATIVO,7
4109,ADMINISTRATIVO,5
4145,ADMINISTRATIVO,4
4163,ADMINISTRATIVO,2
4294,ADMINISTRATIVO,7
4329,ADMINISTRATIVO,7
4330,ADMINISTRATIVO,2
4353,ADMINISTRATIVO,7
4444,ADMINISTRATIVO,6
4466,ADMINISTRATIVO,4
4512,ADMINISTRATIVO,7
4584,ADMINISTRATIVO,7
4627,ADMINISTRATIVO,4
4718,ADMINISTRATIVO,5
4736,ADMINISTRATIVO,5
4819,ADMINISTRATIVO,3
4830,ADMINISTRATIVO,2
4860,ADMINISTRATIVO,4
4871,ADMINISTRATIVO,7
5422,ADMINISTRATIVO,6
5559,ADMINISTRATIVO,7
5561,ADMINISTRATIVO,3
5573,ADMINISTRATIVO,5
5601,ADMINISTRATIVO,5
5821,ADMINISTRATIVO,4
6811,ADMINISTRATIVO,5
7197,ADMINISTRATIVO,8
7265,ADMINISTRATIVO,1
7809,ADMINISTRATIVO,3
7965,ADMINISTRATIVO,7
8244,ADMINISTRATIVO,7
8331,ADMINISTRATIVO,6
8403,ADMINISTRATIVO,5
8441,ADMINISTRATIVO,1
8558,ADMINISTRATIVO,7
8941,ADMINISTRATIVO,3
9189,ADMINISTRATIVO,3
9196,ADMINISTRATIVO,6
9326,ADMINISTRATIVO,7
9640,ADMINISTRATIVO,6
9834,ADMINISTRATIVO,3
9912,ADMINISTRATIVO,7
10133,ADMINISTRATIVO,7
10493,ADMINISTRATIVO,7
10531,ADMINISTRATIVO,6
10864,ADMINISTRATIVO,0
11865,ADMINISTRATIVO,5
11880,ADMINISTRATIVO,7
12394,ADMINISTRATIVO,5
12405,ADMINISTRATIVO,5
12471,ADMINISTRATIVO,6
12487,ADMINISTRATIVO,7
12725,ADMINISTRATIVO,5
12899,ADMINISTRATIVO,2
13040,ADMINISTRATIVO,7
13170,ADMINISTRATIVO,7
13351,ADMINISTRATIVO,6
13505,ADMINISTRATIVO,7
13663,ADMINISTRATIVO,1
13703,ADMINISTRATIVO,4
13826,ADMINISTRATIVO,4
13838,ADMINISTRATIVO,7
13863,ADMINISTRATIVO,1
13879,ADMINISTRATIVO,6
13897,ADMINISTRATIVO,3
13922,ADMINISTRATIVO,3
13956,ADMINISTRATIVO,5
13971,ADMINISTRATIVO,3
14022,ADMINISTRATIVO,5
14080,ADMINISTRATIVO,4
14091,ADMINISTRATIVO,4
14093,ADMINISTRATIVO,0
14097,ADMINISTRATIVO,2
14116,ADMINISTRATIVO,5
14178,ADMINISTRATIVO,5
14227,ADMINISTRATIVO,2
14258,ADMINISTRATIVO,6
14264,ADMINISTRATIVO,7
14613,ADMINISTRATIVO,4
14623,ADMINISTRATIVO,5
14627,ADMINISTRATIVO,5
14710,ADMINISTRATIVO,2
17519,ADMINISTRATIVO,7
19999,ADMINISTRATIVO,2
21845,ADMINISTRATIVO,4
26207,ADMINISTRATIVO,3
27983,ADMINISTRATIVO,0
29032,ADMINISTRATIVO,0
38237,ADMINISTRATIVO,6
38514,ADMINISTRATIVO,0
38831,ADMINISTRATIVO,7
39450,ADMINISTRATIVO,7
40081,ADMINISTRATIVO,6
40499,ADMINISTRATIVO,7
40968,ADMINISTRATIVO,0
41300,ADMINISTRATIVO,3
41305,ADMINISTRATIVO,7
41494,ADMINISTRATIVO,7
42290,ADMINISTRATIVO,7
42359,ADMINISTRATIVO,2
43144,ADMINISTRATIVO,7
43625,ADMINISTRATIVO,7
43817,ADMINISTRATIVO,6
44685,ADMINISTRATIVO,6
46658,ADMINISTRATIVO,7
46826,ADMINISTRATIVO,7
46831,ADMINISTRATIVO,6
46845,ADMINISTRATIVO,0
47521,ADMINISTRATIVO,7
48584,ADMINISTRATIVO,7
49404,ADMINISTRATIVO,7
50023,ADMINISTRATIVO,3
50030,ADMINISTRATIVO,2
50463,ADMINISTRATIVO,4
50544,ADMINISTRATIVO,4
50796,ADMINISTRATIVO,2
51025,ADMINISTRATIVO,7
51418,ADMINISTRATIVO,7
51539,ADMINISTRATIVO,7
51737,ADMINISTRATIVO,1
51775,ADMINISTRATIVO,0
51960,ADMINISTRATIVO,2
53142,ADMINISTRATIVO,2
53156,ADMINISTRATIVO,0
53345,ADMINISTRATIVO,7
53351,ADMINISTRATIVO,1
53353,ADMINISTRATIVO,0
53840,ADMINISTRATIVO,2
53915,ADMINISTRATIVO,0
54091,ADMINISTRATIVO,7
54246,ADMINISTRATIVO,1
54358,ADMINISTRATIVO,2
54460,ADMINISTRATIVO,8
54577,ADMINISTRATIVO,5
54699,ADMINISTRATIVO,0
54761,ADMINISTRATIVO,7
54841,ADMINISTRATIVO,5
54860,ADMINISTRATIVO,7
55173,ADMINISTRATIVO,2
55772,ADMINISTRATIVO,6
55819,ADMINISTRATIVO,2
56408,ADMINISTRATIVO,5
56412,ADMINISTRATIVO,1
56415,ADMINISTRATIVO,5
56431,ADMINISTRATIVO,2
56532,ADMINISTRATIVO,7
56538,ADMINISTRATIVO,1
56796,ADMINISTRATIVO,4
56825,ADMINISTRATIVO,2
56893,ADMINISTRATIVO,0
56959,ADMINISTRATIVO,6
56978,ADMINISTRATIVO,2
57012,ADMINISTRATIVO,2
57074,ADMINISTRATIVO,7
57406,ADMINISTRATIVO,5
57573,ADMINISTRATIVO,3
57586,ADMINISTRATIVO,2
57640,ADMINISTRATIVO,2
57642,ADMINISTRATIVO,6
58108,ADMINISTRATIVO,0
58137,ADMINISTRATIVO,1
58143,ADMINISTRATIVO,1
58154,ADMINISTRATIVO,4
58382,ADMINISTRATIVO,2
58429,ADMINISTRATIVO,7
58491,ADMINISTRATIVO,3
58517,ADMINISTRATIVO,7
58621,ADMINISTRATIVO,7
58823,ADMINISTRATIVO,6
58841,ADMINISTRATIVO,1
59277,ADMINISTRATIVO,6
59450,ADMINISTRATIVO,4
59524,ADMINISTRATIVO,2
59752,ADMINISTRATIVO,2
59774,ADMINISTRATIVO,3
59788,ADMINISTRATIVO,2
59829,ADMINISTRATIVO,0
59852,ADMINISTRATIVO,7
59853,ADMINISTRATIVO,7
59904,ADMINISTRATIVO,4
60168,ADMINISTRATIVO,0
60638,ADMINISTRATIVO,7
60737,ADMINISTRATIVO,7
61079,ADMINISTRATIVO,7
61323,ADMINISTRATIVO,7
61592,ADMINISTRATIVO,7
61593,ADMINISTRATIVO,3
61594,ADMINISTRATIVO,3
61595,ADMINISTRATIVO,6
61634,ADMINISTRATIVO,6
61700,ADMINISTRATIVO,4
63189,ADMINISTRATIVO,2
64414,ADMINISTRATIVO,3
64483,ADMINISTRATIVO,6
65182,ADMINISTRATIVO,4
65520,ADMINISTRATIVO,7
65521,ADMINISTRATIVO,7
65530,ADMINISTRATIVO,0
65904,ADMINISTRATIVO,7
66284,ADMINISTRATIVO,7
66304,ADMINISTRATIVO,7
66546,ADMINISTRATIVO,6
66602,ADMINISTRATIVO,3
67520,ADMINISTRATIVO,1
67737,ADMINISTRATIVO,5
67810,ADMINISTRATIVO,6
67845,ADMINISTRATIVO,5
67848,ADMINISTRATIVO,5
67869,ADMINISTRATIVO,5
67874,ADMINISTRATIVO,5
68354,ADMINISTRATIVO,5
68801,ADMINISTRATIVO,3
69235,ADMINISTRATIVO,7
69247,ADMINISTRATIVO,3
69756,ADMINISTRATIVO,6
70235,ADMINISTRATIVO,6
71027,ADMINISTRATIVO,7
73369,ADMINISTRATIVO,5
73422,ADMINISTRATIVO,4
73526,ADMINISTRATIVO,3
73533,ADMINISTRATIVO,7
73548,ADMINISTRATIVO,4
73563,ADMINISTRATIVO,7
73618,ADMINISTRATIVO,7
73639,ADMINISTRATIVO,7
73646,ADMINISTRATIVO,7
73677,ADMINISTRATIVO,2
73683,ADMINISTRATIVO,7
73724,ADMINISTRATIVO,7
73742,ADMINISTRATIVO,8
73767,ADMINISTRATIVO,2
73782,ADMINISTRATIVO,0
73790,ADMINISTRATIVO,5
74185,ADMINISTRATIVO,7
74205,ADMINISTRATIVO,5
74289,ADMINISTRATIVO,0
74410,ADMINISTRATIVO,1
74424,ADMINISTRATIVO,1
74517,ADMINISTRATIVO,4
75199,ADMINISTRATIVO,2
75611,ADMINISTRATIVO,0
75698,ADMINISTRATIVO,5
75709,ADMINISTRATIVO,7
75790,ADMINISTRATIVO,0
75889,ADMINISTRATIVO,1
76209,ADMINISTRATIVO,1
76217,ADMINISTRATIVO,7
77389,ADMINISTRATIVO,5
77511,ADMINISTRATIVO,3
77558,ADMINISTRATIVO,3
77881,ADMINISTRATIVO,1
78035,ADMINISTRATIVO,0
78135,ADMINISTRATIVO,2
78450,ADMINISTRATIVO,1
78479,ADMINISTRATIVO,0
78513,ADMINISTRATIVO,0
78528,ADMINISTRATIVO,1
78638,ADMINISTRATIVO,1
78701,ADMINISTRATIVO,3
78729,ADMINISTRATIVO,2
78970,ADMINISTRATIVO,3
79972,ADMINISTRATIVO,3
81202,ADMINISTRATIVO,2
82056,ADMINISTRATIVO,2
82497,ADMINISTRATIVO,0
83678,ADMINISTRATIVO,6
84005,ADMINISTRATIVO,3
86476,ADMINISTRATIVO,6
86548,ADMINISTRATIVO,3
87496,ADMINISTRATIVO,6
90862,ADMINISTRATIVO,2
94929,ADMINISTRATIVO,3
95251,ADMINISTRATIVO,3
95473,ADMINISTRATIVO,2
95491,ADMINISTRATIVO,6
95517,ADMINISTRATIVO,7
95523,ADMINISTRATIVO,4
95527,ADMINISTRATIVO,3
95538,ADMINISTRATIVO,3
95540,ADMINISTRATIVO,4
95541,ADMINISTRATIVO,1
95545,ADMINISTRATIVO,2
95548,ADMINISTRATIVO,2
95549,ADMINISTRATIVO,2
95600,ADMINISTRATIVO,3
95603,ADMINISTRATIVO,3
95652,ADMINISTRATIVO,0
95657,ADMINISTRATIVO,0
95770,ADMINISTRATIVO,7
95813,ADMINISTRATIVO,1
95991,ADMINISTRATIVO,1
96029,ADMINISTRATIVO,0
96048,ADMINISTRATIVO,1
96225,ADMINISTRATIVO,1
96289,ADMINISTRATIVO,3
96309,ADMINISTRATIVO,3
96448,ADMINISTRATIVO,4
96491,ADMINISTRATIVO,1
96574,ADMINISTRATIVO,1
96742,ADMINISTRATIVO,1
96832,ADMINISTRATIVO,0
96833,ADMINISTRATIVO,1
96841,ADMINISTRATIVO,0
96852,ADMINISTRATIVO,0
96856,ADMINISTRATIVO,4
96906,ADMINISTRATIVO,5
97158,ADMINISTRATIVO,1
97298,ADMINISTRATIVO,0
97455,ADMINISTRATIVO,4
97570,ADMINISTRATIVO,7
97577,ADMINISTRATIVO,4
97601,ADMINISTRATIVO,6
97637,ADMINISTRATIVO,8
97667,ADMINISTRATIVO,2
97668,ADMINISTRATIVO,7
97687,ADMINISTRATIVO,5
97706,ADMINISTRATIVO,6
97741,ADMINISTRATIVO,4
97762,ADMINISTRATIVO,6
97773,ADMINISTRATIVO,7
97836,ADMINISTRATIVO,7
97894,ADMINISTRATIVO,0
97933,ADMINISTRATIVO,1
98214,ADMINISTRATIVO,1
98233,ADMINISTRATIVO,0
98296,ADMINISTRATIVO,2
98297,ADMINISTRATIVO,8
98299,ADMINISTRATIVO,8
98307,ADMINISTRATIVO,7
98308,ADMINISTRATIVO,8
98309,ADMINISTRATIVO,8
98310,ADMINISTRATIVO,2
98311,ADMINISTRATIVO,8
98372,ADMINISTRATIVO,1
98376,ADMINISTRATIVO,3
98398,ADMINISTRATIVO,0
98513,ADMINISTRATIVO,1
98544,ADMINISTRATIVO,1
98590,ADMINISTRATIVO,1
98856,ADMINISTRATIVO,1
98923,ADMINISTRATIVO,8
98956,ADMINISTRATIVO,6
98960,ADMINISTRATIVO,3
98984,ADMINISTRATIVO,2
99102,ADMINISTRATIVO,1
99442,ADMINISTRATIVO,0
99596,ADMINISTRATIVO,2
99686,ADMINISTRATIVO,0
99852,ADMINISTRATIVO,7
99983,ADMINISTRATIVO,8
100259,ADMINISTRATIVO,1
100262,ADMINISTRATIVO,1
100424,ADMINISTRATIVO,5
100434,ADMINISTRATIVO,5
100450,ADMINISTRATIVO,0
100470,ADMINISTRATIVO,5
100471,ADMINISTRATIVO,5
100573,ADMINISTRATIVO,1
100591,ADMINISTRATIVO,1
100592,ADMINISTRATIVO,7
100682,ADMINISTRATIVO,5
100730,ADMINISTRATIVO,7
101041,ADMINISTRATIVO,7
101161,ADMINISTRATIVO,1
101234,ADMINISTRATIVO,6
101236,ADMINISTRATIVO,3
101237,ADMINISTRATIVO,2
101247,ADMINISTRATIVO,4
101253,ADMINISTRATIVO,6
101268,ADMINISTRATIVO,8
101371,ADMINISTRATIVO,0
102049,ADMINISTRATIVO,7
102074,ADMINISTRATIVO,2
102085,ADMINISTRATIVO,2
102302,ADMINISTRATIVO,3
102314,ADMINISTRATIVO,2
102363,ADMINISTRATIVO,1
102374,ADMINISTRATIVO,6
102448,ADMINISTRATIVO,3
102449,ADMINISTRATIVO,3
102520,ADMINISTRATIVO,0
102524,ADMINISTRATIVO,1
102594,ADMINISTRATIVO,1
102644,ADMINISTRATIVO,1
102662,ADMINISTRATIVO,0
103143,ADMINISTRATIVO,4
103193,ADMINISTRATIVO,6
103211,ADMINISTRATIVO,2
103213,ADMINISTRATIVO,8
103214,ADMINISTRATIVO,8
103215,ADMINISTRATIVO,8
103216,ADMINISTRATIVO,8
103218,ADMINISTRATIVO,8
103220,ADMINISTRATIVO,8
103221,ADMINISTRATIVO,6
103260,ADMINISTRATIVO,1
103262,ADMINISTRATIVO,8
103264,ADMINISTRATIVO,1
550294,ADMINISTRATIVO,8
552319,ADMINISTRATIVO,2
574968,ADMINISTRATIVO,4
634530,ADMINISTRATIVO,4
634600,ADMINISTRATIVO,7
634614,ADMINISTRATIVO,7
634684,ADMINISTRATIVO,8
634762,ADMINISTRATIVO,5
635447,ADMINISTRATIVO,5
635587,ADMINISTRATIVO,3
637327,ADMINISTRATIVO,4
638396,ADMINISTRATIVO,3
638474,ADMINISTRATIVO,7
638638,ADMINISTRATIVO,2
639423,ADMINISTRATIVO,6
639454,ADMINISTRATIVO,2
639518,ADMINISTRATIVO,3
639811,ADMINISTRATIVO,2
639834,ADMINISTRATIVO,2
639835,ADMINISTRATIVO,3
640644,ADMINISTRATIVO,3
642021,ADMINISTRATIVO,3
642558,ADMINISTRATIVO,2
642784,ADMINISTRATIVO,2
642847,ADMINISTRATIVO,3
642985,ADMINISTRATIVO,4
643058,ADMINISTRATIVO,1
643166,ADMINISTRATIVO,7
643204,ADMINISTRATIVO,4
643247,ADMINISTRATIVO,5
643299,ADMINISTRATIVO,2
643322,ADMINISTRATIVO,5
643699,ADMINISTRATIVO,7
643819,ADMINISTRATIVO,0
643873,ADMINISTRATIVO,7
644132,ADMINISTRATIVO,3
644134,ADMINISTRATIVO,5
644298,ADMINISTRATIVO,7
644399,ADMINISTRATIVO,0
644623,ADMINISTRATIVO,5
644630,ADMINISTRATIVO,7
644781,ADMINISTRATIVO,6
644946,ADMINISTRATIVO,2
645005,ADMINISTRATIVO,5
645317,ADMINISTRATIVO,1
645395,ADMINISTRATIVO,1
645471,ADMINISTRATIVO,1
645700,ADMINISTRATIVO,6
645785,ADMINISTRATIVO,6
645794,ADMINISTRATIVO,5
645943,ADMINISTRATIVO,2
645953,ADMINISTRATIVO,3
646043,ADMINISTRATIVO,7
646044,ADMINISTRATIVO,0
646262,ADMINISTRATIVO,1
646364,ADMINISTRATIVO,7
646401,ADMINISTRATIVO,1
646567,ADMINISTRATIVO,5
646751,ADMINISTRATIVO,1
646776,ADMINISTRATIVO,1
646794,ADMINISTRATIVO,0
646897,ADMINISTRATIVO,0
647012,ADMINISTRATIVO,3
647015,ADMINISTRATIVO,1
647047,ADMINISTRATIVO,3
647105,ADMINISTRATIVO,3
647120,ADMINISTRATIVO,3
647358,ADMINISTRATIVO,4
647432,ADMINISTRATIVO,3
647469,ADMINISTRATIVO,4
647470,ADMINISTRATIVO,3
647862,ADMINISTRATIVO,1
648129,ADMINISTRATIVO,7
648569,ADMINISTRATIVO,1
648616,ADMINISTRATIVO,4
648642,ADMINISTRATIVO,2
648757,ADMINISTRATIVO,3
648765,ADMINISTRATIVO,5
648866,ADMINISTRATIVO,7
649043,ADMINISTRATIVO,3
649060,ADMINISTRATIVO,2
649137,ADMINISTRATIVO,2
649148,ADMINISTRATIVO,4
649260,ADMINISTRATIVO,4
649313,ADMINISTRATIVO,3
649590,ADMINISTRATIVO,5
649603,ADMINISTRATIVO,5
649629,ADMINISTRATIVO,2
649630,ADMINISTRATIVO,0
649825,ADMINISTRATIVO,7
650114,ADMINISTRATIVO,7
650194,ADMINISTRATIVO,7
650462,ADMINISTRATIVO,7
650463,ADMINISTRATIVO,5
650503,ADMINISTRATIVO,2
650513,ADMINISTRATIVO,7
650523,ADMINISTRATIVO,3
650956,ADMINISTRATIVO,2
650957,ADMINISTRATIVO,2
651029,ADMINISTRATIVO,2
651067,ADMINISTRATIVO,2
651069,ADMINISTRATIVO,2
651135,ADMINISTRATIVO,2
651142,ADMINISTRATIVO,3
651206,ADMINISTRATIVO,5
651227,ADMINISTRATIVO,2
651295,ADMINISTRATIVO,3
651323,ADMINISTRATIVO,3
651324,ADMINISTRATIVO,3
651339,ADMINISTRATIVO,3
651347,ADMINISTRATIVO,3
651451,ADMINISTRATIVO,5
651497,ADMINISTRATIVO,8
651675,ADMINISTRATIVO,7
651745,ADMINISTRATIVO,0
651902,ADMINISTRATIVO,1
652588,ADMINISTRATIVO,0
652613,ADMINISTRATIVO,1
652704,ADMINISTRATIVO,1
652724,ADMINISTRATIVO,7
652800,ADMINISTRATIVO,0
652808,ADMINISTRATIVO,0
652810,ADMINISTRATIVO,1
652917,ADMINISTRATIVO,2
652921,ADMINISTRATIVO,8
652925,ADMINISTRATIVO,2
653004,ADMINISTRATIVO,2
653075,ADMINISTRATIVO,7
653585,ADMINISTRATIVO,0
653690,ADMINISTRATIVO,0
653764,ADMINISTRATIVO,1
653775,ADMINISTRATIVO,8
653777,ADMINISTRATIVO,3
653778,ADMINISTRATIVO,8
653814,ADMINISTRATIVO,6
653815,ADMINISTRATIVO,6
653816,ADMINISTRATIVO,2
653827,ADMINISTRATIVO,8
653835,ADMINISTRATIVO,4
653837,ADMINISTRATIVO,3
653858,ADMINISTRATIVO,2
654017,ADMINISTRATIVO,0
654027,ADMINISTRATIVO,0
654081,ADMINISTRATIVO,0
654082,ADMINISTRATIVO,0
654118,ADMINISTRATIVO,1
654129,ADMINISTRATIVO,1
654344,ADMINISTRATIVO,7
654349,ADMINISTRATIVO,2
654350,ADMINISTRATIVO,8
654351,ADMINISTRATIVO,8
654372,ADMINISTRATIVO,3
654381,ADMINISTRATIVO,8
654388,ADMINISTRATIVO,1
654402,ADMINISTRATIVO,1
654412,ADMINISTRATIVO,7
654428,ADMINISTRATIVO,1
654444,ADMINISTRATIVO,1
654445,ADMINISTRATIVO,1
654462,ADMINISTRATIVO,1
654511,ADMINISTRATIVO,3
654527,ADMINISTRATIVO,2
654570,ADMINISTRATIVO,3
654583,ADMINISTRATIVO,2
655515,ADMINISTRATIVO,0
655516,ADMINISTRATIVO,1
655517,ADMINISTRATIVO,0
655520,ADMINISTRATIVO,0
655525,ADMINISTRATIVO,7
655596,ADMINISTRATIVO,0
655702,ADMINISTRATIVO,0
655747,ADMINISTRATIVO,1
655764,ADMINISTRATIVO,2
655773,ADMINISTRATIVO,1
655964,ADMINISTRATIVO,4
655976,ADMINISTRATIVO,2
655995,ADMINISTRATIVO,8
655996,ADMINISTRATIVO,8
655997,ADMINISTRATIVO,1
655998,ADMINISTRATIVO,8
656001,ADMINISTRATIVO,1
656002,ADMINISTRATIVO,3
656003,ADMINISTRATIVO,3
656027,ADMINISTRATIVO,1
656028,ADMINISTRATIVO,8
656039,ADMINISTRATIVO,1
656168,ADMINISTRATIVO,0
656194,ADMINISTRATIVO,0
656311,ADMINISTRATIVO,7
656459,ADMINISTRATIVO,5
656651,ADMINISTRATIVO,0
656754,ADMINISTRATIVO,3
656778,ADMINISTRATIVO,1
656781,ADMINISTRATIVO,1
656842,ADMINISTRATIVO,1
657168,ADMINISTRATIVO,1
657391,ADMINISTRATIVO,0
658070,ADMINISTRATIVO,0
658200,ADMINISTRATIVO,7
658206,ADMINISTRATIVO,1
658349,ADMINISTRATIVO,1
658370,ADMINISTRATIVO,2
658467,ADMINISTRATIVO,5
658478,ADMINISTRATIVO,0
658481,ADMINISTRATIVO,0
658679,ADMINISTRATIVO,3
658681,ADMINISTRATIVO,1
658687,ADMINISTRATIVO,3
658694,ADMINISTRATIVO,3
658714,ADMINISTRATIVO,3
658716,ADMINISTRATIVO,2
659311,ADMINISTRATIVO,0
659315,ADMINISTRATIVO,0
659325,ADMINISTRATIVO,0
659576,ADMINISTRATIVO,3
659580,ADMINISTRATIVO,1
659590,ADMINISTRATIVO,3
659592,ADMINISTRATIVO,6
659622,ADMINISTRATIVO,2
659653,ADMINISTRATIVO,3
659660,ADMINISTRATIVO,3
659693,ADMINISTRATIVO,2
659728,ADMINISTRATIVO,0
659820,ADMINISTRATIVO,1
660643,ADMINISTRATIVO,2
660648,ADMINISTRATIVO,2
660656,ADMINISTRATIVO,3
660682,ADMINISTRATIVO,1
660685,ADMINISTRATIVO,1
660716,ADMINISTRATIVO,2
661047,ADMINISTRATIVO,1
661227,ADMINISTRATIVO,0
661234,ADMINISTRATIVO,0
661261,ADMINISTRATIVO,0
662067,ADMINISTRATIVO,1
662147,ADMINISTRATIVO,0
662177,ADMINISTRATIVO,7
662436,ADMINISTRATIVO,3
662512,ADMINISTRATIVO,2
662522,ADMINISTRATIVO,6
662525,ADMINISTRATIVO,2
662677,ADMINISTRATIVO,1
662678,ADMINISTRATIVO,3
662687,ADMINISTRATIVO,3
662706,ADMINISTRATIVO,1
662829,ADMINISTRATIVO,7
662846,ADMINISTRATIVO,3
662857,ADMINISTRATIVO,2
662863,ADMINISTRATIVO,1
662864,ADMINISTRATIVO,1
662865,ADMINISTRATIVO,2
663105,ADMINISTRATIVO,2
664061,ADMINISTRATIVO,2
665621,ADMINISTRATIVO,1
668898,ADMINISTRATIVO,1
683638,ADMINISTRATIVO,1
683722,ADMINISTRATIVO,1
26,DOCENTE,7
86,DOCENTE,10
90,DOCENTE,10
94,DOCENTE,10
96,DOCENTE,10
102,DOCENTE,1
129,DOCENTE,10
130,DOCENTE,7
132,DOCENTE,7
135,DOCENTE,10
140,DOCENTE,0
195,DOCENTE,0
217,DOCENTE,3
228,DOCENTE,8
244,DOCENTE,3
274,DOCENTE,0
315,DOCENTE,7
398,DOCENTE,10
414,DOCENTE,0
419,DOCENTE,10
529,DOCENTE,10
568,DOCENTE,0
597,DOCENTE,7
618,DOCENTE,5
641,DOCENTE,9
653,DOCENTE,7
656,DOCENTE,7
667,DOCENTE,7
671,DOCENTE,0
675,DOCENTE,8
678,DOCENTE,7
679,DOCENTE,0
697,DOCENTE,7
705,DOCENTE,7
709,DOCENTE,10
716,DOCENTE,8
725,DOCENTE,7
760,DOCENTE,10
762,DOCENTE,7
768,DOCENTE,7
780,DOCENTE,7
797,DOCENTE,9
801,DOCENTE,7
805,DOCENTE,10
807,DOCENTE,5
808,DOCENTE,8
819,DOCENTE,3
820,DOCENTE,9
836,DOCENTE,5
843,DOCENTE,8
844,DOCENTE,10
846,DOCENTE,10
850,DOCENTE,10
851,DOCENTE,5
870,DOCENTE,0
874,DOCENTE,1
898,DOCENTE,3
912,DOCENTE,7
921,DOCENTE,7
923,DOCENTE,10
926,DOCENTE,10
931,DOCENTE,10
954,DOCENTE,8
955,DOCENTE,7
964,DOCENTE,10
973,DOCENTE,10
981,DOCENTE,10
986,DOCENTE,7
988,DOCENTE,7
999,DOCENTE,7
1001,DOCENTE,7
1003,DOCENTE,10
1006,DOCENTE,10
1010,DOCENTE,5
1013,DOCENTE,10
1041,DOCENTE,9
1043,DOCENTE,7
1045,DOCENTE,7
1052,DOCENTE,0
1058,DOCENTE,7
1060,DOCENTE,7
1063,DOCENTE,10
1075,DOCENTE,5
1086,DOCENTE,10
1094,DOCENTE,2
1097,DOCENTE,10
1098,DOCENTE,7
1101,DOCENTE,10
1108,DOCENTE,10
1113,DOCENTE,2
1135,DOCENTE,10
1142,DOCENTE,8
1145,DOCENTE,9
1153,DOCENTE,7
1154,DOCENTE,3
1164,DOCENTE,3
1170,DOCENTE,10
1176,DOCENTE,7
1178,DOCENTE,1
1193,DOCENTE,8
1202,DOCENTE,3
1211,DOCENTE,7
1212,DOCENTE,10
1213,DOCENTE,8
1216,DOCENTE,7
1219,DOCENTE,8
1220,DOCENTE,10
1230,DOCENTE,7
1231,DOCENTE,5
1232,DOCENTE,10
1235,DOCENTE,7
1246,DOCENTE,8
1252,DOCENTE,7
1262,DOCENTE,10
1277,DOCENTE,9
1308,DOCENTE,0
1315,DOCENTE,7
1329,DOCENTE,0
1335,DOCENTE,7
1339,DOCENTE,7
1349,DOCENTE,8
1360,DOCENTE,7
1363,DOCENTE,0
1364,DOCENTE,8
1373,DOCENTE,10
1400,DOCENTE,7
1411,DOCENTE,7
1421,DOCENTE,7
1424,DOCENTE,7
1426,DOCENTE,7
1430,DOCENTE,8
1433,DOCENTE,8
1444,DOCENTE,7
1451,DOCENTE,8
1472,DOCENTE,10
1517,DOCENTE,10
1526,DOCENTE,10
1550,DOCENTE,3
1553,DOCENTE,10
1557,DOCENTE,8
1569,DOCENTE,7
1576,DOCENTE,7
1577,DOCENTE,7
1583,DOCENTE,0
1586,DOCENTE,7
1593,DOCENTE,3
1601,DOCENTE,1
1606,DOCENTE,10
1614,DOCENTE,7
1657,DOCENTE,9
1662,DOCENTE,7
1668,DOCENTE,7
1670,DOCENTE,10
1674,DOCENTE,10
1681,DOCENTE,7
1688,DOCENTE,5
1689,DOCENTE,9
1697,DOCENTE,10
1701,DOCENTE,8
1706,DOCENTE,7
1728,DOCENTE,5
1741,DOCENTE,0
1742,DOCENTE,5
1760,DOCENTE,10
1797,DOCENTE,7
1812,DOCENTE,5
1848,DOCENTE,9
1857,DOCENTE,7
1877,DOCENTE,7
1885,DOCENTE,8
1888,DOCENTE,0
1889,DOCENTE,10
1891,DOCENTE,0
1903,DOCENTE,1
1933,DOCENTE,7
1935,DOCENTE,7
1945,DOCENTE,9
1947,DOCENTE,10
1961,DOCENTE,1
1971,DOCENTE,7
1977,DOCENTE,10
1979,DOCENTE,0
2006,DOCENTE,5
2036,DOCENTE,3
2051,DOCENTE,0
2052,DOCENTE,8
2067,DOCENTE,9
2069,DOCENTE,7
2081,DOCENTE,8
2097,DOCENTE,8
2098,DOCENTE,7
2103,DOCENTE,3
2125,DOCENTE,9
2137,DOCENTE,5
2147,DOCENTE,7
2152,DOCENTE,7
2161,DOCENTE,7
2167,DOCENTE,8
2178,DOCENTE,10
2194,DOCENTE,7
2196,DOCENTE,2
2200,DOCENTE,7
2203,DOCENTE,5
2208,DOCENTE,8
2280,DOCENTE,5
2283,DOCENTE,0
2293,DOCENTE,8
2308,DOCENTE,8
2312,DOCENTE,7
2390,DOCENTE,0
2419,DOCENTE,10
2487,DOCENTE,4
2498,DOCENTE,0
2516,DOCENTE,10
2524,DOCENTE,8
2546,DOCENTE,4
2569,DOCENTE,8
2593,DOCENTE,4
2608,DOCENTE,3
2637,DOCENTE,8
2651,DOCENTE,7
2655,DOCENTE,3
2657,DOCENTE,0
2663,DOCENTE,9
2696,DOCENTE,7
2701,DOCENTE,1
2710,DOCENTE,3
2753,DOCENTE,5
2755,DOCENTE,0
2803,DOCENTE,8
2815,DOCENTE,3
2824,DOCENTE,5
2830,DOCENTE,7
2834,DOCENTE,3
2844,DOCENTE,5
2850,DOCENTE,3
2888,DOCENTE,0
2930,DOCENTE,8
2950,DOCENTE,8
2966,DOCENTE,3
3015,DOCENTE,8
3017,DOCENTE,2
3025,DOCENTE,4
3057,DOCENTE,7
3060,DOCENTE,0
3078,DOCENTE,9
3093,DOCENTE,0
3097,DOCENTE,7
3130,DOCENTE,9
3131,DOCENTE,0
3160,DOCENTE,7
3165,DOCENTE,2
3198,DOCENTE,3
3208,DOCENTE,5
3218,DOCENTE,9
3235,DOCENTE,2
3246,DOCENTE,0
3247,DOCENTE,8
3255,DOCENTE,7
3275,DOCENTE,7
3280,DOCENTE,10
3286,DOCENTE,8
3309,DOCENTE,7
3310,DOCENTE,7
3312,DOCENTE,10
3313,DOCENTE,1
3324,DOCENTE,3
3326,DOCENTE,7
3333,DOCENTE,8
3342,DOCENTE,10
3380,DOCENTE,8
3454,DOCENTE,10
3455,DOCENTE,3
3466,DOCENTE,10
3471,DOCENTE,7
3491,DOCENTE,8
3492,DOCENTE,10
3519,DOCENTE,10
3541,DOCENTE,5
3578,DOCENTE,8
3592,DOCENTE,1
3593,DOCENTE,10
3596,DOCENTE,1
3600,DOCENTE,7
3612,DOCENTE,10
3619,DOCENTE,10
3634,DOCENTE,7
3651,DOCENTE,7
3659,DOCENTE,8
3683,DOCENTE,7
3685,DOCENTE,7
3724,DOCENTE,5
3725,DOCENTE,7
3727,DOCENTE,8
3728,DOCENTE,7
3729,DOCENTE,10
3732,DOCENTE,7
3738,DOCENTE,7
3740,DOCENTE,7
3758,DOCENTE,0
3760,DOCENTE,7
3765,DOCENTE,10
3773,DOCENTE,0
3774,DOCENTE,2
3777,DOCENTE,0
3783,DOCENTE,0
3788,DOCENTE,0
3800,DOCENTE,7
3801,DOCENTE,0
3807,DOCENTE,0
3811,DOCENTE,0
3820,DOCENTE,0
3821,DOCENTE,3
3829,DOCENTE,0
3962,DOCENTE,3
3973,DOCENTE,8
3987,DOCENTE,5
4001,DOCENTE,5
4024,DOCENTE,5
4029,DOCENTE,9
4036,DOCENTE,8
4067,DOCENTE,3
4075,DOCENTE,7
4082,DOCENTE,8
4100,DOCENTE,1
4103,DOCENTE,5
4135,DOCENTE,7
4199,DOCENTE,5
4231,DOCENTE,8
4233,DOCENTE,8
4242,DOCENTE,8
4267,DOCENTE,7
4273,DOCENTE,9
4279,DOCENTE,8
4296,DOCENTE,7
4300,DOCENTE,0
4337,DOCENTE,5
4342,DOCENTE,7
4343,DOCENTE,0
4383,DOCENTE,5
4395,DOCENTE,5
4401,DOCENTE,8
4488,DOCENTE,4
4490,DOCENTE,9
4527,DOCENTE,8
4560,DOCENTE,8
4635,DOCENTE,8
4667,DOCENTE,4
4675,DOCENTE,8
4707,DOCENTE,8
4714,DOCENTE,8
4776,DOCENTE,5
4829,DOCENTE,0
4835,DOCENTE,8
4894,DOCENTE,3
4901,DOCENTE,0
4924,DOCENTE,0
4971,DOCENTE,8
5027,DOCENTE,7
5087,DOCENTE,3
5185,DOCENTE,3
5280,DOCENTE,0
5290,DOCENTE,0
5307,DOCENTE,8
5323,DOCENTE,0
5325,DOCENTE,10
5336,DOCENTE,7
5337,DOCENTE,7
5339,DOCENTE,0
5356,DOCENTE,7
5361,DOCENTE,0
5371,DOCENTE,8
5388,DOCENTE,0
5417,DOCENTE,5
5436,DOCENTE,9
5460,DOCENTE,7
5583,DOCENTE,3
5588,DOCENTE,8
5590,DOCENTE,8
5607,DOCENTE,3
5616,DOCENTE,4
5653,DOCENTE,9
5831,DOCENTE,3
6056,DOCENTE,8
6120,DOCENTE,2
6127,DOCENTE,2
6160,DOCENTE,5
6163,DOCENTE,2
6241,DOCENTE,8
6847,DOCENTE,7
6870,DOCENTE,9
6939,DOCENTE,0
6992,DOCENTE,10
7232,DOCENTE,0
7281,DOCENTE,5
7308,DOCENTE,0
7351,DOCENTE,8
7374,DOCENTE,5
7389,DOCENTE,0
7416,DOCENTE,4
7419,DOCENTE,5
7443,DOCENTE,5
7726,DOCENTE,0
8024,DOCENTE,2
8120,DOCENTE,7
8293,DOCENTE,4
8301,DOCENTE,0
8327,DOCENTE,9
8335,DOCENTE,3
8433,DOCENTE,8
8442,DOCENTE,8
8446,DOCENTE,9
8457,DOCENTE,8
8497,DOCENTE,8
8530,DOCENTE,9
8666,DOCENTE,0
8757,DOCENTE,3
8762,DOCENTE,4
8766,DOCENTE,8
8884,DOCENTE,7
8975,DOCENTE,5
9029,DOCENTE,3
9035,DOCENTE,3
9457,DOCENTE,5
9465,DOCENTE,7
9510,DOCENTE,8
9654,DOCENTE,5
9693,DOCENTE,3
9715,DOCENTE,4
9816,DOCENTE,8
9855,DOCENTE,0
9936,DOCENTE,5
10023,DOCENTE,2
10059,DOCENTE,0
10093,DOCENTE,2
10130,DOCENTE,7
10136,DOCENTE,5
10157,DOCENTE,8
10191,DOCENTE,5
10248,DOCENTE,8
10352,DOCENTE,3
10441,DOCENTE,1
10447,DOCENTE,2
10597,DOCENTE,5
10646,DOCENTE,3
10941,DOCENTE,8
10946,DOCENTE,5
11053,DOCENTE,3
11174,DOCENTE,2
11234,DOCENTE,0
11351,DOCENTE,2
11509,DOCENTE,7
11851,DOCENTE,5
11859,DOCENTE,0
11918,DOCENTE,0
12371,DOCENTE,4
12403,DOCENTE,5
12411,DOCENTE,5
12422,DOCENTE,7
12781,DOCENTE,5
12880,DOCENTE,8
12900,DOCENTE,9
13055,DOCENTE,8
13325,DOCENTE,9
13326,DOCENTE,0
13532,DOCENTE,7
13566,DOCENTE,8
13660,DOCENTE,9
13674,DOCENTE,5
13705,DOCENTE,7
13708,DOCENTE,7
13756,DOCENTE,3
13779,DOCENTE,7
13801,DOCENTE,5
13876,DOCENTE,3
13895,DOCENTE,5
13929,DOCENTE,4
13994,DOCENTE,8
14004,DOCENTE,8
14060,DOCENTE,8
14089,DOCENTE,8
14113,DOCENTE,5
14147,DOCENTE,0
14153,DOCENTE,0
14155,DOCENTE,8
14164,DOCENTE,2
14179,DOCENTE,5
14185,DOCENTE,5
14216,DOCENTE,8
14261,DOCENTE,8
14309,DOCENTE,9
14321,DOCENTE,2
14328,DOCENTE,0
14333,DOCENTE,3
14340,DOCENTE,2
14361,DOCENTE,4
14390,DOCENTE,8
14397,DOCENTE,1
14464,DOCENTE,1
14465,DOCENTE,8
14489,DOCENTE,5
14497,DOCENTE,1
14547,DOCENTE,1
14617,DOCENTE,9
17054,DOCENTE,9
17123,DOCENTE,1
18327,DOCENTE,5
20698,DOCENTE,9
21004,DOCENTE,1
21436,DOCENTE,9
21772,DOCENTE,7
21907,DOCENTE,3
22230,DOCENTE,8
22233,DOCENTE,5
22250,DOCENTE,0
22321,DOCENTE,8
22783,DOCENTE,9
23468,DOCENTE,9
23552,DOCENTE,8
23638,DOCENTE,4
24479,DOCENTE,3
24526,DOCENTE,2
25170,DOCENTE,3
25259,DOCENTE,8
25565,DOCENTE,7
25763,DOCENTE,4
25856,DOCENTE,9
25989,DOCENTE,8
26171,DOCENTE,8
26655,DOCENTE,9
26740,DOCENTE,3
27203,DOCENTE,0
27736,DOCENTE,9
28061,DOCENTE,7
28660,DOCENTE,8
28957,DOCENTE,5
29216,DOCENTE,0
29289,DOCENTE,7
29498,DOCENTE,0
29537,DOCENTE,8
30219,DOCENTE,8
30390,DOCENTE,7
30492,DOCENTE,1
30674,DOCENTE,0
31176,DOCENTE,8
32178,DOCENTE,0
33010,DOCENTE,3
33100,DOCENTE,3
33872,DOCENTE,8
35095,DOCENTE,8
35262,DOCENTE,0
35373,DOCENTE,2
35472,DOCENTE,5
36033,DOCENTE,8
36586,DOCENTE,7
37082,DOCENTE,5
37182,DOCENTE,0
37198,DOCENTE,5
37842,DOCENTE,8
37954,DOCENTE,8
38281,DOCENTE,0
38282,DOCENTE,8
38858,DOCENTE,0
38996,DOCENTE,8
39214,DOCENTE,7
39215,DOCENTE,2
39413,DOCENTE,0
40210,DOCENTE,3
41004,DOCENTE,8
41411,DOCENTE,0
41626,DOCENTE,8
41644,DOCENTE,8
42800,DOCENTE,0
42893,DOCENTE,4
43101,DOCENTE,8
43224,DOCENTE,8
43587,DOCENTE,8
44046,DOCENTE,4
44205,DOCENTE,8
44496,DOCENTE,0
44538,DOCENTE,8
44859,DOCENTE,8
44884,DOCENTE,8
44927,DOCENTE,3
45059,DOCENTE,8
46306,DOCENTE,8
46564,DOCENTE,3
46684,DOCENTE,9
46760,DOCENTE,6
47061,DOCENTE,2
47478,DOCENTE,3
48405,DOCENTE,8
48755,DOCENTE,3
48840,DOCENTE,3
48885,DOCENTE,8
48938,DOCENTE,9
49390,DOCENTE,9
49500,DOCENTE,5
49657,DOCENTE,8
49789,DOCENTE,8
49839,DOCENTE,2
49869,DOCENTE,6
49926,DOCENTE,2
50103,DOCENTE,8
50416,DOCENTE,5
51050,DOCENTE,8
51159,DOCENTE,3
51177,DOCENTE,5
51195,DOCENTE,8
51212,DOCENTE,0
51232,DOCENTE,0
51391,DOCENTE,7
51595,DOCENTE,3
51681,DOCENTE,8
51716,DOCENTE,2
51880,DOCENTE,8
52004,DOCENTE,8
52227,DOCENTE,3
52365,DOCENTE,5
52751,DOCENTE,4
52752,DOCENTE,3
52852,DOCENTE,5
52873,DOCENTE,1
52916,DOCENTE,4
52953,DOCENTE,8
53126,DOCENTE,8
53238,DOCENTE,7
53239,DOCENTE,0
53355,DOCENTE,8
53361,DOCENTE,8
53554,DOCENTE,4
53697,DOCENTE,9
53811,DOCENTE,5
53814,DOCENTE,3
53856,DOCENTE,5
53860,DOCENTE,3
53888,DOCENTE,3
54155,DOCENTE,7
54568,DOCENTE,3
54603,DOCENTE,8
54701,DOCENTE,8
54706,DOCENTE,8
54744,DOCENTE,3
54845,DOCENTE,3
55101,DOCENTE,5
55104,DOCENTE,8
55230,DOCENTE,8
55666,DOCENTE,8
55699,DOCENTE,5
55731,DOCENTE,8
55735,DOCENTE,7
55753,DOCENTE,1
55814,DOCENTE,1
55817,DOCENTE,9
56170,DOCENTE,1
56180,DOCENTE,8
56189,DOCENTE,8
56233,DOCENTE,3
56413,DOCENTE,7
56529,DOCENTE,8
56567,DOCENTE,1
56607,DOCENTE,8
56628,DOCENTE,5
56639,DOCENTE,3
56743,DOCENTE,3
56798,DOCENTE,5
56809,DOCENTE,8
56935,DOCENTE,4
57062,DOCENTE,2
57135,DOCENTE,4
57143,DOCENTE,3
57181,DOCENTE,8
57199,DOCENTE,1
57204,DOCENTE,8
57365,DOCENTE,8
57394,DOCENTE,1
57503,DOCENTE,8
57652,DOCENTE,8
57700,DOCENTE,8
57729,DOCENTE,4
57817,DOCENTE,2
57960,DOCENTE,2
58345,DOCENTE,2
58595,DOCENTE,3
58609,DOCENTE,5
58627,DOCENTE,2
58629,DOCENTE,1
58645,DOCENTE,3
58710,DOCENTE,8
58711,DOCENTE,3
58749,DOCENTE,8
58795,DOCENTE,3
58819,DOCENTE,8
58867,DOCENTE,4
58915,DOCENTE,0
58939,DOCENTE,2
58968,DOCENTE,7
59059,DOCENTE,3
59104,DOCENTE,3
59151,DOCENTE,3
59177,DOCENTE,0
59216,DOCENTE,1
59217,DOCENTE,2
59225,DOCENTE,3
59234,DOCENTE,5
59237,DOCENTE,3
59239,DOCENTE,3
59468,DOCENTE,2
59484,DOCENTE,1
59495,DOCENTE,9
59525,DOCENTE,3
59557,DOCENTE,8
59660,DOCENTE,5
59670,DOCENTE,8
59691,DOCENTE,3
59754,DOCENTE,4
59794,DOCENTE,5
59818,DOCENTE,3
59822,DOCENTE,3
59955,DOCENTE,8
59958,DOCENTE,0
59964,DOCENTE,2
59988,DOCENTE,9
60020,DOCENTE,3
60112,DOCENTE,2
60114,DOCENTE,5
60187,DOCENTE,1
60260,DOCENTE,8
60263,DOCENTE,3
60306,DOCENTE,1
60347,DOCENTE,1
60381,DOCENTE,9
60402,DOCENTE,4
60408,DOCENTE,4
60474,DOCENTE,8
60511,DOCENTE,9
60559,DOCENTE,2
60619,DOCENTE,2
60687,DOCENTE,4
60838,DOCENTE,8
61199,DOCENTE,8
61359,DOCENTE,7
61664,DOCENTE,0
61751,DOCENTE,0
61775,DOCENTE,3
61948,DOCENTE,0
64417,DOCENTE,5
64647,DOCENTE,5
64657,DOCENTE,3
64903,DOCENTE,3
65191,DOCENTE,8
65192,DOCENTE,9
65357,DOCENTE,8
65359,DOCENTE,8
65363,DOCENTE,8
65364,DOCENTE,5
65367,DOCENTE,7
65378,DOCENTE,8
65380,DOCENTE,1
65745,DOCENTE,5
65828,DOCENTE,8
66011,DOCENTE,2
66025,DOCENTE,8
66037,DOCENTE,8
66041,DOCENTE,8
66062,DOCENTE,2
66078,DOCENTE,9
66149,DOCENTE,9
66174,DOCENTE,8
66177,DOCENTE,3
66201,DOCENTE,4
66205,DOCENTE,4
66209,DOCENTE,9
66315,DOCENTE,8
66660,DOCENTE,3
66819,DOCENTE,0
66836,DOCENTE,8
66966,DOCENTE,0
66974,DOCENTE,0
67008,DOCENTE,3
67133,DOCENTE,0
67497,DOCENTE,0
67720,DOCENTE,5
67973,DOCENTE,8
68084,DOCENTE,3
68186,DOCENTE,3
68191,DOCENTE,8
68232,DOCENTE,8
68247,DOCENTE,2
69846,DOCENTE,4
70512,DOCENTE,0
71044,DOCENTE,8
72101,DOCENTE,8
72297,DOCENTE,8
72321,DOCENTE,4
73396,DOCENTE,9
73399,DOCENTE,1
73427,DOCENTE,0
73466,DOCENTE,0
73485,DOCENTE,3
73495,DOCENTE,2
73498,DOCENTE,3
73504,DOCENTE,8
73569,DOCENTE,3
73609,DOCENTE,2
73715,DOCENTE,2
73763,DOCENTE,0
73799,DOCENTE,8
73803,DOCENTE,3
73837,DOCENTE,8
74221,DOCENTE,4
74257,DOCENTE,8
74261,DOCENTE,8
74334,DOCENTE,4
75537,DOCENTE,5
75543,DOCENTE,2
75635,DOCENTE,8
75684,DOCENTE,6
75701,DOCENTE,2
75712,DOCENTE,2
75723,DOCENTE,4
75738,DOCENTE,2
75739,DOCENTE,1
75747,DOCENTE,2
75750,DOCENTE,3
75751,DOCENTE,8
75755,DOCENTE,3
75804,DOCENTE,2
75838,DOCENTE,8
75859,DOCENTE,1
75860,DOCENTE,1
75946,DOCENTE,8
75961,DOCENTE,3
75964,DOCENTE,2
75998,DOCENTE,2
76024,DOCENTE,3
76043,DOCENTE,2
76063,DOCENTE,2
76065,DOCENTE,2
76069,DOCENTE,3
76072,DOCENTE,2
76092,DOCENTE,2
76093,DOCENTE,6
76094,DOCENTE,6
76104,DOCENTE,6
76115,DOCENTE,2
76218,DOCENTE,0
76778,DOCENTE,8
77007,DOCENTE,1
77401,DOCENTE,5
77512,DOCENTE,0
77528,DOCENTE,1
77575,DOCENTE,5
77628,DOCENTE,2
77629,DOCENTE,2
77663,DOCENTE,4
77679,DOCENTE,2
77712,DOCENTE,3
77720,DOCENTE,2
77727,DOCENTE,2
77734,DOCENTE,3
77764,DOCENTE,3
77788,DOCENTE,8
77803,DOCENTE,3
77835,DOCENTE,2
77854,DOCENTE,1
77855,DOCENTE,1
77927,DOCENTE,2
77935,DOCENTE,2
77974,DOCENTE,6
77994,DOCENTE,2
78002,DOCENTE,0
78066,DOCENTE,5
78086,DOCENTE,3
78101,DOCENTE,2
78121,DOCENTE,4
78220,DOCENTE,8
78260,DOCENTE,4
78305,DOCENTE,4
78314,DOCENTE,8
78357,DOCENTE,3
78381,DOCENTE,6
78432,DOCENTE,3
78499,DOCENTE,3
78520,DOCENTE,2
78543,DOCENTE,2
78656,DOCENTE,5
78685,DOCENTE,3
78731,DOCENTE,5
78761,DOCENTE,3
78762,DOCENTE,1
78866,DOCENTE,5
78867,DOCENTE,0
78898,DOCENTE,5
78953,DOCENTE,0
80032,DOCENTE,0
80194,DOCENTE,0
80200,DOCENTE,0
80206,DOCENTE,0
80235,DOCENTE,8
80316,DOCENTE,0
80318,DOCENTE,0
80918,DOCENTE,2
81247,DOCENTE,3
81391,DOCENTE,0
81684,DOCENTE,0
81761,DOCENTE,0
81832,DOCENTE,8
82478,DOCENTE,8
82483,DOCENTE,8
86407,DOCENTE,3
86494,DOCENTE,5
90113,DOCENTE,8
91014,DOCENTE,0
94437,DOCENTE,2
94835,DOCENTE,2
95278,DOCENTE,5
95335,DOCENTE,3
95471,DOCENTE,3
95480,DOCENTE,4
95498,DOCENTE,5
95506,DOCENTE,3
95516,DOCENTE,7
95539,DOCENTE,0
95564,DOCENTE,5
95565,DOCENTE,5
95575,DOCENTE,8
95580,DOCENTE,2
95586,DOCENTE,2
95607,DOCENTE,7
95633,DOCENTE,3
95687,DOCENTE,6
95689,DOCENTE,0
95732,DOCENTE,0
95746,DOCENTE,2
95751,DOCENTE,1
95763,DOCENTE,2
95787,DOCENTE,8
95807,DOCENTE,2
95830,DOCENTE,4
95870,DOCENTE,3
95878,DOCENTE,2
95911,DOCENTE,3
95923,DOCENTE,3
95965,DOCENTE,3
95980,DOCENTE,1
95985,DOCENTE,8
95988,DOCENTE,4
96023,DOCENTE,8
96034,DOCENTE,8
96042,DOCENTE,4
96050,DOCENTE,2
96064,DOCENTE,4
96137,DOCENTE,3
96145,DOCENTE,4
96166,DOCENTE,8
96198,DOCENTE,6
96208,DOCENTE,1
96213,DOCENTE,2
96232,DOCENTE,8
96244,DOCENTE,2
96298,DOCENTE,5
96315,DOCENTE,0
96324,DOCENTE,2
96345,DOCENTE,3
96391,DOCENTE,2
96499,DOCENTE,3
96556,DOCENTE,8
96570,DOCENTE,4
96607,DOCENTE,3
96618,DOCENTE,4
96625,DOCENTE,6
96626,DOCENTE,2
96660,DOCENTE,4
96672,DOCENTE,4
96707,DOCENTE,1
96713,DOCENTE,1
96863,DOCENTE,2
96867,DOCENTE,3
96877,DOCENTE,3
96900,DOCENTE,4
96905,DOCENTE,3
96924,DOCENTE,3
96954,DOCENTE,3
96958,DOCENTE,0
97002,DOCENTE,0
97011,DOCENTE,1
97024,DOCENTE,4
97029,DOCENTE,2
97037,DOCENTE,8
97056,DOCENTE,4
97077,DOCENTE,4
97130,DOCENTE,3
97137,DOCENTE,3
97139,DOCENTE,3
97140,DOCENTE,3
97145,DOCENTE,2
97155,DOCENTE,2
97195,DOCENTE,3
97239,DOCENTE,4
97254,DOCENTE,4
97299,DOCENTE,8
97328,DOCENTE,3
97362,DOCENTE,4
97379,DOCENTE,4
97410,DOCENTE,1
97461,DOCENTE,9
97463,DOCENTE,5
97465,DOCENTE,8
97468,DOCENTE,5
97471,DOCENTE,0
97472,DOCENTE,0
97473,DOCENTE,5
97486,DOCENTE,0
97530,DOCENTE,3
97562,DOCENTE,5
97602,DOCENTE,9
97664,DOCENTE,0
97703,DOCENTE,5
97829,DOCENTE,2
97845,DOCENTE,8
97846,DOCENTE,8
97853,DOCENTE,1
97876,DOCENTE,4
97926,DOCENTE,4
97928,DOCENTE,8
98030,DOCENTE,5
98034,DOCENTE,5
98037,DOCENTE,3
98038,DOCENTE,3
98040,DOCENTE,3
98044,DOCENTE,2
98053,DOCENTE,8
98113,DOCENTE,6
98201,DOCENTE,8
98256,DOCENTE,3
98340,DOCENTE,2
98342,DOCENTE,2
98344,DOCENTE,2
98357,DOCENTE,3
98380,DOCENTE,1
98413,DOCENTE,6
98417,DOCENTE,8
98433,DOCENTE,3
98467,DOCENTE,1
98468,DOCENTE,1
98473,DOCENTE,2
98482,DOCENTE,8
98536,DOCENTE,6
98581,DOCENTE,3
98610,DOCENTE,3
98657,DOCENTE,6
98678,DOCENTE,6
98684,DOCENTE,2
98686,DOCENTE,3
98706,DOCENTE,3
98732,DOCENTE,2
98757,DOCENTE,3
98780,DOCENTE,2
98828,DOCENTE,4
98838,DOCENTE,3
98842,DOCENTE,1
98851,DOCENTE,2
98855,DOCENTE,2
98892,DOCENTE,1
98896,DOCENTE,4
98935,DOCENTE,9
98936,DOCENTE,0
98950,DOCENTE,9
98962,DOCENTE,9
98966,DOCENTE,3
98968,DOCENTE,9
98971,DOCENTE,0
98973,DOCENTE,9
98980,DOCENTE,9
99043,DOCENTE,5
99083,DOCENTE,0
99100,DOCENTE,4
99110,DOCENTE,8
99124,DOCENTE,4
99136,DOCENTE,1
99138,DOCENTE,1
99141,DOCENTE,1
99143,DOCENTE,8
99225,DOCENTE,2
99249,DOCENTE,1
99267,DOCENTE,2
99308,DOCENTE,3
99419,DOCENTE,1
99588,DOCENTE,6
99718,DOCENTE,6
99736,DOCENTE,0
99772,DOCENTE,1
99869,DOCENTE,6
99877,DOCENTE,6
99883,DOCENTE,2
99887,DOCENTE,3
99944,DOCENTE,2
99956,DOCENTE,4
100016,DOCENTE,6
100055,DOCENTE,8
100136,DOCENTE,2
100228,DOCENTE,3
100276,DOCENTE,2
100304,DOCENTE,6
100334,DOCENTE,6
100423,DOCENTE,6
100427,DOCENTE,3
100437,DOCENTE,4
100484,DOCENTE,3
100490,DOCENTE,4
100518,DOCENTE,1
100523,DOCENTE,1
100555,DOCENTE,6
100664,DOCENTE,3
100675,DOCENTE,8
100696,DOCENTE,4
100722,DOCENTE,3
100731,DOCENTE,3
100792,DOCENTE,5
100801,DOCENTE,0
100940,DOCENTE,3
101233,DOCENTE,2
101243,DOCENTE,6
101265,DOCENTE,3
101281,DOCENTE,8
101290,DOCENTE,1
101297,DOCENTE,8
101329,DOCENTE,3
101480,DOCENTE,1
101818,DOCENTE,4
101883,DOCENTE,1
101896,DOCENTE,6
102035,DOCENTE,2
102504,DOCENTE,8
102508,DOCENTE,3
102509,DOCENTE,2
102518,DOCENTE,2
102526,DOCENTE,5
102559,DOCENTE,3
102560,DOCENTE,1
102572,DOCENTE,2
102575,DOCENTE,2
102576,DOCENTE,2
102577,DOCENTE,1
102604,DOCENTE,6
102634,DOCENTE,2
102655,DOCENTE,1
102656,DOCENTE,1
102665,DOCENTE,1
102668,DOCENTE,1
102670,DOCENTE,8
102674,DOCENTE,1
102688,DOCENTE,4
102747,DOCENTE,1
102812,DOCENTE,1
102901,DOCENTE,1
102915,DOCENTE,3
102964,DOCENTE,8
102965,DOCENTE,0
102966,DOCENTE,3
102968,DOCENTE,3
102970,DOCENTE,7
102971,DOCENTE,3
102974,DOCENTE,0
102988,DOCENTE,1
103007,DOCENTE,6
103016,DOCENTE,1
103051,DOCENTE,6
103052,DOCENTE,1
103060,DOCENTE,2
103076,DOCENTE,4
103094,DOCENTE,3
103095,DOCENTE,3
103096,DOCENTE,8
103128,DOCENTE,3
103135,DOCENTE,3
103141,DOCENTE,0
103174,DOCENTE,7
103178,DOCENTE,9
103189,DOCENTE,0
103195,DOCENTE,5
103196,DOCENTE,5
103230,DOCENTE,3
152512,DOCENTE,5
480354,DOCENTE,0
634492,DOCENTE,8
634493,DOCENTE,2
634521,DOCENTE,1
634579,DOCENTE,2
634587,DOCENTE,8
634588,DOCENTE,2
634593,DOCENTE,8
634625,DOCENTE,3
634645,DOCENTE,8
634661,DOCENTE,3
634709,DOCENTE,9
634728,DOCENTE,3
634773,DOCENTE,4
634789,DOCENTE,2
634797,DOCENTE,3
634800,DOCENTE,9
634801,DOCENTE,3
635845,DOCENTE,3
636088,DOCENTE,9
637706,DOCENTE,9
638504,DOCENTE,9
638513,DOCENTE,3
638554,DOCENTE,1
638611,DOCENTE,2
638661,DOCENTE,4
638813,DOCENTE,3
638919,DOCENTE,3
638921,DOCENTE,3
638933,DOCENTE,2
638937,DOCENTE,3
638941,DOCENTE,2
638950,DOCENTE,2
639024,DOCENTE,3
639046,DOCENTE,1
639057,DOCENTE,1
639058,DOCENTE,8
639176,DOCENTE,5
639198,DOCENTE,8
639200,DOCENTE,2
639213,DOCENTE,2
639241,DOCENTE,9
639243,DOCENTE,3
639250,DOCENTE,3
639257,DOCENTE,3
639269,DOCENTE,3
639300,DOCENTE,2
639307,DOCENTE,8
639308,DOCENTE,1
639425,DOCENTE,1
639460,DOCENTE,4
639481,DOCENTE,2
639500,DOCENTE,3
639501,DOCENTE,8
639791,DOCENTE,3
641237,DOCENTE,7
642071,DOCENTE,8
642127,DOCENTE,9
642192,DOCENTE,8
642219,DOCENTE,8
642252,DOCENTE,8
642311,DOCENTE,8
642325,DOCENTE,2
642330,DOCENTE,1
642360,DOCENTE,2
642382,DOCENTE,2
642402,DOCENTE,8
642404,DOCENTE,8
642424,DOCENTE,8
642433,DOCENTE,3
642599,DOCENTE,7
642649,DOCENTE,7
642708,DOCENTE,0
642759,DOCENTE,3
642871,DOCENTE,0
642876,DOCENTE,2
642966,DOCENTE,4
643054,DOCENTE,2
643061,DOCENTE,2
643117,DOCENTE,0
643248,DOCENTE,3
643304,DOCENTE,1
643308,DOCENTE,8
643309,DOCENTE,3
643312,DOCENTE,8
643321,DOCENTE,2
643333,DOCENTE,2
643337,DOCENTE,4
643351,DOCENTE,4
643361,DOCENTE,3
643377,DOCENTE,4
643378,DOCENTE,8
643396,DOCENTE,3
643421,DOCENTE,8
643445,DOCENTE,2
643480,DOCENTE,7
643498,DOCENTE,3
643562,DOCENTE,8
643578,DOCENTE,6
643587,DOCENTE,3
643647,DOCENTE,2
643656,DOCENTE,5
643705,DOCENTE,8
643715,DOCENTE,4
643723,DOCENTE,8
643726,DOCENTE,3
643742,DOCENTE,8
643773,DOCENTE,4
643789,DOCENTE,0
643899,DOCENTE,9
643995,DOCENTE,4
644047,DOCENTE,0
644133,DOCENTE,3
644141,DOCENTE,2
644153,DOCENTE,8
644158,DOCENTE,8
644211,DOCENTE,1
644262,DOCENTE,1
644281,DOCENTE,1
644312,DOCENTE,4
644365,DOCENTE,3
644368,DOCENTE,2
644382,DOCENTE,5
644384,DOCENTE,2
644387,DOCENTE,3
644388,DOCENTE,2
644406,DOCENTE,3
644440,DOCENTE,8
644484,DOCENTE,4
644500,DOCENTE,3
644515,DOCENTE,3
644516,DOCENTE,3
644521,DOCENTE,3
644526,DOCENTE,3
644527,DOCENTE,3
644530,DOCENTE,3
644571,DOCENTE,8
644579,DOCENTE,4
644606,DOCENTE,8
644698,DOCENTE,2
645089,DOCENTE,4
645105,DOCENTE,6
645142,DOCENTE,4
645153,DOCENTE,3
645159,DOCENTE,3
645207,DOCENTE,2
645214,DOCENTE,3
645261,DOCENTE,2
645277,DOCENTE,4
645293,DOCENTE,2
645468,DOCENTE,8
645513,DOCENTE,2
645542,DOCENTE,3
645553,DOCENTE,1
645591,DOCENTE,1
645627,DOCENTE,8
645689,DOCENTE,7
645695,DOCENTE,5
645722,DOCENTE,0
645724,DOCENTE,9
645801,DOCENTE,0
645829,DOCENTE,5
645940,DOCENTE,5
646025,DOCENTE,0
646055,DOCENTE,0
646111,DOCENTE,3
646191,DOCENTE,2
646192,DOCENTE,2
646196,DOCENTE,2
646202,DOCENTE,3
646220,DOCENTE,8
646222,DOCENTE,8
646256,DOCENTE,6
646418,DOCENTE,4
646519,DOCENTE,2
646521,DOCENTE,2
646525,DOCENTE,3
646695,DOCENTE,3
646717,DOCENTE,8
646749,DOCENTE,3
646785,DOCENTE,1
646835,DOCENTE,3
646881,DOCENTE,6
647000,DOCENTE,3
647036,DOCENTE,0
647234,DOCENTE,3
647308,DOCENTE,0
647364,DOCENTE,3
647524,DOCENTE,2
647678,DOCENTE,3
647711,DOCENTE,2
647747,DOCENTE,2
647813,DOCENTE,4
647831,DOCENTE,8
647873,DOCENTE,4
647955,DOCENTE,3
647957,DOCENTE,6
647968,DOCENTE,6
648005,DOCENTE,3
648036,DOCENTE,3
648047,DOCENTE,8
648076,DOCENTE,3
648247,DOCENTE,4
648262,DOCENTE,3
648265,DOCENTE,2
648267,DOCENTE,3
648282,DOCENTE,3
648427,DOCENTE,3
648455,DOCENTE,3
648513,DOCENTE,5
648615,DOCENTE,7
648617,DOCENTE,5
648623,DOCENTE,5
648638,DOCENTE,5
648639,DOCENTE,0
648667,DOCENTE,8
648694,DOCENTE,8
648710,DOCENTE,6
648775,DOCENTE,6
648778,DOCENTE,3
648810,DOCENTE,6
648841,DOCENTE,3
648983,DOCENTE,0
649047,DOCENTE,7
649184,DOCENTE,7
649206,DOCENTE,5
649207,DOCENTE,5
649239,DOCENTE,7
649245,DOCENTE,7
649255,DOCENTE,2
649282,DOCENTE,3
649294,DOCENTE,7
649335,DOCENTE,0
649338,DOCENTE,0
649373,DOCENTE,3
649377,DOCENTE,0
649383,DOCENTE,2
649396,DOCENTE,1
649398,DOCENTE,2
649411,DOCENTE,3
649436,DOCENTE,8
649460,DOCENTE,2
649516,DOCENTE,8
649573,DOCENTE,3
649592,DOCENTE,3
649600,DOCENTE,3
649602,DOCENTE,1
649631,DOCENTE,1
649634,DOCENTE,2
649635,DOCENTE,3
649650,DOCENTE,3
649656,DOCENTE,2
649663,DOCENTE,2
649708,DOCENTE,2
649715,DOCENTE,8
649778,DOCENTE,1
649788,DOCENTE,4
649827,DOCENTE,8
649829,DOCENTE,4
649836,DOCENTE,3
649921,DOCENTE,2
649959,DOCENTE,3
650090,DOCENTE,2
650129,DOCENTE,2
650143,DOCENTE,1
650162,DOCENTE,3
650168,DOCENTE,2
650192,DOCENTE,6
650342,DOCENTE,4
650482,DOCENTE,2
650568,DOCENTE,5
650613,DOCENTE,1
650954,DOCENTE,0
651104,DOCENTE,3
651108,DOCENTE,7
651120,DOCENTE,5
651128,DOCENTE,0
651144,DOCENTE,3
651268,DOCENTE,0
651294,DOCENTE,5
651346,DOCENTE,5
651350,DOCENTE,7
651366,DOCENTE,0
651370,DOCENTE,3
651372,DOCENTE,3
651513,DOCENTE,5
651665,DOCENTE,2
651680,DOCENTE,0
651729,DOCENTE,6
651738,DOCENTE,3
651763,DOCENTE,2
651799,DOCENTE,4
652047,DOCENTE,2
652058,DOCENTE,6
652072,DOCENTE,6
652275,DOCENTE,6
652412,DOCENTE,3
652450,DOCENTE,6
652462,DOCENTE,2
652543,DOCENTE,8
652545,DOCENTE,0
652546,DOCENTE,0
652557,DOCENTE,0
652562,DOCENTE,3
652563,DOCENTE,2
652564,DOCENTE,0
652579,DOCENTE,5
652580,DOCENTE,3
652582,DOCENTE,1
652589,DOCENTE,0
652590,DOCENTE,1
652624,DOCENTE,1
652641,DOCENTE,2
652655,DOCENTE,6
652656,DOCENTE,2
652665,DOCENTE,1
652684,DOCENTE,6
652714,DOCENTE,1
652759,DOCENTE,2
652768,DOCENTE,2
652796,DOCENTE,2
652798,DOCENTE,4
652816,DOCENTE,1
652823,DOCENTE,4
652826,DOCENTE,6
652839,DOCENTE,2
652859,DOCENTE,6
652898,DOCENTE,3
652902,DOCENTE,3
652934,DOCENTE,0
652989,DOCENTE,3
653010,DOCENTE,3
653183,DOCENTE,6
653534,DOCENTE,3
653547,DOCENTE,4
653651,DOCENTE,6
653770,DOCENTE,8
653852,DOCENTE,8
653854,DOCENTE,3
653884,DOCENTE,1
653914,DOCENTE,2
653985,DOCENTE,3
654104,DOCENTE,2
654107,DOCENTE,5
654169,DOCENTE,2
654191,DOCENTE,8
654197,DOCENTE,1
654221,DOCENTE,1
654247,DOCENTE,8
654250,DOCENTE,2
654253,DOCENTE,1
654262,DOCENTE,0
654297,DOCENTE,2
654354,DOCENTE,7
654355,DOCENTE,8
654356,DOCENTE,3
654357,DOCENTE,3
654358,DOCENTE,5
654359,DOCENTE,3
654360,DOCENTE,5
654361,DOCENTE,3
654363,DOCENTE,5
654364,DOCENTE,3
654365,DOCENTE,3
654370,DOCENTE,5
654374,DOCENTE,8
654376,DOCENTE,0
654379,DOCENTE,2
654387,DOCENTE,5
654392,DOCENTE,5
654407,DOCENTE,5
654455,DOCENTE,5
654490,DOCENTE,0
655235,DOCENTE,6
655447,DOCENTE,6
655509,DOCENTE,6
655522,DOCENTE,2
655538,DOCENTE,2
655555,DOCENTE,4
655569,DOCENTE,2
655570,DOCENTE,8
655588,DOCENTE,1
655624,DOCENTE,4
655729,DOCENTE,3
655736,DOCENTE,6
655779,DOCENTE,6
655925,DOCENTE,2
655963,DOCENTE,2
655974,DOCENTE,5
655982,DOCENTE,8
655989,DOCENTE,3
656019,DOCENTE,0
656587,DOCENTE,6
657319,DOCENTE,2
657331,DOCENTE,2
657356,DOCENTE,6
657449,DOCENTE,2
657500,DOCENTE,4
657523,DOCENTE,2
658138,DOCENTE,8
658319,DOCENTE,2
658334,DOCENTE,4
658362,DOCENTE,8
658363,DOCENTE,1
658364,DOCENTE,2
658365,DOCENTE,0
658366,DOCENTE,2
658371,DOCENTE,3
658560,DOCENTE,2
658674,DOCENTE,0
658676,DOCENTE,5
658678,DOCENTE,0
659263,DOCENTE,1
659295,DOCENTE,6
659582,DOCENTE,1
659596,DOCENTE,3
659627,DOCENTE,5
659644,DOCENTE,3
659664,DOCENTE,1
659665,DOCENTE,8
659674,DOCENTE,0
659678,DOCENTE,1
659679,DOCENTE,8
659680,DOCENTE,3
659690,DOCENTE,1
659691,DOCENTE,3
659692,DOCENTE,8
659818,DOCENTE,2
659822,DOCENTE,3
659823,DOCENTE,3
660059,DOCENTE,3
660310,DOCENTE,4
660358,DOCENTE,2
660675,DOCENTE,2
660726,DOCENTE,8
660727,DOCENTE,3
660730,DOCENTE,2
662018,DOCENTE,0
662044,DOCENTE,2
662064,DOCENTE,5
662109,DOCENTE,8
662157,DOCENTE,2
662172,DOCENTE,3
662183,DOCENTE,2
662184,DOCENTE,3
662490,DOCENTE,2
662510,DOCENTE,2
662673,DOCENTE,2
662679,DOCENTE,3
662684,DOCENTE,3
662688,DOCENTE,8
662694,DOCENTE,0
662717,DOCENTE,2
662718,DOCENTE,8
662721,DOCENTE,3
662765,DOCENTE,5
662771,DOCENTE,8
663058,DOCENTE,3
664776,DOCENTE,4
664869,DOCENTE,0
665063,DOCENTE,8
665145,DOCENTE,8
665316,DOCENTE,2
665432,DOCENTE,3
666375,DOCENTE,3
666633,DOCENTE,2
667562,DOCENTE,4
668010,DOCENTE,4
668121,DOCENTE,2
668132,DOCENTE,3
668333,DOCENTE,2
668363,DOCENTE,3
669390,DOCENTE,3
669476,DOCENTE,2
669691,DOCENTE,2
669912,DOCENTE,8
669913,DOCENTE,5
671930,DOCENTE,5
672911,DOCENTE,2
672957,DOCENTE,3
673473,DOCENTE,2
673638,DOCENTE,8
674610,DOCENTE,6
676557,DOCENTE,2
677411,DOCENTE,2
677434,DOCENTE,2
677460,DOCENTE,5
677461,DOCENTE,3
677462,DOCENTE,5
677508,DOCENTE,3
679555,DOCENTE,3
683629,DOCENTE,0
