IDPERSONA,PC1,PC2
26,0.024462411,-0.13934605
38,0.0063870642,0.037914507
39,-0.048423108,-0.09612407
40,-0.022324413,0.017576417
86,-0.024012247,-0.22053315
90,-0.03208768,-0.2508572
94,-0.029635599,-0.24387541
96,-0.002476737,-0.19742116
102,0.0022293127,0.067184865
129,-0.02522915,-0.24902435
130,0.04911598,-0.068691015
132,0.08626203,-0.07597887
135,0.010506321,-0.18799956
139,-0.22910738,0.121193156
140,-0.028791862,0.049915288
195,0.08566509,-0.060011722
215,0.07676,-0.109161206
216,-0.14755516,-0.10240319
217,0.12828249,-0.03265045
228,0.12583315,-0.05357545
229,0.051774263,0.024498565
231,0.13716379,0.03501447
244,0.13971019,0.066366404
256,-0.041849762,0.11373742
266,-0.0003811378,-0.23848177
274,0.10983816,-0.09368118
315,0.01882997,-0.18988168
398,-0.0036985637,-0.18325911
414,0.113939315,-0.07275586
419,-0.03614378,-0.22721797
425,-0.020020725,-0.19540662
452,0.10286998,0.07749482
489,-0.026705517,0.078554876
492,-0.042133313,0.04807258
519,-0.2577889,0.08798406
529,-0.014782698,-0.2262562
541,0.02094287,0.08309166
568,0.029025141,-0.008898879
592,0.0050636805,-0.18087055
594,-0.19911663,0.116118014
597,-0.006209942,-0.12911467
618,0.004077053,-0.015129099
641,0.058853216,-0.11175317
653,0.054700296,-0.1084878
656,0.032847136,-0.11187432
667,-0.010351855,-0.10674873
671,0.12695336,-0.07790262
675,0.05380953,-0.012123087
676,-0.24439688,0.10775362
678,0.04509285,-0.13906349
679,0.033863563,-0.054209206
692,0.10831554,0.002007058
695,-0.14645457,0.14951327
697,0.095039845,-0.11361108
705,0.076830365,-0.10114724
709,0.024556318,-0.17005995
716,0.08148663,-0.046002124
725,0.09055284,-0.08781756
733,0.13133226,0.023116214
760,-0.037327416,-0.2493399
762,0.009538237,-0.11190011
768,0.07222318,-0.10722949
769,0.011082762,-0.1905931
771,-0.045924142,-0.15737846
780,0.067067355,-0.10929742
787,0.04702562,-0.13473688
797,-0.019963333,-0.27622476
801,0.051204015,-0.16853108
803,0.0027375652,0.09729945
805,0.011579252,-0.17396684
807,0.0666871,0.019595537
808,0.13165872,-0.030786982
813,0.07672535,-0.13012177
815,-0.0071371733,-0.03352883
819,0.15072419,-0.030359773
820,-0.006391694,-0.25100034
831,0.043251347,-0.18164927
836,0.022019412,-0.015741212
840,0.08307812,-0.0068569914
843,0.11993548,0.0054234955
844,-0.037166808,-0.22942188
846,-0.03929563,-0.24049212
850,-0.0065855808,-0.20323865
851,0.046429534,-0.032373603
858,-0.13027875,-0.05033403
862,0.041004255,0.0059054447
865,0.050718755,-0.1721496
866,-0.020816209,-0.013147046
869,-0.023676686,-0.061185148
870,0.10815838,-0.049697008
874,0.065335646,0.0716809
878,0.0871199,0.020201959
883,-0.020881431,-0.030788656
891,0.10933654,-0.05802517
893,-0.13637081,-0.0654802
896,-0.20019132,-0.02888815
898,0.11483097,-0.012615656
903,0.02008559,0.03741354
912,0.016934898,-0.17856094
919,0.13030851,0.022227215
921,0.115361914,-0.08266823
923,-0.027667936,-0.23503757
926,-0.012384986,-0.21570559
931,-0.0151297655,-0.22208151
938,0.032688513,-0.019783106
939,-0.084431425,-0.052298307
944,0.107583284,-0.007312668
946,0.085417986,-0.074676804
948,-0.058501992,0.03711878
953,-0.03563115,-0.049631305
954,0.09337551,-0.029881096
955,0.02724655,-0.2048058
958,0.076987565,-0.14678214
960,0.014956897,0.060259912
964,-0.021460844,-0.22948053
969,-0.020909706,-0.24889049
970,-0.055597976,0.021437855
972,0.06663318,-0.023912394
973,0.016272344,-0.22947145
975,0.052078445,-0.016592275
978,-0.12491513,-0.03280212
981,-0.02714182,-0.24015555
986,0.022140106,-0.141132
988,0.027413765,-0.1666204
990,0.08243202,-0.0004652032
999,0.023789207,-0.19316708
1000,-0.041579627,-0.040168725
1001,0.00909536,-0.15137182
1003,-0.035502464,-0.17981988
1006,-0.016329635,-0.20603825
1010,0.08693704,0.0055648894
1013,0.0034530815,-0.20824134
1014,-0.21682468,0.01459626
1024,-0.092628226,0.1413449
1032,0.06678118,0.016323134
1033,0.0068813856,-0.01264484
1038,0.057414312,-0.12210128
1041,0.03341466,-0.22279668
1043,0.021402938,-0.1699676
1045,0.07363016,-0.13681802
1052,0.0533794,0.036045257
1058,0.10429546,-0.052704625
1060,0.08711485,-0.060969133
1061,0.11147561,0.0019717643
1063,-0.014829481,-0.22210361
1075,0.054968502,0.03878386
1086,-0.028990075,-0.22892003
1094,0.018805483,0.05361597
1097,-0.029958641,-0.25186718
1098,0.050876617,-0.1667672
1101,0.023389606,-0.22502197
1108,-0.012012864,-0.21072686
1113,0.013549144,0.006205094
1116,-0.088848166,-0.09709493
1122,-0.047650784,-0.14071606
1123,0.04204393,-0.02771815
1135,-0.009043109,-0.21380293
1140,0.13092232,0.03355191
1142,0.0559786,-0.055230867
1145,0.013325504,-0.19044325
1153,0.033911325,-0.1826132
1154,0.14209723,0.06445856
1164,0.074592695,0.005153932
1168,0.08050624,-0.008481542
1170,-0.07159657,-0.2541471
1176,0.014641046,-0.095915936
1178,-0.005500891,-0.046740435
1180,0.11808614,0.027147954
1193,0.040940963,0.0025640286
1201,0.05128602,0.09965058
1202,0.08166077,-0.008378183
1205,0.14589904,0.016497603
1206,0.02702748,-0.1465372
1211,0.0680013,-0.13984516
1212,0.0036158776,-0.18802032
1213,0.11069021,-0.073563755
1216,-0.013655996,-0.081693806
1219,0.14931944,0.071045384
1220,-0.008881249,-0.1915896
1221,-0.100191906,0.1171317
1225,-0.03163521,-0.088532016
1229,-0.034391258,-0.06126511
1230,-0.04212782,-0.060331482
1231,0.057843965,-0.0061316565
1232,-0.011858545,-0.21469714
1235,0.08968269,-0.09111406
1246,0.11109525,-0.0031112067
1247,0.0028359597,-0.16464809
1252,-0.0029537368,-0.07831361
1255,0.028536204,-0.025347069
1262,-0.019527553,-0.24362741
1268,0.08638397,0.010100771
1277,0.029126827,-0.21482782
1278,0.16305164,0.06021259
1295,-0.03439684,0.12474314
1298,-0.069332,0.11315341
1308,0.079736516,-0.028263872
1315,0.040398702,-0.081111565
1322,0.1284173,0.04339592
1329,0.021677146,0.008030187
1335,0.026487505,-0.17040956
1339,0.059551276,-0.119952336
1340,0.008916927,0.11787277
1349,0.101052515,-0.011068087
1354,0.10222966,-0.010914319
1360,0.046512336,-0.17552096
1363,0.12606691,-0.01876907
1364,0.08610227,0.021999015
1372,-0.02636879,0.054232433
1373,-0.030226741,-0.22256792
1375,-0.013058714,-0.21369629
1385,0.007481315,-0.041496653
1400,0.019539965,-0.13954905
1402,0.024449013,-0.054713022
1411,0.033451103,-0.17121665
1419,-0.23721349,0.11353201
1421,0.021111878,-0.18123473
1424,0.09261047,-0.07052964
1426,0.051491044,-0.10854557
1430,0.15724057,0.07084414
1433,0.12599264,0.03501112
1440,-0.045671456,0.115877606
1444,0.09637798,-0.093881495
1447,-0.009966148,0.07196775
1451,0.12059183,0.02701482
1457,0.088658534,-0.10103069
1460,0.043656092,0.071950205
1472,-0.0018952063,-0.21046413
1476,0.061738733,-0.01200635
1478,0.12918563,-0.0077132736
1485,0.033046078,9.4960946e-05
1496,0.10461764,-0.09601195
1517,-0.0008349594,-0.19380859
1526,0.003954681,-0.18981756
1527,0.02914635,-0.17722
1530,0.028606493,-0.020122737
1533,0.041209597,0.022365121
1534,0.08922587,0.009590966
1546,0.10174217,-0.03685323
1550,0.14943516,0.008854067
1553,-0.024534738,-0.21371013
1554,-0.046797603,0.037587624
1555,0.06727887,0.016276456
1557,0.13857019,0.038907405
1569,0.11615827,-0.10141103
1571,-0.18532625,0.11594954
1576,0.103227764,-0.06792606
1577,0.052336697,-0.13461092
1579,-0.19279005,0.13091391
1583,0.10963776,-0.039035823
1586,0.07413581,-0.083048955
1593,0.0764793,0.039280977
1595,-0.21668786,0.13182916
1597,-0.033117007,0.10455542
1598,0.043223154,-0.040239785
1601,-0.009754299,-0.025770783
1606,-0.020730885,-0.24418521
1614,0.019174991,-0.16151796
1616,0.035850495,-0.0024296662
1628,0.03705005,-0.017809961
1644,0.0022091721,0.0043306667
1657,0.02818788,-0.14512229
1660,0.13013245,0.019136481
1662,-0.022403402,-0.0673016
1668,0.04781882,-0.19009016
1670,-0.024803536,-0.17785232
1673,-0.06691175,0.12439148
1674,-0.061904155,-0.2482618
1676,0.123138204,0.0032132177
1681,0.01475047,-0.17695232
1687,-0.23278825,0.108841375
1688,0.02078573,-0.006167848
1689,0.01958823,-0.22366019
1697,-0.01884496,-0.26260772
1701,0.15766191,0.025133304
1706,0.0318183,-0.16102622
1728,-0.044664692,-0.06590365
1730,0.02059628,0.033725712
1741,0.10782578,-0.011357065
1742,0.07791499,0.0045317733
1750,-0.13944863,0.1308102
1752,0.008399164,0.021358058
1760,0.017970137,-0.17794861
1761,-0.15461056,0.12448529
1787,0.15294325,0.054161124
1790,0.100103654,-0.008335341
1794,0.080719024,-0.0035379191
1797,0.100461006,-0.076726034
1812,-0.0140317585,-0.011061373
1833,-0.0102738,0.09759329
1842,0.0060316524,-0.073894784
1848,0.039489534,-0.21388917
1857,0.041115,-0.18733482
1877,0.0627748,-0.15519026
1878,0.14315195,0.004024555
1885,0.1080792,-0.05452391
1888,0.115762204,-0.07076015
1889,-0.026205273,-0.24278538
1890,0.0027251467,-0.048201945
1891,0.07994172,-0.024668138
1903,-0.005215566,-0.022180947
1911,0.027954752,0.08120017
1933,0.074537195,-0.12557766
1935,0.041722026,-0.20935842
1941,0.112308666,0.06863628
1945,0.069146216,-0.077238
1947,0.003186607,-0.18650964
1948,-0.21533625,0.12188117
1961,0.019271288,-0.016553082
1971,0.027444072,-0.16870281
1977,-0.020739192,-0.21632706
1979,0.14047323,-0.038518
1991,0.088973194,-0.09524661
2006,0.07898047,0.027336547
2008,0.013198467,-0.19041055
2019,0.07275575,0.052863095
2022,0.07881382,-0.0012204639
2031,0.12259443,-0.036398757
2036,0.10886777,0.08119195
2045,-0.019329956,0.008664066
2049,0.11227435,-0.005935325
2051,0.021420786,-0.030859658
2052,0.10791101,-0.0561606
2058,0.13353229,0.01039375
2067,0.010054059,-0.22729716
2069,0.08751909,-0.10108952
2081,0.095803276,-0.062732935
2097,0.12705046,0.04903108
2098,0.011161626,-0.2047089
2103,0.1671839,0.046334255
2105,-0.021305228,-0.03795328
2125,-0.031509187,-0.26445213
2137,-0.035466667,0.02355694
2146,0.16258596,0.048770607
2147,0.022935115,-0.13517109
2152,0.01722079,-0.14650711
2161,0.030397214,-0.05819149
2167,0.112198465,-0.018059433
2178,-0.023645412,-0.18768296
2194,0.067649215,-0.13765605
2196,-0.010723587,0.036664944
2200,0.013495913,-0.20075785
2201,-0.014569691,0.095301226
2203,0.049987607,-0.03056463
2204,0.104207575,0.09048877
2208,0.15664622,0.08060934
2216,-0.079290435,-0.00886833
2237,0.06764833,0.021838885
2280,0.06504349,0.002021237
2283,0.013408812,-0.04850227
2293,0.063095205,0.01596054
2297,-0.057467006,-0.005645125
2299,0.15115912,0.034649506
2308,0.14110416,0.06600974
2312,0.07185859,-0.14693026
2350,0.015874023,0.03993876
2355,-0.14518073,-0.02016805
2370,0.1255671,0.016543662
2378,0.07402964,-0.042745702
2380,0.013289556,-0.16963382
2382,-0.13919064,0.102653444
2390,0.09147847,-0.10693926
2391,0.10944131,0.0098731285
2419,-0.002946397,-0.19988035
2431,0.0060612424,0.11619076
2455,0.025360705,-0.16665755
2456,0.06531938,-0.008114413
2469,0.08117292,0.055483494
2487,-0.039519954,0.009419793
2498,0.14928256,0.046340365
2516,0.027346736,-0.20098205
2524,0.12925266,0.01486212
2535,0.14360043,0.030565597
2544,0.07458361,-0.102116
2546,-0.06978002,0.03933853
2562,0.068832874,0.02601229
2567,-0.050519936,0.0006592882
2569,0.10889932,-0.0127137955
2584,-0.24711725,0.1297417
2593,-0.19129573,0.013320957
2600,0.0020824322,0.08049059
2608,0.14752665,0.066204526
2612,0.013690661,-0.033347405
2626,0.034779113,0.035989422
2637,0.10966137,0.036731377
2638,0.082405984,0.10262889
2651,0.05977377,-0.13572794
2655,0.16751611,0.08057172
2657,0.13499351,0.016572004
2663,0.013966348,-0.21941964
2670,-0.22740789,0.1473923
2693,0.051388424,0.01246466
2696,-0.016199565,-0.22785988
2701,0.020148022,0.015239623
2704,-0.0046689305,-0.061185304
2710,0.078588665,0.060608387
2735,0.11764996,-0.0060351556
2748,-0.0066983863,-0.21342656
2753,0.04033896,0.0038341132
2755,0.11323747,-0.08272196
2803,0.16645049,0.04594034
2814,-0.16713557,0.014498289
2815,0.16920558,0.07797508
2823,0.101961434,0.01058102
2824,0.043464422,0.061519913
2830,0.017713584,-0.18467657
2834,0.15591955,0.053102013
2843,0.06486456,0.0043288553
2844,0.0363913,0.037696537
2846,0.0061751944,0.009543755
2850,0.16142742,0.08102842
2857,0.03312407,-0.0008823463
2888,0.05457246,0.06539127
2904,-0.044110674,-0.1066504
2928,-0.22488783,0.10200336
2930,0.053960394,0.04958028
2950,0.11544378,-0.09493158
2957,-0.024256544,0.034917712
2962,-0.054516647,0.016487628
2966,0.04007534,0.05957335
3000,-0.03109891,-0.027203066
3015,0.12697792,0.05292162
3017,-0.058876354,-0.033048157
3025,-0.1670061,-0.014688375
3051,-0.077508904,-0.023572385
3057,0.051279336,-0.14687774
3060,0.10108107,0.028832082
3078,0.09028003,-0.110553585
3079,-0.24711181,0.115346655
3082,-0.14330111,0.124884196
3088,0.0996046,-0.008714781
3093,0.022572353,-0.033588447
3095,-0.02976457,-0.013682463
3097,0.022674827,-0.18186197
3108,0.113915816,0.008570055
3113,-0.13080078,-0.11044198
3130,0.027843352,-0.231078
3131,0.12554696,0.02068919
3160,0.044272732,-0.19772394
3165,-0.021165742,-0.00073350826
3167,-0.18251246,0.011953215
3198,0.13887139,0.03149552
3201,-0.2521645,0.15543999
3208,0.0013467608,-0.051779743
3218,-0.014525394,-0.23130408
3235,-0.010004982,-0.05184524
3246,0.114031814,-0.0008639973
3247,0.093768485,0.020276528
3255,0.014367729,-0.108792044
3275,0.04428363,-0.18629958
3280,-0.007785725,-0.18194528
3286,0.074781135,-0.016880816
3303,0.012457639,0.11458704
3309,0.02344762,-0.15792696
3310,0.07101145,-0.10366937
3312,0.011037187,-0.20448183
3313,0.03500721,-0.032490604
3324,0.15004207,0.031331692
3326,0.036583338,-0.16994752
3333,0.054000534,0.009675816
3342,0.008045002,-0.2135292
3356,-0.24206883,0.118657395
3373,-0.24741927,0.11307862
3380,0.16829082,0.040852133
3403,0.0625496,0.038499385
3436,-0.08530857,0.0036936235
3439,0.0813721,0.063812986
3445,0.09122191,0.036812756
3454,-0.022315405,-0.24349158
3455,0.085405245,0.0056049637
3465,0.051486433,-0.06485806
3466,-0.018694958,-0.22437698
3467,0.06911189,-0.074229755
3471,0.024911253,-0.17377087
3474,-0.23456216,0.14198491
3491,0.030647896,-0.0039937296
3492,-0.017198555,-0.22106877
3497,-0.030732408,0.017261596
3503,0.084350035,-0.043311898
3519,-0.0226765,-0.21669832
3520,-0.25038445,0.108490765
3541,0.06539622,0.0096053695
3578,0.097827815,0.013435043
3581,-0.13462782,0.10853749
3587,0.095580496,0.08085066
3592,-0.033326603,0.022762153
3593,-0.017620204,-0.23103346
3596,-0.048882645,-0.012980401
3600,0.0035562043,-0.17657703
3612,-0.032277998,-0.23250668
3619,-0.004414143,-0.21707381
3634,0.041833796,-0.13451679
3651,-0.034998983,-0.05817837
3659,0.14063387,0.07292867
3678,0.10085656,0.03919234
3680,0.12934032,-0.0754909
3683,0.05124544,-0.051134635
3685,0.0977214,-0.09131615
3724,0.037381474,0.010747993
3725,0.02040382,-0.16565132
3727,0.12414113,-0.018006919
3728,-0.0027470826,-0.086153895
3729,-0.019136151,-0.20578864
3731,0.036182318,-0.013549227
3732,0.023186728,-0.15376568
3734,0.11862781,0.01704112
3735,0.14616996,0.06902179
3738,0.065816835,-0.119366206
3740,-0.00375673,-0.16464391
3757,-0.23496087,0.114004575
3758,-0.012919839,-0.048520572
3760,0.10025983,-0.045683358
3765,-0.00620543,-0.24621077
3771,0.07474542,-0.028764712
3773,0.022803375,-0.063424796
3774,-0.010043471,-0.0041478374
3775,0.015421849,-0.18275085
3776,-0.02666805,-0.035296734
3777,0.12770541,0.0014771634
3783,0.12139333,0.010243579
3788,0.14861465,-0.007540773
3792,0.080091976,0.006078141
3796,0.097689,-0.05731606
3800,0.039497953,-0.13480736
3801,0.08890385,-0.04162401
3802,0.035592232,-0.053838752
3807,0.10667051,-0.07262216
3808,0.08473559,0.0093271565
3810,0.04487793,-0.1294654
3811,0.13470295,-0.08138901
3814,0.13275422,0.047361717
3818,-0.07301211,-0.0076076207
3820,0.16230977,0.030971697
3821,0.14272384,0.046333566
3829,0.11264553,-0.06246896
3962,0.1210237,0.053669456
3973,0.119608,0.031839058
3987,0.07683932,0.05811174
3990,-0.012536723,0.013645986
4001,0.06207627,-0.00881682
4024,0.049467675,-0.005625217
4029,-0.010765383,-0.24468465
4036,0.067910194,0.02685887
4062,0.042010646,0.05613025
4067,0.12000671,0.046015557
4075,0.029089529,-0.12409814
4082,0.09760025,0.022241972
4100,0.0057497355,0.058633342
4103,0.004349918,-0.030587858
4107,0.010928063,0.07052822
4109,0.1328594,0.06969999
4128,-0.08981202,-0.114496894
4134,-0.1631706,0.014067038
4135,0.031268906,-0.21472268
4145,0.019252228,-0.11692856
4163,-0.0012209255,-0.018108863
4199,0.049624175,0.00011273658
4225,-0.24269733,0.119478546
4231,0.10662179,-0.027641635
4233,0.14041361,0.052038196
4242,0.13458489,-0.045685045
4267,0.05406644,-0.07827805
4273,0.041107383,-0.10609164
4279,0.08170099,-0.008990842
4294,0.015988143,-0.013541441
4296,0.039906424,-0.13522927
4300,0.010503252,-0.041972745
4329,0.12788789,0.033065006
4330,-0.07605977,-0.06968741
4336,-0.22001965,-0.0370748
4337,0.0021618074,-0.03818015
4342,0.048555944,-0.14777794
4343,0.16277929,0.04770558
4348,-0.1347273,0.13108853
4353,0.104501106,0.012213355
4383,-0.01420731,0.089577794
4389,-0.081320256,-0.011821449
4395,-0.070189655,0.029083397
4401,0.15924238,-0.0479255
4427,-0.12785521,0.12183074
4444,-0.019099096,-0.03383347
4466,-0.023009095,-0.20873502
4488,-0.16026805,-0.033171836
4490,0.009572848,-0.22532265
4500,-0.2226231,-0.09759035
4512,0.121993676,0.015043522
4527,0.15355198,0.060934238
4556,-0.253403,0.115346976
4560,0.13765173,0.0477803
4584,0.14153624,0.020076916
4627,-0.009330397,-0.22062989
4635,0.1725769,0.026044624
4667,-0.01562784,0.037401393
4675,0.07235482,0.016964689
4700,-0.10006743,-0.054653015
4707,0.1414771,0.014286635
4714,0.16597253,0.0375444
4718,0.13671902,0.08015383
4736,0.1277519,-0.030755052
4742,0.031391982,0.12257166
4776,0.041253038,0.008203126
4819,0.101840675,0.03817654
4829,0.08890981,0.06554212
4830,-0.043265782,-0.0011214172
4835,0.120603435,-0.024769291
4860,0.101126894,-0.06335924
4871,0.09890433,-0.0050792014
4894,0.11020139,0.055651635
4901,0.12079402,0.032742977
4924,0.10386512,-0.07405072
4960,0.028085236,0.10210394
4971,0.17595245,0.03338065
5027,0.032089587,-0.16138813
5087,0.16598825,0.047566783
5185,0.12963219,0.045892056
5280,0.1031174,-0.012864145
5290,0.09393584,-0.042188767
5307,0.08343148,-0.007303733
5323,0.0021110696,-0.030369135
5325,0.016862527,-0.2035473
5336,0.056657065,-0.177829
5337,0.0309331,-0.17724082
5339,0.13414243,-0.07923138
5356,0.11738679,-0.08040839
5361,0.078132115,-0.08274065
5371,0.1288694,0.024235921
5388,0.104947835,-0.065451354
5417,0.049369197,-0.014179028
5422,-0.07137873,-0.036330596
5436,0.040255904,-0.21447703
5460,0.031528033,-0.13532801
5474,0.0786514,0.049420394
5478,-0.20061372,-0.030220961
5515,0.07580303,0.0675972
5522,0.08175275,0.07953823
5559,0.07168332,-0.025705824
5561,0.07168194,0.060708005
5573,-0.0007919601,-0.016167708
5583,0.1489533,0.07293014
5588,0.17787346,0.078268744
5590,0.16153376,0.08268604
5592,-0.1227354,0.14999658
5601,0.16283332,0.061781876
5607,0.07286564,-0.01618999
5616,-0.1220744,0.028364494
5653,-0.00021311692,-0.23422505
5821,-0.04527834,-0.08188837
5831,0.13185786,0.058229
5847,-0.24788398,0.0975839
6056,0.08477094,-0.008952736
6120,0.027191756,-0.010066194
6127,0.008095436,0.09664377
6160,0.038024243,0.017386356
6163,-0.0586662,-0.039772224
6241,0.15218195,0.06411874
6364,-0.07969145,-0.052648548
6810,-0.018088507,-0.027852984
6811,0.15650056,0.040407185
6847,-0.018904692,-0.11079215
6870,-0.0020517027,-0.2481075
6939,0.08403134,0.012431478
6992,-0.011564263,-0.20886056
7125,0.04364273,0.07055453
7179,-0.20274,-0.07548893
7197,-0.16400772,-0.08531455
7232,0.13841906,0.031083656
7265,-0.12892386,0.058810234
7281,0.09887188,0.01911082
7308,0.105445094,-0.0726803
7351,0.08435453,-0.07226012
7374,0.0018369975,-0.03827698
7389,0.081923716,0.012417339
7416,-0.08001095,0.047542047
7419,0.08691325,0.039741434
7443,-0.012166507,-0.08411904
7711,-0.24964511,0.130086
7726,0.07054727,-0.0076592355
7772,-0.15535359,0.121822596
7809,0.06386024,-0.011798362
7933,0.058989596,0.071835555
7934,-0.14732672,-0.08964725
7965,0.050392978,0.047085207
8024,-0.06341728,0.016787361
8052,-0.12258503,0.122752436
8120,0.054625213,-0.15645397
8244,0.09662843,-0.02566036
8293,-0.026319925,-0.01725325
8301,0.06454322,-0.05435421
8327,0.019737937,-0.22157036
8331,0.029384233,-0.108698465
8335,0.14152378,0.08572532
8403,0.063689135,0.039567046
8433,0.12638949,0.0004807332
8441,-0.13071948,0.0061996966
8442,0.14786476,0.051938195
8446,0.06113121,-0.14256518
8457,0.15678552,0.09546816
8497,0.13908386,-0.045773238
8530,-0.0038859549,-0.18686521
8558,0.08420893,-0.0154134
8588,-0.19063134,-0.018510329
8666,0.093130454,-0.08127613
8757,0.11293666,0.001483642
8762,-0.17730932,-0.008148256
8766,0.130915,-0.030158285
8850,-0.21628568,0.1533393
8884,0.008974328,-0.071151756
8941,0.108247906,0.012383211
8975,0.017440049,0.0034349672
9006,0.023217293,0.018412415
9029,0.11891662,0.074850775
9035,0.16092749,0.04475538
9189,0.09287208,-0.00684507
9196,-0.010817091,-0.016919471
9326,0.08496213,0.02969425
9345,-0.05226374,-0.00833905
9416,-0.055725027,0.06152367
9457,0.069998905,-0.012309683
9465,0.027021324,-0.16346018
9510,0.12606342,0.008882663
9589,-0.26290175,0.123536564
9640,-0.03931374,-0.011289345
9654,0.03883954,-0.023654543
9693,0.15754019,0.01747139
9715,-0.19415778,0.009970071
9728,0.056565598,-0.069690295
9750,-0.22578654,0.13322231
9767,-0.125266,0.12928772
9816,0.16881812,0.07439685
9834,0.108415976,0.047899723
9855,0.12631954,-0.066712424
9912,0.17189807,0.080499716
9936,0.0971194,0.014075434
10023,-0.0012751536,0.0551667
10059,0.0869198,0.021594167
10093,-0.023030479,0.019804616
10130,0.033866484,-0.14367905
10133,0.01810047,-0.0017582795
10136,-0.056641925,0.032641977
10157,0.14721444,-0.051402945
10191,-0.008446188,0.016622048
10248,0.15030345,0.025385901
10271,-0.018408777,-0.032228082
10308,-0.24490726,0.054732155
10352,0.15526272,0.051902335
10441,0.03854428,0.012138399
10447,-0.009812608,0.059419494
10487,-0.07356114,-0.0058755237
10493,0.06802139,-0.0117078805
10531,-0.004711335,-0.03512882
10597,0.012808348,0.017356666
10646,0.13815767,0.06063951
10864,-0.033716466,0.013444264
10941,0.17099161,0.077005975
10946,0.04010449,-0.00041342698
11053,0.08042712,0.007542015
11174,-0.03860682,0.028912816
11220,-0.011704377,0.09609184
11234,0.104763955,-0.08437241
11243,0.08630109,-0.040957432
11351,0.04251286,0.056338873
11354,0.08311658,0.07657852
11509,0.05145671,-0.16484201
11841,-0.2441204,0.106474176
11851,0.05061554,0.035273295
11859,0.13965487,0.01179565
11865,0.029727252,-0.004128975
11880,0.056915972,0.061773553
11918,0.11071936,-0.037992373
12371,-0.13585791,0.015821937
12394,0.12494209,0.058775865
12403,0.03054099,-0.031008752
12405,-0.005934601,0.003634449
12411,0.08390909,0.020471336
12422,0.026755292,-0.1581134
12471,-0.026710188,-0.05535778
12487,0.11429017,0.03470442
12509,-0.1655657,0.11351083
12725,0.14420223,0.044767916
12781,0.037167117,0.07090778
12880,0.0874425,0.06476562
12899,-0.03595218,0.017540768
12900,-0.0040523913,-0.23627926
13040,0.06235337,-0.06706537
13055,0.14385484,0.042494744
13135,-0.034139164,0.006050155
13170,0.05118373,-0.0060793385
13325,-0.014172214,-0.24992268
13326,0.10025842,-0.0974773
13351,0.011697558,0.006245533
13505,0.026587168,0.056169335
13514,-0.055181704,0.025838615
13532,0.05840813,-0.12747301
13551,-0.17087801,-0.01635604
13566,0.16000625,0.029298056
13660,0.018309789,-0.19158384
13663,-0.14576378,-0.005095941
13674,0.0399217,-0.011730909
13703,0.02251658,-0.17625786
13705,0.044770326,-0.16162825
13708,0.035502043,-0.2060112
13756,0.15233281,0.0453584
13779,-0.04595996,-0.111698955
13801,0.0959212,0.035034794
13826,0.038495332,-0.14218928
13838,0.10852338,0.0101693915
13863,-0.12709694,0.001774601
13876,0.15734889,0.07572164
13879,0.042859904,0.022261536
13895,0.0226596,0.026571859
13897,0.11126486,-0.02995845
13901,-0.14292723,0.16355346
13922,0.08753985,-0.065113045
13929,-0.09511891,-0.0035341918
13956,0.16381943,0.05994956
13971,0.11909783,-0.035193123
13994,0.1544533,0.037078246
14004,0.17632417,0.03232749
14022,0.12711181,0.03590947
14060,0.15953642,0.058191784
14080,0.020961456,-0.133584
14089,0.11287346,-0.06453446
14091,0.057662673,-0.11142094
14093,0.034963027,-0.061288692
14097,-0.0006983441,0.0520223
14113,0.047846198,0.025413152
14116,0.085873485,-0.024535555
14147,0.08814322,0.01041468
14153,0.09089254,-0.0940263
14155,0.0953022,0.05256854
14164,-0.006491765,-0.029802095
14171,-0.06824858,-0.02123888
14178,0.16482073,0.057699125
14179,0.04190505,0.021762427
14185,-0.006741196,-0.012098806
14216,0.08455167,0.029916197
14227,0.019461805,0.004133758
14258,-0.0811639,0.0041134646
14261,0.16335481,0.0583956
14264,0.0825559,0.011493659
14309,0.0054348065,-0.17889234
14321,0.0041107303,0.0068071494
14328,-0.016689613,-0.04737298
14333,0.1609341,0.05939561
14340,-0.010975469,-0.04783285
14361,-0.035018884,-0.004674973
14390,0.10248207,0.08590502
14397,-0.16692053,0.067589045
14464,0.05214556,0.037928604
14465,0.11103315,0.03971347
14489,0.034548532,0.011087479
14491,-0.2369153,0.105389215
14497,0.01625105,-0.044508856
14501,0.015772553,0.10055465
14522,-0.21884704,0.10969212
14547,-0.075160496,0.049340367
14613,0.009189402,-0.12483931
14617,-0.03334446,-0.26144162
14623,0.118201494,0.01677777
14627,-0.06266644,0.010147771
14628,-0.031033987,-0.14309198
14710,-0.0191479,0.076057695
15548,-0.22344789,-0.08278015
15674,-0.25526813,0.13319297
17054,-0.029950215,-0.24558364
17123,-0.21375395,0.035786334
17519,0.12108469,0.021604178
18327,0.05799512,0.0106511405
19999,-0.054689396,0.014244169
20698,0.013274591,-0.13076325
21004,0.06387417,0.0077157267
21436,-0.089562096,-0.18440618
21772,0.018321125,-0.12941799
21816,0.012326573,-0.18416923
21845,0.021370744,-0.14587133
21907,0.104564585,0.02617979
22124,-0.15653907,-0.0063414155
22230,0.11494185,0.020742191
22233,-0.0052361256,-0.022897147
22250,-0.033800438,-0.05094795
22321,0.15640382,0.07369507
22473,-0.11508553,-0.02532909
22630,-0.2202871,-0.0074660396
22783,0.03039969,-0.22357482
22802,0.03550259,-0.003045973
22917,-0.06754434,0.10242576
23468,-0.028857574,-0.20994793
23552,0.09572764,-0.037351627
23638,-0.060282324,0.027356027
23825,-0.15483305,0.023484183
23850,-0.19071491,0.02224829
23942,-0.03983068,-0.04942707
24059,-0.20822443,-0.049588192
24170,-0.22025563,-0.013642386
24479,0.16232303,0.051502064
24485,-0.2203447,-0.012658661
24526,0.073323265,0.012460514
24701,-0.021603322,0.110618964
25068,-0.060889,0.12020557
25170,0.17676902,0.07754992
25190,0.02367864,0.047926594
25259,0.12379588,0.036649242
25565,0.04406779,-0.14396356
25644,-0.19731303,0.15499203
25763,-0.19501929,0.003527054
25856,0.032051325,-0.20994373
25989,0.09523341,-0.0013749733
26171,0.12237724,0.08227808
26207,0.06798516,0.032157242
26237,-0.06588064,0.09625451
26655,0.0053282655,-0.21845128
26740,0.10590331,-0.0051007187
27203,-0.02161175,-0.019702422
27278,-0.14072977,0.12683336
27736,0.0015867783,-0.23193689
27983,-0.017670004,-0.0017818523
28061,0.03657386,-0.13070957
28279,-0.04215023,0.08021576
28660,0.12094064,0.010917928
28957,-0.0016087753,0.023300715
29032,0.0051020896,-0.0037411146
29216,0.13599205,0.03902604
29289,0.008799723,-0.21184336
29357,0.037440807,0.0051482273
29498,0.088416986,0.0024998523
29537,0.12107415,-0.002057367
29657,-0.17412458,0.155201
29773,-0.26085103,0.09922173
30219,0.15122454,0.040709347
30390,0.036221817,-0.1960417
30492,-0.021659989,-0.028290208
30568,-0.0333145,0.037809353
30674,0.076824866,0.04695106
30710,0.10442876,-0.011430286
31176,0.12338568,-0.006770364
31223,-0.23653355,0.1476959
32178,0.093396455,0.0068337508
33010,0.16927148,0.049092736
33100,0.14299352,0.023457697
33507,-0.08434705,-0.05245145
33699,0.0839564,0.09159598
33872,0.15690498,0.0028454585
34097,-0.25364617,0.107108146
34580,-0.11568246,-0.06260547
34920,0.03958425,-0.03405921
34979,-0.12955703,-0.047048494
35095,0.1524543,0.055050433
35262,0.03500261,-0.07391085
35373,-0.015015466,-0.06257218
35420,-0.2091274,0.12589498
35472,0.051403333,-0.008780608
35698,-0.14718695,0.03426311
36033,0.11189717,-0.025752408
36519,-0.09006246,0.06006335
36586,0.08398083,-0.06295645
37082,-0.03876161,0.0053464
37182,0.09620756,0.0025501412
37198,0.019050214,-0.019380176
37842,0.07232613,0.051209588
37954,0.14879866,0.06400952
38124,-0.2365658,0.08957971
38237,-0.019145247,-0.0010642345
38281,0.007586375,-0.031912778
38282,0.10652709,-0.004710675
38312,-0.048219763,-0.07434589
38514,-0.0061141117,-0.03953661
38831,0.09981582,-0.024004763
38858,0.07634089,-0.08243428
38996,0.14925767,0.03576102
39214,0.024015063,-0.15392165
39215,0.0036264847,0.036248907
39413,0.015295592,-0.008726611
39450,0.12011538,0.005985499
40081,-0.052742988,-0.04633912
40210,0.16173385,0.0558868
40260,-0.2243871,0.10986672
40499,0.11086918,0.026734099
40968,-0.015364769,0.042777978
41004,0.1547383,0.046379734
41300,0.09299082,0.045545705
41305,0.029170467,0.01875263
41411,0.07073817,0.05170501
41494,0.07552809,-0.019068468
41626,0.09577394,0.101786025
41644,0.09251868,-0.05437942
41765,-0.2416374,0.11084087
41852,-0.042400997,0.014426048
42290,0.08239402,0.03133131
42359,-0.042773545,0.013774615
42800,0.045202654,-0.027116435
42861,0.08454325,-0.008475759
42893,-0.13708025,-0.043884125
43101,0.11257269,0.02396635
43144,0.12353634,0.024270765
43224,0.09387559,0.07237837
43587,0.16250384,0.036319643
43625,0.07432272,0.031313367
43817,-0.0067737508,-0.029323528
44046,-0.13515235,-0.009995638
44113,-0.009778036,-0.010432225
44205,0.1241536,0.036405463
44455,-0.026075754,-0.18249118
44496,0.11408408,-0.062927015
44538,0.0732363,0.0675784
44685,-0.06849613,-0.0040518446
44745,0.11528052,0.092569
44859,0.04082636,0.047972735
44884,0.15211478,0.074380584
44927,0.15116462,0.0532629
45059,0.1499605,0.053735714
45313,-0.16403392,-0.082876556
45394,-0.22087382,0.0003731708
46306,0.13478208,0.034951407
46469,0.035682272,0.009053397
46564,0.16052775,0.07050518
46658,0.11261346,-0.006737862
46684,0.023030471,-0.16771647
46760,-0.11495191,-0.009581033
46826,0.09982036,-0.02730968
46831,-0.03345455,0.046152044
46845,-0.08436501,-0.06447561
46907,0.06272629,0.027681757
47061,0.057647478,-0.068459764
47205,-0.21954776,0.10933329
47478,0.12350401,0.039391227
47521,0.051583096,0.017919121
47677,-0.13877074,0.107528634
48405,0.16735245,0.05523943
48428,-0.2089434,-0.027391894
48584,0.13260631,0.015107066
48755,0.08695172,0.022384033
48828,-0.23415062,0.13894236
48840,0.121447116,0.07539855
48841,-0.028427983,0.0011200313
48885,0.09080315,-0.067839205
48938,-0.033452675,-0.25961608
48952,0.0035248732,0.07390111
48972,-0.20402095,0.14577861
49390,-0.0039329985,-0.25645828
49404,0.097867444,0.0017466438
49500,0.023293478,0.09838562
49650,0.06740232,-0.020601584
49657,0.0985582,-0.012344665
49789,0.13182041,0.036592726
49839,0.016792936,0.00085883064
49869,-0.1735806,0.0143879345
49926,-0.05235178,0.09173714
50023,0.13047676,0.062424745
50030,-0.07435111,0.008355949
50103,0.11139916,-0.0056309146
50416,0.015247915,0.038486145
50463,0.021863613,-0.14484388
50529,-0.2126432,0.11705656
50544,0.07803685,-0.08501005
50796,-0.032634616,0.019616766
51025,0.12260264,0.034534838
51050,0.07080289,0.026151998
51159,0.13765478,0.047072574
51163,-0.223318,0.11462154
51177,0.017987682,0.0051394315
51195,0.15836509,0.026792122
51212,0.12799096,0.01675255
51232,0.023188367,0.022560896
51391,0.032989416,-0.14828685
51414,0.019381322,0.0990777
51418,0.10450141,-0.029931832
51539,0.15164332,0.04626941
51595,0.11200861,0.07255541
51681,0.16933526,0.06794767
51716,-0.08691963,-0.006016482
51737,-0.1143427,0.0445008
51775,0.035371915,-0.09484424
51880,0.04064378,0.04925143
51960,0.04852547,-0.0067977873
52004,0.14595498,0.049264714
52227,0.1551298,0.081473745
52365,0.039184112,0.07270771
52751,-0.10228239,-0.06156679
52752,0.13632299,0.04347021
52852,0.0151371425,0.05962361
52873,0.08505598,0.027987959
52916,-0.19732,-0.019843802
52935,0.06529193,-0.022074716
52946,-0.08468194,-0.049761333
52953,0.15378487,0.025056453
53007,-0.21381816,-0.021208085
53020,0.0014999002,0.040273998
53126,0.14424348,0.0578846
53130,-0.016711095,0.114296995
53142,-0.052150812,0.029880485
53156,-0.08827563,-0.07220988
53238,0.054008972,-0.13197465
53239,0.04869907,0.031148741
53345,0.09711934,-0.0033285923
53351,-0.19054979,0.0038658576
53353,0.008541908,0.06258716
53355,0.09702385,0.042968933
53361,0.11412788,-0.053747386
53513,-0.11954162,0.098316364
53554,-0.19422781,0.00627274
53697,0.0063098483,-0.2317448
53811,0.05115144,0.018647082
53814,0.15461016,0.05517486
53840,-0.06657147,0.050184414
53856,0.027422566,-0.019320142
53860,0.09002457,0.02149803
53888,0.15247996,0.061856415
53915,0.028882122,-0.051385034
53935,-0.019968824,-0.06623689
54091,0.13420218,0.021588542
54155,0.03474397,-0.19051811
54246,-0.13646127,-0.11827195
54358,0.006622982,-0.008115571
54460,-0.050387483,-0.057052575
54568,0.17989446,0.06452425
54577,0.09615662,0.061016943
54603,0.08628641,0.008984509
54699,0.01289755,-0.0072124056
54701,0.12505119,0.016039778
54706,0.07988631,0.017204983
54744,0.097334065,0.061553095
54761,0.1267861,0.028648531
54841,0.107625686,0.07811863
54845,0.1121897,0.0364663
54860,0.09101405,-0.021919329
55101,0.011968222,0.028583871
55104,0.12543567,0.037493788
55173,-0.04789272,0.022534166
55230,0.10097811,-0.0026733475
55325,-0.1804233,-0.07614863
55492,-0.14735527,-0.034350734
55611,0.047028653,-0.0626862
55666,0.11454849,1.4994922e-05
55699,0.013945823,0.07602247
55731,0.10894736,0.055739533
55735,0.06275248,-0.115083195
55753,0.014490851,-0.00047533828
55772,0.011922218,0.0013637022
55814,-0.035884693,-0.008742731
55817,-0.032630894,-0.2552388
55819,-0.047772016,0.06692022
56062,-0.22668028,-0.0346831
56109,-0.17344916,0.10955304
56148,-0.24172448,0.13676582
56170,0.036549363,0.07604204
56180,0.07048138,0.067432635
56189,0.08882688,0.028312607
56233,0.15695682,0.053767342
56277,0.058371462,-0.13715859
56393,-0.059476104,-0.009273061
56408,0.16308527,0.07377491
56412,-0.11500389,0.024733609
56413,0.0879503,-0.10133979
56415,-0.025346791,0.008736642
56426,0.006855399,-0.16528854
56431,-0.024688559,0.03544225
56529,0.14535154,0.06387239
56532,0.0016704835,0.019722296
56538,-0.08262281,0.0194137
56565,-0.08076537,0.11818129
56567,-0.007462022,0.031248642
56607,0.12381542,-0.011585364
56628,0.052802764,0.0033200185
56639,0.16065967,0.044995394
56680,0.11220886,0.058539163
56743,0.1597312,0.058421124
56796,0.015895855,-0.21366769
56798,-0.0011167622,0.03720551
56809,0.07598961,0.021372097
56825,-0.02809992,-0.04010845
56893,-0.014935929,0.04371669
56935,-0.17539579,0.047453146
56959,-0.028208982,0.033433277
56978,-0.061815243,0.07768332
57012,-0.0124921715,-0.01588138
57062,-0.032201655,0.0040743332
57074,0.08666133,0.044000927
57135,-0.106116444,0.027780429
57143,0.10709127,0.011666773
57181,0.11033251,-0.008860012
57199,-0.017386409,-0.045265235
57204,0.13496494,0.043186486
57365,0.115578845,0.02167674
57381,-0.066712014,0.10555535
57394,0.03683093,0.074060425
57406,-0.035402913,0.004823351
57503,0.15753467,0.060640857
57573,0.14543769,0.07448565
57586,-0.015915764,-0.009225393
57640,0.020063493,0.014406445
57642,-0.017755684,0.034312423
57652,0.12701693,-0.0075330297
57700,0.09454331,0.062630475
57729,-0.12587333,0.056477543
57815,-0.22747934,0.13026378
57817,-0.06184579,0.07580465
57930,0.017452627,-0.13963585
57960,-0.02390189,-0.0325902
58108,-0.03320112,0.047795754
58137,-0.15282798,0.020711092
58143,-0.19786134,-0.029525643
58154,-0.0013142384,-0.036510214
58297,-0.009898887,0.012696922
58345,0.033122722,0.05571647
58382,-0.048955973,0.004746445
58429,0.008318483,0.041778006
58491,0.057635423,-0.036647793
58517,0.09153222,-0.012523289
58595,0.1547333,0.052985553
58609,0.022385683,0.04488783
58621,0.10758435,0.053564917
58627,0.026113177,0.03574357
58629,-0.044712,0.02925735
58645,0.09298486,0.030522961
58670,-0.09242951,0.130238
58710,0.1725398,0.070343815
58711,0.17089696,0.03889955
58749,0.10655425,0.010934119
58795,0.07341457,0.005006253
58818,-0.21314675,0.13724872
58819,0.032461748,0.028789079
58823,0.023357902,0.03243322
58841,-0.09809111,0.025025444
58867,-0.11500327,0.017349424
58898,0.08636951,0.0264514
58915,0.13694143,0.07748265
58939,-0.015244335,0.070427634
58968,0.038990624,-0.16154684
59059,0.10409128,0.04320206
59104,0.08168724,0.07553615
59110,0.008517869,-0.034380853
59151,0.16100557,0.054997846
59177,0.07308174,-0.032196414
59216,0.09975107,0.0010764798
59217,-0.018611703,-0.02606277
59225,0.10823563,0.0036193612
59234,0.03595872,0.00775446
59237,0.13084675,0.048411127
59239,0.09526353,0.06485353
59277,0.022677204,0.006777918
59450,0.03989739,-0.10910573
59468,0.0009220654,-0.009663593
59484,-0.020478928,0.06731114
59495,0.013448168,-0.2151272
59524,-0.009692138,0.02873709
59525,0.13323785,0.055276833
59557,0.15377374,0.05985117
59660,0.012442298,0.07050046
59670,0.014567114,0.02611929
59691,0.1321317,0.024791641
59752,-0.027924012,0.019202173
59754,-0.17596635,0.005989875
59774,0.12045081,0.021796973
59788,-0.030085605,0.013985184
59794,-0.05527648,0.024258392
59818,0.16609178,0.08416955
59822,0.1538308,0.035084564
59829,-0.07804491,0.018829651
59834,-0.16618721,0.12920102
59852,0.030856157,0.08062345
59853,0.08467468,0.029660003
59904,0.023155894,-0.17801121
59955,0.14715557,0.032313164
59958,0.10723211,-0.09309853
59964,0.00066893327,0.06339149
59966,-0.106514245,-0.014454547
59980,0.002100535,0.085879825
59988,-0.048014697,-0.24701305
60020,0.14470972,0.08558261
60112,0.006511968,0.036947865
60114,0.03810925,0.008824785
60168,0.046129342,-0.008703071
60187,-0.0010750882,0.07728477
60260,0.15379062,0.05560381
60263,0.06825568,0.075280786
60306,-0.07264494,0.056940347
60347,0.0548583,-0.030645488
60381,-0.026574073,-0.19098091
60382,-0.07910133,-0.020155817
60402,-0.03357147,-0.07940466
60408,-0.15448847,0.026278947
60474,0.15125422,0.047583528
60511,-0.013167203,-0.25777066
60559,-0.06897025,-0.032036126
60619,-0.06954634,0.0018292074
60638,0.114610575,0.05076016
60687,-0.17545137,0.01826992
60719,-0.09836425,-0.043919608
60737,0.12513691,0.028599923
60838,0.10954464,-0.029358236
61032,-0.037865542,0.1048421
61041,0.12804256,0.03340423
61079,0.08367362,0.037670422
61199,0.04688921,-0.02238286
61229,0.0017625322,-0.14560404
61323,0.12095542,0.026442561
61359,0.023344405,-0.19331023
61592,0.0993749,-0.04897641
61593,0.048327282,0.024216788
61594,0.12053427,-0.007251931
61595,-0.0401386,-0.015964836
61634,0.037706375,-0.003497403
61664,0.16358933,0.037637062
61700,0.037680853,-0.14800137
61751,0.11268123,-0.057659682
61775,0.14886127,0.06910305
61948,0.13689022,-0.003212655
63189,-0.053955004,0.005004246
64234,-0.17108381,0.08356554
64241,0.10111344,0.06440668
64242,-0.13132492,0.08700348
64414,0.09223249,-0.011095517
64417,-0.005138114,0.042718507
64483,-0.052865643,0.00011420847
64647,0.02339564,0.009261308
64657,0.16471256,0.06864013
64903,0.16020097,0.045570925
65177,-0.11977115,0.002022431
65182,0.0043588667,-0.1945804
65191,0.15285066,0.02984746
65192,0.077180855,-0.10481721
65357,0.1619689,0.08054156
65359,0.007984748,-0.026607761
65363,0.11429225,0.03543401
65364,-0.05095957,0.03561182
65367,-0.019084293,-0.17873801
65378,0.14567173,0.05859259
65380,0.08109595,-0.025482984
65520,0.11379498,0.003813858
65521,0.08603801,0.0036870255
65530,-0.04916148,-0.062400967
65560,0.015879378,-5.3577314e-05
65565,-0.029086588,0.014353758
65745,0.033128776,0.051366325
65828,0.10826303,-0.011738271
65898,-0.09716679,0.1106274
65904,0.1375313,0.023590354
65944,-0.075080894,-0.06419216
66011,0.010133764,0.07215571
66025,0.080289155,0.044920526
66037,0.039254993,0.036450803
66041,0.14830457,0.05002341
66062,0.017702486,0.07196269
66078,-0.029487062,-0.23914312
66149,0.050117802,-0.16246638
66174,0.12957844,-0.05871585
66177,0.15248325,0.08557646
66201,-0.21127486,-0.00882959
66205,-0.17732626,-0.048832882
66209,0.026688328,-0.22230318
66284,0.06464019,0.017053671
66290,-0.194335,-0.00077031757
66304,0.14215189,0.03433299
66315,0.14872994,0.016967436
66546,-0.04509255,0.035679918
66602,0.109702,0.002618969
66660,0.16261077,0.07205686
66819,0.10638271,-0.010078571
66836,0.15444234,0.024327435
66837,-0.1093523,-0.108029634
66966,0.093768805,-0.038897283
66974,0.08301863,-0.05768999
67008,0.16746286,0.10515849
67133,0.06967716,-0.029175319
67497,0.1041797,0.009147121
67520,-0.1695723,-0.053280666
67720,0.08771155,0.015399241
67737,0.02035627,-0.013365595
67810,-0.04528636,-0.025263632
67845,0.18830623,0.086801276
67848,0.15197676,0.07521769
67869,0.14478679,0.04854449
67874,0.012951101,0.011052091
67973,0.1149953,0.06284967
68084,0.16910471,0.05396423
68186,0.11674599,0.09064133
68191,0.17134327,0.066085026
68232,0.070694566,-0.044202533
68247,-0.0051262076,0.070524976
68319,0.0665062,-0.0009652016
68354,-0.00750214,0.024085157
68616,-0.017780287,0.06196834
68741,-0.11765267,-0.030832132
68801,0.12642527,0.05413827
69235,0.12474493,0.010410121
69247,0.12905765,0.014609274
69419,-0.15422012,-0.047031842
69756,-0.025293142,0.0104395095
69846,-0.19097495,-0.021578986
70235,0.016688516,0.011294832
70475,-0.07664693,-0.011351509
70512,0.069150954,-0.1040686
70986,-0.17528412,0.005487076
71002,-0.05224072,0.022250542
71027,0.029533397,0.095348425
71044,0.16029577,0.021997355
71557,-0.07645911,0.04741537
72101,0.12409654,0.05087769
72297,0.12925678,0.043766793
72321,-0.14053579,0.018541213
73369,0.14958195,0.07767416
73384,-0.024880117,0.035019267
73396,-0.0033887732,-0.18876009
73399,0.08000341,0.025736438
73422,0.036170896,-0.13966903
73427,0.11248028,-0.07707031
73466,0.049660213,-0.10488443
73485,0.15821579,0.09308849
73495,0.030689187,0.008575852
73498,0.13112989,0.100563884
73504,0.11958968,-0.012952979
73526,0.13833027,0.05088728
73533,0.04046763,-0.030745585
73548,0.073172614,-0.12634644
73562,0.14786662,0.020568937
73563,0.09751942,0.05260861
73569,0.1539008,0.035577703
73609,0.03761022,0.010314096
73618,0.08619989,0.026043888
73639,0.08256907,0.057165105
73646,0.08730679,0.012807266
73677,-0.010310917,0.03214127
73683,0.054329038,-0.0052870787
73715,0.018954704,-0.009597832
73724,0.093230575,-0.059365712
73742,-0.01974184,-0.079786226
73753,-0.060372796,-0.094293416
73763,0.14578961,0.030134246
73767,-0.14751193,-0.04422422
73782,-0.059006155,0.003468023
73790,0.15530346,0.05252476
73799,0.1190032,0.027426165
73803,0.058585152,0.051531978
73830,-0.15612595,0.07824726
73831,-0.1263262,0.11181494
73833,0.07042255,-0.03617191
73836,-0.07791038,0.11295149
73837,0.16644758,0.1013413
74102,-0.053812172,0.03461674
74154,-0.17049599,-0.04302584
74185,0.12300748,0.004792535
74205,0.15191498,0.022040602
74221,-0.15790977,0.04868873
74257,0.11468085,0.04078461
74261,0.14586598,0.07135025
74288,0.13268141,0.017873872
74289,-0.0065366616,-0.026207373
74334,-0.1699983,-0.02558717
74389,-0.20256558,-0.019553514
74410,-0.15857223,0.009968734
74424,-0.13467604,0.030975591
74517,-0.024972407,-0.12207199
74967,0.031139655,-0.12351072
75199,-0.055235576,0.006420266
75537,0.040414233,0.05585581
75543,-0.028047774,0.07050625
75561,-0.032427017,0.022432074
75576,0.08567432,-0.008087503
75611,-0.08708045,0.016675428
75616,-0.08808258,-0.0153787015
75635,0.13133912,0.030658433
75667,-0.027376505,-0.0031211583
75684,-0.1810135,0.038230326
75696,-0.060032513,-0.016724788
75698,-0.0010757793,0.057494935
75701,-0.010612728,-0.067019895
75709,0.09029779,-0.023942687
75712,0.002599792,-0.0048963404
75723,-0.17827538,0.055181324
75738,0.010652004,-0.002818745
75739,-0.085238956,-0.026334295
75747,0.0023644043,0.019229334
75750,0.14290409,0.033920124
75751,0.13685673,0.041967843
75755,0.14557399,0.06833551
75790,-0.029505026,0.021406211
75799,0.0007574318,-0.007850278
75804,-0.012835668,0.057609793
75823,-0.050162636,-0.018588085
75838,0.12836103,0.041750897
75852,-0.062297132,-0.02018413
75859,-0.011365407,0.059385367
75860,-0.009930244,0.072539285
75870,-0.004856743,0.022204654
75889,-0.03068908,0.009210743
75946,0.14408393,0.06850479
75961,0.123461194,0.048337042
75964,-0.08233876,-0.0900115
75998,-0.010487626,0.038326167
76024,0.11058699,0.04338182
76043,-0.03177627,0.040854447
76063,-0.07558942,-0.07020978
76065,-0.06367173,0.046407193
76069,0.14791042,0.039401766
76072,0.021579226,0.054281924
76092,-0.00519433,0.068781264
76093,-0.035888508,-0.005727048
76094,-0.12642206,0.03937062
76104,-0.120810464,0.048623636
76115,-0.01273593,0.022872467
76127,-0.008406252,0.06063027
76209,-0.15942033,0.010140315
76217,0.14047089,-0.0033834986
76218,0.12013173,0.03698984
76434,-0.222828,0.09584483
76446,0.011744086,0.08913305
76592,0.010955505,0.05196278
76682,-0.22453493,0.11716595
76778,0.16706501,0.0710775
76886,-0.1369998,0.10771407
77000,0.054019332,0.025245728
77007,-0.00036908823,0.046694517
77055,-0.19392733,0.008819356
77078,-0.13839023,0.1013915
77108,-0.07498622,-0.14301933
77113,-0.24882245,0.09987567
77158,-0.008511396,0.090209596
77233,0.04994282,0.09929246
77277,-0.17319113,0.018805929
77389,0.19384268,0.10543535
77401,0.06289302,0.050204966
77511,0.11155933,-0.07489866
77512,0.051431462,-0.12993433
77528,-0.044911414,0.023478938
77558,0.14791091,0.041440655
77575,0.02837325,-0.0014087794
77628,0.004044469,0.05311926
77629,-0.032219715,0.047002245
77663,-0.15699327,0.051455
77679,-0.030239346,0.0059323786
77712,0.12656565,0.06508451
77720,-0.038625427,0.01799886
77727,0.0060818326,0.07060394
77734,0.12955329,0.067471854
77740,-0.061168917,0.010244178
77764,0.13519187,0.055897705
77788,0.1638014,0.09202664
77803,0.1069563,0.029638248
77826,0.0868292,-0.03777301
77835,0.030242726,0.07658014
77854,-0.14395359,0.073127404
77855,-0.14967419,0.07962151
77881,-0.037588213,-0.045579843
77897,-0.1435817,0.0034629814
77927,0.035286054,0.09709045
77935,-0.07986979,0.029849637
77940,-0.07748598,-0.030227577
77974,-0.15601699,0.0074117896
77994,-0.048715428,-0.050030697
78002,0.10917629,-0.064597
78035,-0.061205234,-0.001358828
78066,0.012961456,0.046644032
78071,-0.22836713,-0.020186493
78086,0.15645202,0.073372364
78101,-0.035309304,0.046352047
78121,-0.18543579,0.02049184
78135,-0.061121665,-0.011591854
78220,0.08685713,-0.0023037726
78260,-0.18541186,0.007431665
78305,-0.12244578,0.0160618
78308,0.08606558,-0.039652027
78314,0.16041991,0.05171115
78338,-0.19835192,-0.01729582
78357,0.1597633,0.077440225
78381,-0.19028147,0.0066250926
78384,-0.1900404,-0.027072143
78431,-0.12796362,0.009903845
78432,0.1017641,0.05408472
78450,-0.15343624,0.019207617
78471,-0.08428298,-0.050215285
78479,-0.0762458,-0.009301247
78499,0.12970585,0.034915425
78513,-0.0029245694,-0.028801646
78520,0.011274508,0.028322337
78528,-0.19255225,0.006182531
78543,-0.080919944,0.0114442175
78638,-0.07321714,0.040255677
78656,0.050589267,0.009258368
78668,-0.022376359,0.082254544
78685,0.1549894,0.0793848
78701,0.09062245,-0.013104957
78729,-0.029887645,0.08709407
78731,0.080775075,0.028395468
78761,0.14521775,0.05889842
78762,-0.030644326,0.03414338
78781,0.14546983,0.029793661
78866,-0.032240167,0.012005898
78867,0.091870576,-0.023479834
78898,0.043535657,-0.019154074
78953,0.0058006607,0.022626648
78961,-0.21034339,0.12676488
78970,0.06929303,0.028210564
79972,0.074438244,-0.040655345
80018,-0.22618273,-0.09227787
80019,-0.015595033,0.11784169
80032,0.070855886,0.040844493
80194,0.026624203,0.049275946
80200,0.08131904,0.040960353
80206,0.115243696,0.045465477
80210,0.05306849,0.040952098
80235,0.09889474,0.049344897
80283,-0.05386566,0.101388514
80316,0.059301887,0.078585036
80318,0.12424861,0.018014058
80858,0.062035963,0.120178364
80918,0.0024907135,0.020001855
80991,-0.08764546,0.01628166
81013,-0.26284176,0.13483663
81016,-0.021450458,0.095263034
81019,-0.16705193,0.12676316
81163,-0.18438983,0.12677279
81202,-0.055537563,-0.044042278
81218,-0.16420928,-0.05774142
81247,0.15387326,0.047850974
81254,-0.17451653,0.14534996
81260,-0.2537306,0.09856039
81391,0.02465232,0.02878353
81396,0.015148315,0.11671967
81409,-0.11659167,0.018710228
81435,-0.18088302,-0.0092108045
81436,-0.21150023,0.10111957
81645,-0.11526987,0.01993945
81646,-0.010550187,0.035529353
81647,-0.14659704,0.1124228
81668,-0.02017087,0.023932584
81684,0.01629516,0.037868265
81761,0.13560662,0.05382027
81832,0.07739528,0.06217608
82037,0.005404097,0.07884705
82056,-0.08591983,0.013590683
82137,-0.068620324,0.008650667
82478,0.06770959,0.0023398031
82483,0.055325333,-0.07833448
82497,-0.056831155,0.012203922
82500,-0.070295125,0.0165941
82513,0.013299065,-0.093615465
83284,-0.048053533,-0.0400461
83678,0.034181304,0.036259957
84005,0.09417758,0.055322696
85583,0.061166555,0.058799505
86407,0.1596369,0.09171093
86475,-0.017617308,0.07154624
86476,-0.040916294,0.051344447
86494,0.08202183,0.010126991
86548,0.10412177,0.04442468
87496,-0.017802069,-0.066636175
90113,0.14885199,0.04302469
90756,-0.14012471,0.12869357
90825,-0.1518517,-0.09246076
90850,-0.18138611,0.12669209
90862,0.008831129,0.049163904
91014,0.020383833,0.045583222
91509,-0.041864924,0.06458918
91688,-0.18907924,-0.053493787
94437,-0.014084491,0.037428726
94835,0.030990671,0.049098574
94929,0.088902816,-0.069429226
95249,-0.21496491,0.08988356
95251,0.10686523,0.025301807
95270,-0.21982436,-0.0010522462
95278,0.09858234,0.033186384
95335,0.13761787,0.054296453
95409,-0.15445352,0.08696319
95471,0.15898342,0.046315182
95473,0.045719612,0.022239944
95480,-0.10112469,0.067528605
95491,0.009238942,-0.0069064703
95498,0.021088736,-0.025679702
95506,0.14273103,0.067407295
95516,0.030060066,-0.12163136
95517,0.09685973,-0.024706794
95523,0.037238643,-0.13432497
95527,0.011236284,-0.06025315
95538,0.109779306,0.048684236
95539,0.054510146,0.0035261882
95540,-0.012078818,-0.055750735
95541,-0.0941571,-0.03488173
95545,-0.0031742367,0.016484288
95548,-0.03442804,0.039139852
95549,-0.041044485,-0.0144945225
95564,0.062705666,0.02447105
95565,-0.07663967,0.035004273
95575,0.09330622,0.0045403913
95580,-0.012952537,0.050133444
95586,0.058300637,0.03986932
95600,0.12875997,0.03859651
95603,0.13397422,0.103027634
95607,0.021246755,-0.15959865
95633,0.11903369,-0.03457426
95652,-0.015246485,0.055292256
95657,-0.11853622,-0.04817891
95675,0.032060955,0.042356037
95677,-0.026970142,0.020205747
95687,-0.18957587,0.015646124
95689,0.00040899764,0.019770695
95712,0.006080509,0.015529819
95732,-0.024344947,-0.021311773
95746,-0.03533386,0.06782715
95751,-0.005212715,0.04238816
95763,-0.019487431,0.034756802
95770,0.09148626,0.010032308
95787,0.082779944,0.047867723
95791,-0.037322927,0.045947537
95807,-0.02444588,0.05742132
95813,-0.11028452,0.010225073
95830,-0.080250755,-0.008137355
95870,0.07887336,0.020317746
95878,-0.014831351,0.071615905
95911,0.06294419,0.09909986
95923,0.07655499,0.067490876
95957,-0.033742737,0.0029677553
95965,0.14038527,0.066924095
95980,-0.12163908,0.075330585
95985,0.06815917,0.04727583
95988,-0.066698395,0.074654356
95991,-0.17300037,-0.007581818
96023,0.06293675,0.030521369
96029,-0.1608231,0.012607436
96034,0.16304176,0.06210587
96041,0.02625113,-0.05600051
96042,-0.18944554,0.008553025
96048,-0.023854513,0.0121399285
96050,-0.023624966,0.028871
96064,-0.17695734,0.015703192
96137,0.10728774,0.06328071
96145,-0.020862069,0.057655863
96166,0.13618453,0.065914355
96168,-0.10198695,-0.0037202747
96172,-0.18496677,-0.11610984
96198,-0.14551356,0.03905259
96208,-0.06422016,0.057040114
96213,-0.033612248,0.056547284
96225,-0.16325003,-0.03522621
96232,0.1008497,0.018986193
96244,-0.033359677,0.027199093
96280,-0.15546428,-0.061006084
96289,0.08173862,-0.053516623
96298,0.004917305,0.058984637
96309,-0.013762441,0.0028495719
96315,0.1157479,0.025690654
96324,-0.019898461,-0.01611243
96345,0.17666261,0.07530001
96391,-0.018362524,0.026089817
96448,-0.025230516,-0.21340078
96462,0.020235332,0.07940486
96491,-0.12958114,0.064007066
96499,0.1697475,0.035661835
96556,0.10199104,-0.014937258
96570,-0.17588021,0.019888287
96574,-0.07044931,-0.013644796
96607,0.091732904,0.049399663
96618,-0.06984973,0.018414969
96625,-0.06249924,0.044483434
96626,-0.048542123,0.07915298
96660,-0.19175372,0.02019978
96672,-0.15359925,0.05885653
96706,-0.115606286,-0.04567791
96707,0.04271101,0.0821718
96713,-0.19768696,0.059197515
96742,-0.07567958,-0.0076467386
96832,-0.07765835,-0.045340642
96833,-0.06981393,-0.037403315
96841,-0.04503327,0.0108797755
96852,0.05060564,-0.07892234
96856,-0.030000517,-0.14839996
96863,-0.006589484,0.03133235
96867,0.12363568,0.029263332
96869,-0.16453062,0.04094961
96877,0.11080766,0.038902335
96900,-0.107989036,0.054760117
96905,0.15260808,0.06234796
96906,0.102881685,0.08199698
96924,0.076226704,0.07467768
96954,0.08489115,-0.033169854
96958,0.09808043,-0.017809035
97002,0.086627565,-0.02210613
97011,-0.03907697,-0.009810874
97017,-0.020494893,0.05465178
97022,-0.10987342,-0.03766038
97024,-0.1834228,0.04753191
97029,-0.089518785,0.020707633
97037,0.008563918,0.081583224
97056,-0.061707318,0.02802324
97077,-0.13409473,0.06509612
97130,0.13868237,0.06989956
97137,0.1502379,0.070832826
97138,-0.0314148,0.05089388
97139,0.16831145,0.07798373
97140,0.09214792,0.06874758
97144,-0.13872224,0.02389228
97145,-0.011435669,0.033703703
97155,0.018515538,0.0233958
97158,-0.0076137697,0.018577052
97195,0.0930978,0.079970956
97239,-0.09331322,-0.10240577
97254,-0.093343146,0.052649338
97298,-0.06623119,-0.030426329
97299,0.06541222,-0.015538621
97328,0.08423232,0.058629163
97362,-0.032248728,-0.014616899
97379,-0.16250175,0.025768602
97410,-0.16643462,0.037548967
97455,-0.034289338,-0.22034842
97461,0.0058193463,-0.22538625
97463,-0.09209755,0.03293067
97465,0.15260933,0.034900118
97468,-0.10624351,0.022225285
97469,-0.20419925,-0.004384284
97471,0.105023555,-0.026208023
97472,0.11840502,-0.059213605
97473,-0.08319413,-0.044463266
97486,0.058973074,0.04023108
97530,0.15527232,0.021068778
97553,-0.14265369,0.0066453204
97562,-0.011254995,0.044055276
97565,-0.18140687,0.035545263
97570,0.10472638,0.071373194
97577,0.04486914,-0.14319928
97589,-0.13732669,0.0011355764
97601,-0.04661309,-0.0022788772
97602,0.021347033,-0.22106032
97637,-0.079602756,-0.04681051
97647,0.04725335,0.04481452
97654,-0.23942238,0.09647781
97664,0.028975967,0.0051942556
97667,-0.070685394,0.03827159
97668,0.0411585,0.04594842
97687,0.07487991,0.033458028
97703,0.0041061155,0.00071524887
97706,-0.09940194,-0.010686748
97741,0.05413106,-0.09131521
97762,0.042984173,-0.005263833
97773,0.078342825,0.005274532
97829,-0.009166764,0.07082932
97836,0.0776801,0.024131063
97845,0.1308742,0.070304185
97846,0.057022892,0.0510194
97853,-0.007338973,0.07142169
97876,-0.17168926,0.03636496
97894,-0.05504221,0.015274536
97926,-0.0777301,-0.033650942
97928,0.14515607,0.061900277
97929,-0.051442787,-0.025055572
97933,-0.1815041,0.007895846
97998,-0.21202101,0.11397786
98026,-0.008912007,0.111026354
98030,0.09841239,0.022069093
98034,0.08718017,0.046576615
98037,0.13460515,0.038153384
98038,0.16159329,0.017289119
98040,0.16777745,0.043790296
98044,-0.031195065,-0.010363775
98053,0.12051565,0.0142476875
98113,-0.17460796,0.007784873
98201,0.118108705,0.025612514
98214,-0.13734752,0.010342639
98233,-0.05513344,-0.025341
98256,0.13005124,0.06251186
98296,-0.041400157,-0.059876446
98297,-0.063891776,-0.049184486
98299,-0.17381169,-0.07071606
98307,0.058007013,0.0034549504
98308,-0.08645255,-0.12958042
98309,-0.14064479,-0.06896022
98310,-0.0010651625,-0.027020754
98311,-0.16831493,0.00071070757
98340,-0.021232912,0.059060823
98342,0.013507612,0.058936298
98344,-0.0135278525,0.011102992
98357,0.09498594,0.07147118
98369,0.026385589,-0.03561895
98372,-0.026428945,0.023202911
98376,0.021751149,0.057399187
98380,-0.08096342,-0.007857921
98398,0.002464375,0.008548341
98413,-0.05208459,-0.008699912
98417,0.1246514,0.050055854
98433,0.09240736,-0.00012513649
98467,-0.18514164,0.060202103
98468,-0.1728162,0.063743
98473,0.030130045,0.059522316
98482,0.1371357,0.038356792
98489,-0.11602319,-0.046457816
98490,-0.0532307,-0.0645882
98513,-0.14324288,0.01167972
98536,-0.04632466,0.04928982
98544,-0.11405968,-0.0048776106
98581,0.10941625,0.04215171
98590,-0.048979454,0.0023650017
98610,0.08724302,0.04796866
98657,-0.15024608,0.05126237
98678,-0.09874979,0.055429116
98684,-0.07110916,0.004160065
98686,0.1254618,0.060961746
98706,0.13402683,0.024904022
98728,-0.08635732,0.026246525
98732,0.070941955,-0.052465666
98757,0.12842542,0.082743354
98780,-0.042358525,0.05719281
98826,-0.05844346,-0.017185647
98828,-0.11075729,0.026616082
98838,0.081438944,0.06753695
98842,-0.039764505,0.040438686
98851,-0.105009116,-0.0032740654
98855,0.0029477926,0.04200095
98856,-0.07493886,0.063546225
98892,-0.014104651,0.013416614
98896,-0.13436833,-0.021181047
98923,-0.017525755,-0.052554015
98935,0.0700592,-0.15043871
98936,0.109809615,-0.06744928
98950,0.009730452,-0.16311204
98956,-0.01205105,0.033891838
98960,0.09425161,0.033513527
98962,0.061063673,-0.1324671
98963,0.036222305,0.052738104
98964,-0.014668651,-0.092917554
98966,0.11351477,0.07959003
98967,0.039341524,-0.12469876
98968,-0.12241003,-0.18018605
98969,0.02906719,-0.14524147
98970,0.021342037,-0.1276284
98971,0.078990735,0.05690651
98972,-0.111559704,-0.12995327
98973,0.005948245,-0.23129162
98974,0.0041174027,-0.18610217
98980,-0.033954225,-0.26177984
98983,-0.14173578,-0.1727996
98984,-0.021247862,-0.05589975
98998,-0.12938736,0.09455454
99033,0.0056628385,0.077719554
99043,0.01758367,0.06024847
99083,0.015189149,0.005560084
99100,-0.18243115,-0.016318196
99102,-0.09968281,0.060342178
99110,0.10526932,0.0037838658
99124,-0.15695783,0.029467864
99136,-0.115303375,0.061965186
99138,-0.18514164,0.060202103
99141,-0.06928241,0.032418005
99143,0.10550395,-0.009438185
99225,-0.020063374,0.06452203
99249,-0.08675115,0.07753973
99267,-0.003094715,0.012791773
99308,0.12538362,0.10365991
99419,-0.12380584,0.06438899
99442,-0.05131057,0.014216077
99588,-0.12316872,0.023718664
99596,-0.05709701,-0.011262216
99686,-0.047925416,0.038184565
99718,-0.121536106,0.037912395
99736,0.1246172,0.010266324
99772,-0.002214674,0.090055175
99852,0.091552354,0.010877379
99869,-0.18498316,0.0036604789
99877,-0.14882743,0.040880285
99883,-0.03207176,0.007356172
99887,0.12945223,0.07152379
99944,-0.0012130647,0.009899627
99956,-0.13846976,-0.047906373
99983,-0.16947141,-0.086830266
100016,-0.14510746,0.02502901
100055,0.13971557,0.021768788
100136,-0.008464353,0.01753824
100228,0.17290962,0.094063506
100259,-0.09216284,0.031877108
100262,-0.14329197,-0.009219977
100276,-0.03614683,0.051475845
100304,-0.15823273,0.003071709
100334,-0.15981375,0.009544836
100423,-0.18462943,0.03063433
100424,0.028073099,0.061193556
100427,0.13591449,0.08169285
100434,0.02756975,0.06013568
100437,-0.20081808,-0.01052244
100450,-0.1593251,0.031493753
100470,-0.010111681,0.077068016
100471,-0.034575034,0.071771815
100484,0.1351221,0.040570017
100490,-0.11593308,0.06121953
100518,-0.02076665,0.026562247
100523,-0.15015297,0.0735101
100555,-0.18396972,0.005068387
100573,-0.10850663,-0.00065891794
100591,-0.1158142,0.06838415
100592,0.110049345,0.01775721
100664,0.16804942,0.07060406
100675,0.07432622,0.043110665
100682,0.066148095,-0.048241615
100696,-0.1661702,0.048990022
100717,-0.19429642,-0.02160256
100722,0.07903433,-0.027747849
100723,-0.16390704,-0.074232094
100730,0.1608706,0.05698548
100731,0.15281883,0.062186636
100792,-0.025550025,0.0189102
100801,0.14332083,0.010647017
100940,0.056411825,0.0519865
101041,0.11097859,-0.050482273
101161,-0.14632685,-0.07088944
101188,-0.10140565,-0.052637428
101231,-0.10047056,0.097805806
101233,0.01045837,0.04797618
101234,-0.008181569,-0.0017568888
101236,0.06780871,-0.062058758
101237,0.01821856,0.011518717
101243,-0.15032344,0.023728043
101244,-0.03730011,-0.09001719
101247,0.09394507,-0.044949472
101253,0.00037406132,0.034911003
101265,0.115280285,0.04839605
101268,-0.067001365,-0.058375638
101281,0.10516299,0.049083464
101290,-0.15335627,0.06555846
101297,0.059385195,-0.0024266897
101329,0.11489382,0.049571797
101371,-0.06419729,0.013754347
101480,-0.15468252,0.06792467
101545,-0.18497801,-0.07138666
101628,-0.011766883,-0.0059629357
101818,-0.20526157,-0.07683534
101883,-0.16854435,0.056997903
101896,-0.19314572,0.000800307
102030,-0.15190987,-0.072082855
102035,-0.05544629,0.071912624
102049,0.13143237,0.0068595973
102074,-0.042623147,-0.032289464
102079,-0.007998806,0.1056998
102083,-0.21169077,0.15380564
102085,-0.07997128,0.0039263987
102302,0.06826921,-0.04956574
102314,-0.09519192,0.009445913
102363,-0.13558497,-0.11423906
102374,0.011988562,0.026273813
102420,-0.061905626,-0.09950875
102448,0.11136494,0.031833503
102449,0.10763222,-0.036664568
102504,0.14758341,0.0345687
102508,0.11483168,0.06692446
102509,-0.02109199,0.060070235
102518,0.02408839,0.02538539
102520,0.007088489,0.028455913
102524,-0.09246407,-0.0057885996
102526,0.025690252,0.023858037
102559,0.13603136,0.06253751
102560,-0.18766403,0.06798254
102572,-0.032377888,0.045231372
102575,0.0006041262,0.07227977
102576,0.0080468245,0.07363417
102577,-0.1857803,0.058127105
102594,-0.022586117,-0.0050423285
102604,-0.19600151,0.02642147
102634,-0.06804964,0.025974037
102641,-0.021023095,-0.012245663
102644,-0.09129523,-0.0064765625
102655,-0.18705116,0.058007717
102656,-0.18514164,0.060202103
102662,-0.0030222442,0.028791789
102665,-0.060359653,0.07053895
102668,-0.18514164,0.060202103
102670,0.12820564,0.07850443
102674,-0.1663372,0.053408284
102677,-0.052850015,0.0021036032
102688,-0.19645952,0.03800262
102747,-0.003907621,-0.00094879145
102753,-0.05109138,-0.005151713
102812,-0.17255352,0.070274495
102901,-0.11073407,0.056898244
102915,0.09320125,0.021727053
102919,-0.14622404,0.0020392865
102964,0.1812457,0.088479005
102965,0.06574107,0.100060456
102966,0.14796102,0.066658884
102968,0.10837028,0.033436883
102970,0.04485477,-0.10475493
102971,0.11965112,0.06622378
102974,0.114405915,-0.027995968
102988,-0.05322922,0.050744142
103007,-0.14302428,0.047035977
103016,-0.18475474,0.061775155
103051,-0.16996102,0.02213551
103052,-0.030880887,0.01713598
103060,0.0119732255,0.04944948
103076,-0.041699834,0.04996124
103094,0.11183671,-0.024943862
103095,0.124457896,0.07604052
103096,0.09053148,-0.025746888
103109,-0.02645825,-0.14746477
103128,0.17371581,0.05703609
103135,0.15154657,0.04019356
103141,0.005740033,-0.009136928
103143,0.008199203,-0.08657221
103174,-0.065671116,-0.19032858
103178,0.050373618,-0.13486613
103189,0.03390395,-0.06090796
103193,-0.032951605,0.07646896
103195,0.014280581,0.061771475
103196,-0.019955426,0.027750393
103211,-0.02006399,0.04139607
103213,-0.1410405,-0.05078486
103214,-0.07836972,-0.08793327
103215,-0.02295816,-0.06563951
103216,-0.1593788,-0.04037337
103218,-0.050258946,-0.024055
103220,-0.11256361,-0.04856593
103221,-0.049829617,0.060426544
103229,-0.05551944,-0.06769579
103230,0.10285809,0.10412785
103252,0.10423351,-0.040133208
103260,-0.008641755,-0.03597625
103262,-0.031913847,-0.012025994
103264,-0.1487553,0.010426906
152512,0.009141839,-0.086701885
449460,0.063283816,-0.116407216
455667,0.014209748,-0.14793569
480354,0.07742374,-0.098013364
550294,-0.16206586,-0.04963339
552319,-0.0021238145,0.0072123064
574968,0.023284059,-0.10736105
634473,-0.16426744,-0.030062186
634492,0.042261668,-0.04004248
634493,-0.026681922,0.034978956
634521,0.006082167,0.10130513
634530,0.05643562,-0.08984541
634579,0.030737462,-0.005405989
634587,0.063447624,-0.01931003
634588,0.012044972,0.043036334
634593,0.14821987,0.02065383
634600,0.10923932,-0.004160314
634614,0.03814322,-0.0008556423
634625,0.17021976,0.06064526
634645,0.06913004,-0.060061365
634661,0.12710069,0.049697712
634684,-0.16980007,-0.06759695
634709,0.0064831898,-0.19003582
634728,0.15392317,0.089647084
634748,-0.042968187,-0.0387306
634762,0.12743816,0.05349585
634773,-0.096213095,0.072366096
634789,-0.029516881,0.042255677
634797,0.13213727,0.018381359
634800,0.08798688,-0.112758785
634801,0.16403818,0.07890137
635447,0.17957793,0.052727852
635587,0.08365465,-0.004512102
635845,0.123759344,0.06348382
636036,-0.19746016,-0.0071633616
636088,-0.013585987,-0.25233376
637327,-0.02865456,-0.17138007
637706,-0.014420357,-0.23823404
638396,0.11623724,0.030979546
638404,0.045453697,-0.0342898
638442,0.16461092,0.057912726
638474,0.11503223,0.00516101
638476,0.05903634,0.11832873
638504,0.10806951,-0.09308046
638513,0.14325032,0.073050074
638554,-0.035969686,0.021863503
638611,-0.032927744,0.03365749
638638,-0.027287792,-0.007960311
638661,-0.12519063,0.024301575
638725,-0.098968074,-0.04812837
638745,-0.18991768,-0.01847843
638753,-0.13146634,-0.028910922
638781,-0.23143965,-0.0936036
638813,0.14200622,0.054168552
638903,-0.20050679,-0.06670279
638919,0.11914015,0.06873909
638921,0.18269359,0.06578163
638933,0.015251179,0.038864993
638937,0.07833813,0.04205989
638941,-0.030815374,0.03441314
638950,0.04203299,0.050961487
639024,0.111539274,0.041906662
639046,-0.1365266,0.07405126
639057,-0.124834724,0.06256652
639058,0.14797,0.049158752
639176,-0.065097325,0.025047472
639198,0.16920622,0.0331582
639200,0.0077875014,0.08906461
639213,0.030006643,0.03630793
639241,0.094416425,-0.08597691
639243,0.086427405,0.057999283
639250,0.15305476,0.078891344
639257,0.1619858,0.0586392
639269,0.09930039,0.0110995155
639300,-0.0154822,-0.014815117
639304,-0.09648963,-0.051988505
639307,0.1617665,0.035056107
639308,0.017927073,0.07464465
639356,0.0072995126,-0.038586617
639423,-0.08795775,0.010960063
639425,-0.03457145,0.0704633
639454,0.0019369518,-0.0391436
639460,-0.12966168,0.047836445
639481,0.032092687,0.029289065
639500,0.09051425,0.06699046
639501,0.14270155,0.038050544
639518,0.061706025,0.03762362
639558,-0.18024264,-0.009697385
639790,0.0028847926,0.11013391
639791,0.15144937,0.061055068
639811,0.017936073,-0.018986689
639834,-0.032669507,0.030925075
639835,0.14064443,0.03943576
640644,0.0808407,-0.007032619
641237,0.042802528,-0.16424151
642021,0.082670815,0.06763923
642062,0.077253185,-0.00075692567
642071,0.10619904,0.10042086
642094,-0.14195126,-0.04615382
642127,0.023497164,-0.2156829
642192,0.13155897,0.010230063
642219,0.092610024,-0.068846926
642234,0.0176059,-0.028104749
642252,0.13815285,0.054913957
642311,0.16424766,0.059929803
642325,0.062103774,0.05563147
642330,-0.13122828,0.03901159
642360,-0.016065752,-0.020520177
642382,-0.06034944,0.057489753
642402,0.070384584,0.058671653
642403,0.13404861,0.036842756
642404,0.07917868,0.019715445
642424,0.088706695,0.0056214104
642433,0.12576674,0.05984272
642558,-0.00901361,0.007901498
642590,-0.016373456,0.08563041
642599,0.027728153,-0.12543495
642649,0.03726091,-0.17693475
642708,0.06996162,0.02907724
642759,0.18610524,0.057475608
642784,-0.07893707,-0.028239224
642847,0.07014157,-0.013788726
642861,-0.22066806,-0.0509135
642871,0.035053767,-0.055977188
642876,-0.024010884,-0.059451383
642880,0.06371498,-0.027806824
642905,-0.05708498,-0.059094734
642958,0.027035506,-0.10657883
642966,0.0031868296,0.011419201
642985,0.08851314,-0.08094272
643034,-0.10678808,-0.048565075
643053,-0.07377985,-0.009617973
643054,-0.015468708,0.04572185
643058,-0.101124026,0.002815037
643061,-0.0008387672,0.061617784
643117,0.16330951,0.04685129
643166,0.046023462,-0.041959
643195,-0.20102282,-0.03279229
643204,-0.05015627,-0.08886956
643247,0.121255524,0.028126046
643248,0.16239956,0.04384774
643299,-0.16602227,-0.007062999
643304,0.04608871,0.074206576
643308,0.04797665,-0.07921586
643309,0.17096102,0.034115613
643312,0.15880063,0.045259047
643321,-0.07892491,0.03904207
643322,0.044166166,0.055551194
643333,0.044866115,0.0521246
643337,-0.17925319,-0.09015019
643351,-0.11983186,0.024032887
643361,0.120629594,0.056271847
643377,-0.16536947,0.04740966
643378,0.076316744,0.026634501
643396,0.10792295,0.067036904
643421,0.119264126,0.030827655
643445,-0.03777837,0.059937708
643480,-0.054031663,-0.16259873
643498,0.13860905,0.0787679
643519,-0.1351228,-0.1633964
643537,-0.014257077,-0.104449496
643562,0.11116097,0.012400001
643578,-0.11924802,0.071788415
643587,0.07232107,0.027112918
643645,-0.026742963,0.06921738
643647,0.04938943,-0.0017514048
643656,-0.037282076,-0.0149682965
643699,0.078686714,0.036519248
643704,-0.14103448,-0.014637019
643705,0.059049506,0.05887193
643715,-0.13545613,0.03576397
643723,0.12747782,0.026467444
643726,0.15656659,0.066070616
643742,0.14989401,0.047130626
643773,-0.15972203,0.011156978
643789,0.012096533,0.018465877
643819,0.0011147727,-0.04429827
643873,0.03072738,0.019657074
643899,-0.048239943,-0.27709258
643995,-0.17827538,0.055181324
644047,0.14992689,0.026435522
644132,0.056716155,0.085141584
644133,0.13715293,0.048225153
644134,0.11476275,0.04365152
644141,0.008103905,-0.011685929
644153,0.13068329,0.0792428
644158,0.085303456,-0.008807425
644211,-0.121399455,0.06649415
644262,0.020054063,0.06323489
644281,-0.018949734,0.0611718
644298,0.04659189,-0.028179308
644312,-0.1801898,0.06588768
644316,0.015950434,-0.10001465
644365,0.1025168,0.06608484
644368,0.051474575,0.062449764
644382,0.09416894,0.021904523
644384,-0.007921116,0.044247385
644387,0.08654338,0.06744028
644388,-0.023107046,0.03784918
644399,0.012153352,0.02332458
644406,0.14754783,0.042697217
644440,0.0603294,-0.06736037
644484,-0.1661702,0.048990026
644496,0.021313885,0.09808723
644500,0.14723475,0.08749186
644515,0.16014622,0.07357514
644516,0.13851547,0.024746856
644521,0.13421111,0.048557688
644526,0.14677969,0.060916297
644527,0.076674536,-0.03296035
644530,0.115669176,0.06294008
644571,0.11699147,0.06826704
644579,-0.18095568,-0.047651157
644606,0.14324777,0.063227765
644623,0.018497812,0.02957105
644630,0.06601966,0.04738861
644698,0.04007374,0.05049346
644781,-0.031912666,-0.06311376
644946,-0.13580574,0.049335856
645005,0.14808327,0.080123186
645089,-0.1983616,0.011026705
645105,-0.14119479,0.016167507
645138,-0.18571149,-0.04721036
645142,-0.1735471,0.051677372
645153,0.07203774,-0.024705745
645159,0.13577724,0.04113693
645202,-0.05851568,-0.06420411
645203,-0.018123498,0.010095059
645207,-0.058682654,-0.03107546
645214,0.14623524,0.04426582
645261,0.0009354119,0.06725317
645277,-0.006061324,0.03394433
645293,-0.07022233,-0.014432782
645317,-0.18906365,0.012769607
645372,-0.016142845,0.05284659
645395,-0.20026514,0.009206815
645433,-0.15746826,-0.038064122
645468,0.13087204,0.03670267
645471,0.0006699438,-0.03974862
645513,0.03591965,0.06865803
645542,0.11445398,-0.0037066522
645553,-0.094630696,0.043680426
645561,-0.023588983,-0.017930944
645591,-0.187031,0.066781595
645597,0.14115642,0.04360147
645627,0.10372479,0.0016231163
645686,-0.042593077,0.030244943
645689,0.033315834,-0.16756918
645695,-0.013267155,0.0039864923
645700,1.089501e-05,-0.015648061
645722,0.06772891,-0.029806495
645724,0.065807775,-0.17625517
645785,0.025384767,0.013178171
645794,-0.052431002,0.013072985
645801,0.082194924,-0.018949015
645829,0.048323043,-0.009287036
645867,-0.1580766,-0.087734975
645940,0.091470435,0.0343809
645943,-0.08452101,-0.017388398
645949,-0.06799146,-0.054216206
645953,0.09599079,-0.07350004
645979,-0.01717365,0.07659419
645992,-0.20699586,-0.056878593
646025,0.12300538,-0.02562227
646043,0.07916627,-0.024401128
646044,-0.027894251,-0.010866527
646055,0.1108695,-0.0043522306
646111,0.08510396,0.027939359
646135,-0.060406808,-0.040247712
646173,-0.20037188,-0.019311966
646191,-0.10646556,-0.09922918
646192,0.04079564,-0.064143375
646196,-0.0008942026,0.06408754
646202,0.10948192,0.05664043
646220,0.10988662,0.036813885
646222,0.15969452,0.056411445
646256,-0.09153155,0.017372068
646262,-0.09417867,-0.09986176
646364,0.12952329,0.0105015775
646401,-0.016743384,-0.0057686223
646410,0.014780201,-0.03621764
646418,-0.06512264,7.010335e-05
646519,-0.016031565,0.037237898
646521,-0.013851941,0.049536828
646525,0.088212185,0.06048045
646567,0.1379398,0.05110927
646695,0.14544855,0.075430155
646717,0.11972741,0.045565967
646749,0.14567554,0.060014304
646751,-0.13142729,0.009211755
646776,-0.11143479,-0.079242595
646785,-0.16717081,0.05322414
646794,-0.0863515,-0.010095214
646835,0.11035777,0.06858004
646869,-0.17958109,-0.011569231
646881,-0.1774774,0.042445827
646891,-0.02394281,0.02730798
646897,-0.022584066,0.061929364
646990,-0.11089919,0.12558925
647000,0.15547895,0.071119234
647012,0.09739655,0.04384396
647015,-0.07105375,-0.07059207
647036,0.1061503,-0.043945447
647047,0.113241844,0.044584297
647105,0.1530009,0.038346227
647120,0.03011033,-0.0135211265
647234,0.16736859,0.08720175
647308,0.07621372,-0.00925285
647358,-0.0073813447,-0.19861405
647364,0.09686756,0.057561025
647432,0.120454855,-0.00974517
647467,-0.014698605,-0.010851774
647469,0.046315305,-0.13137501
647470,0.11882747,-0.003957729
647473,0.136724,0.0988571
647524,-0.10180771,-0.05533611
647525,-0.182418,-0.029784948
647555,0.13344064,0.03567491
647592,-0.11514574,0.062343467
647619,-0.20735116,-0.040301543
647678,0.08031426,0.06082788
647711,-0.012298108,0.013630039
647734,-0.2125748,-0.015454153
647747,-0.060586616,-0.069509506
647788,-0.02858428,0.0569312
647795,-0.04040401,0.04570537
647813,-0.0926703,0.025925139
647831,0.07659576,0.0077562495
647862,-0.17442097,0.035432134
647873,-0.13433196,0.023113817
647955,0.09150796,0.050723683
647956,0.03039456,0.027391052
647957,-0.08316641,0.020355856
647968,-0.14838219,0.01103692
648005,0.1410455,0.057413485
648036,0.09987879,0.07006503
648047,0.032241385,0.01941068
648076,0.113185324,0.05022824
648129,0.1324051,0.03579872
648214,-0.15493941,-0.03222511
648247,-0.17827538,0.055181324
648262,0.116468936,0.06247979
648265,0.0053981664,0.03850235
648267,0.10463449,0.009288856
648282,0.14457867,0.06222653
648427,0.09207385,0.06204121
648455,0.1639522,0.07104047
648513,0.02132167,0.05386812
648569,-0.12004591,0.044371866
648615,-0.0062226406,-0.1671696
648616,0.006960551,-0.1945004
648617,0.04428473,0.012663179
648623,0.12300555,0.03861615
648638,0.013982327,0.010964853
648639,0.0862948,-0.0992976
648642,-0.029162947,0.001746908
648659,-0.1861784,-0.08752633
648667,0.1385792,0.09868577
648694,0.16174038,0.0463619
648710,-0.12444628,-0.003320285
648757,0.16122006,0.03114395
648765,0.18764488,0.06631474
648775,-0.11846422,0.030540021
648778,0.15706255,0.05133028
648810,-0.16458753,0.005153341
648841,0.07778128,0.030668696
648866,0.12859067,0.037071183
648983,0.10618708,0.051476084
649043,0.11268897,0.019773593
649047,-0.018099822,-0.18839961
649060,-0.07920452,-0.04964742
649137,-0.07384977,-0.0032928677
649148,0.01431411,-0.15294227
649184,0.0691118,-0.118481696
649206,0.067368634,0.01607219
649207,0.05597313,-0.009118173
649224,-0.1638082,0.08394899
649239,0.023166787,-0.16160145
649245,0.006884986,-0.12035607
649250,0.07659463,0.07054619
649255,-0.07095714,-0.03523819
649260,-0.01928373,-0.24433161
649266,-0.07527229,-0.00010691283
649282,0.10263119,0.04875375
649294,-0.024479955,-0.20445797
649313,0.10755422,0.042631663
649335,0.094810836,-0.04610354
649338,0.12231176,0.015052118
649359,0.0041583767,0.05082436
649373,0.08456761,0.03655664
649377,0.12146085,0.028327806
649383,-0.04668541,-0.0019144997
649396,-0.08343025,0.06315975
649398,-0.03016948,0.07235369
649411,0.07790313,0.039386734
649436,0.06882862,0.07385071
649460,-0.048043407,-0.012203983
649470,-0.06354058,-0.035696704
649516,0.08583726,-0.032492384
649573,0.07682804,0.024744976
649590,0.050629172,0.055762462
649592,0.15892076,0.047352448
649600,0.095187195,0.066652335
649602,-0.18568975,0.059776884
649603,0.028515102,0.03616705
649629,-0.037420057,0.025377182
649630,-0.081029564,-0.012586234
649631,-0.10737859,0.08352105
649634,0.052965496,-0.080399245
649635,0.09299908,0.07172691
649650,0.07780813,-0.018778086
649656,-0.08570139,-0.04672186
649663,-0.013129677,0.07819191
649708,-0.040171772,0.059371155
649715,0.053670075,0.089882925
649778,-0.016780838,-0.034623057
649788,-0.116984144,0.024922822
649825,0.085741855,0.04116784
649827,0.08957922,-0.042370483
649829,-0.13956267,0.029842291
649836,0.1219139,0.025650544
649875,0.059856895,-0.0653707
649917,-0.12732339,-0.06995627
649920,-0.19631012,-0.050229996
649921,0.013595448,0.04556643
649959,0.15646355,0.060757276
649982,-0.014992728,0.022120634
650090,-0.0004549938,0.002575917
650114,0.059466515,-0.0312653
650129,-0.0015527501,0.03225737
650143,0.038686812,0.06874544
650158,-0.13183708,0.035889532
650162,0.14586167,0.061339978
650168,0.0063661686,-0.014116352
650192,-0.17000005,0.025766771
650194,0.06292834,0.04868317
650342,-0.12988517,0.025071314
650462,0.14880773,0.046492387
650463,0.114631236,0.07056078
650482,-0.045187466,0.022825236
650503,-0.05219412,0.025075732
650508,-0.24188429,0.07774898
650513,0.044194367,0.0403204
650523,0.11897137,0.05560033
650568,-0.019097602,-0.06161644
650613,-0.0418255,0.08231922
650954,0.12869547,-0.03794572
650956,-0.07579707,0.050421514
650957,-0.024316896,0.07196331
651029,-0.02295194,0.0059808143
651062,-0.21589915,0.15563683
651067,-0.045735534,0.0291981
651069,-0.048513986,0.020291217
651097,-0.01354131,0.14647898
651104,0.17075455,0.07847751
651108,0.032143813,-0.1395212
651120,0.013057198,0.03831665
651128,0.07076335,-0.012591629
651135,-0.012332906,0.071409576
651142,0.14277889,0.05868753
651144,0.05532021,0.028024776
651206,0.15811504,0.07392769
651227,-0.075611874,-0.022663577
651268,0.06404266,0.06044108
651294,-0.060278084,-0.025343582
651295,0.15388879,0.032132443
651323,0.09410171,0.039489
651324,0.08227956,0.038193654
651339,0.10031947,0.039451674
651346,0.07439094,0.038093206
651347,0.1243975,-0.06698915
651350,0.033989277,-0.15627702
651366,0.06554345,0.012328303
651367,-0.13008203,0.096262224
651370,0.12392823,0.05677942
651372,0.136275,0.03559013
651390,-0.23591912,0.11356194
651451,0.019781556,0.025505913
651497,-0.10489555,0.033822317
651513,-0.096672095,0.013883568
651584,-0.08893504,-0.017773496
651665,0.0511138,0.055592682
651675,0.12513776,0.03760751
651680,0.074877046,0.020538585
651722,-0.068164326,-0.006929122
651729,-0.20050752,0.019751571
651738,0.14241812,0.032170415
651745,-0.08668498,-0.012797004
651763,0.023088636,0.02450051
651799,-0.096898824,0.036531515
651902,-0.20760141,-0.028725797
652047,0.035512254,0.042764988
652058,-0.1966115,0.0014114359
652072,-0.12693301,0.055247825
652181,-0.1567856,0.009796236
652275,-0.15599723,0.030556122
652412,0.06241221,0.073524356
652450,-0.18459783,0.01216441
652452,-0.21461357,0.13635318
652462,-0.03836695,-0.0054037534
652532,-0.027244087,0.1149113
652543,0.047987934,-0.070481
652545,0.16089603,0.043007106
652546,0.13390529,0.002193247
652548,0.017904462,0.09239172
652557,0.076858036,-0.005539848
652562,0.1714791,0.04897258
652563,0.027706977,0.044255562
652564,0.051380116,0.049616598
652579,-0.010694148,0.041830245
652580,0.1378683,0.011879298
652582,-0.022761153,0.04954958
652583,0.0020974786,0.084456414
652588,-0.044075433,-0.0247778
652589,0.016992824,0.000930461
652590,-0.16851872,0.059309434
652613,-0.17706482,-0.004399398
652624,-0.02796426,0.064986914
652641,-0.029646117,0.072398365
652655,-0.13760686,0.024049688
652656,-0.050717033,0.014940723
652665,-0.1639207,0.057357367
652684,-0.19499704,0.011808243
652704,-0.07357753,0.0005071168
652714,-0.15646885,0.044183318
652724,0.08971084,-0.040533528
652736,-0.191197,-0.017157909
652759,-0.011087461,0.006401774
652768,-0.044813067,0.021241412
652796,-0.0319881,-0.013221911
652798,-0.050289363,-0.06915272
652800,-0.1654833,0.018738667
652808,-0.02405291,-0.008063031
652810,-0.14306314,0.050153304
652816,-0.020706598,0.05826571
652823,-0.18662915,0.025533266
652826,-0.15495953,0.040252037
652839,0.0107049355,0.04639374
652859,-0.18959872,0.010459533
652874,-0.24243645,0.124306306
652890,0.05806117,-0.060873806
652898,0.12531093,0.03639531
652902,0.14496827,0.052495033
652917,-0.010732704,0.056902956
652919,-0.11957764,0.14571063
652921,-0.025133157,0.01761044
652925,0.0013080727,0.03805853
652934,0.112727895,0.011645934
652946,-0.18941337,-0.11248529
652947,-0.19967364,-0.083304115
652950,0.07049706,-0.00032028885
652951,-0.15534155,-0.0803681
652954,-0.10747007,-0.01837634
652976,0.010820243,-0.047342747
652979,-0.17253579,0.11950183
652981,-0.25361815,0.061059993
652982,-0.15187578,0.12639436
652983,-0.23900776,0.10647941
652984,-0.08768593,-0.123405255
652988,-0.21487294,0.11887086
652989,0.08857894,0.025405027
653004,0.016477486,-0.036180772
653005,-0.07719385,-0.034357324
653007,0.07146253,-0.06611513
653010,0.1552386,0.087982275
653075,0.07916564,-0.01616412
653119,-0.018281238,0.04301999
653183,-0.18340892,0.016091943
653215,-0.009221828,-0.0028164955
653506,-0.071069725,0.1230797
653534,0.10220817,0.049238786
653545,-0.016270328,0.05270081
653547,-0.10871274,-0.053075336
653585,0.014620951,0.045622937
653628,0.07702453,0.06549854
653651,-0.13271783,0.018042874
653688,-0.053635824,-0.010619641
653690,0.09175646,0.004286219
653708,-0.109996475,-0.053085804
653764,-0.15755887,-0.10948358
653768,-0.15691514,0.08355772
653770,0.16882712,0.05707844
653775,-0.14405905,-0.031140402
653777,0.002593765,-0.08852764
653778,-0.020024868,-0.05249526
653803,-0.031690877,0.09491581
653814,-0.00441758,-0.007227788
653815,-0.010869916,-0.03373643
653816,-0.08115014,0.016088737
653827,-0.17879854,-0.02897882
653834,-0.11139008,-0.050080393
653835,0.026669214,-0.106084034
653837,0.02062659,-0.06877949
653852,0.10647994,0.061528116
653854,0.16071364,0.09660708
653856,-0.24420685,0.09838018
653858,-0.021206452,0.0005199734
653884,-0.033092692,0.08941967
653914,-0.0199359,-0.0059633357
653985,0.07985245,0.07049264
654016,-0.08341566,-0.04589062
654017,0.0075208843,0.035596285
654027,0.054792266,0.040883955
654077,-0.10427422,-0.0018416899
654081,-0.004152634,0.039864093
654082,0.007529437,0.03082827
654091,-0.029340547,0.016254174
654103,-0.20238815,-0.072987415
654104,-0.04633619,-0.016353985
654107,-0.047650397,-0.00032219404
654118,-0.12321458,-0.0071142367
654129,-0.12982216,0.0027204566
654169,0.025885962,0.010722669
654191,0.15136176,0.04492749
654197,-0.15840724,0.053241756
654221,-0.11597314,0.06874601
654247,0.11078969,0.030853305
654250,0.023093484,0.04295867
654253,-0.019024028,0.018243467
654262,0.099201836,-0.05827234
654297,-0.07397758,-0.008823439
654322,-0.19197376,0.008102084
654344,0.07233156,-0.011871962
654349,-0.06040726,-0.0018973898
654350,-0.10965164,-0.02952367
654351,-0.16490987,-0.07518676
654354,0.026236994,-0.107787184
654355,0.17629154,0.07940536
654356,0.093061134,0.063992225
654357,0.078467965,0.034503117
654358,0.054438718,0.06280594
654359,0.17190968,0.085555166
654360,0.031228533,-0.03067867
654361,0.16613747,0.07118148
654363,-0.063912146,0.02450652
654364,0.15168972,0.020524312
654365,0.15096633,0.0827084
654370,-0.07580349,0.04840967
654372,0.0903794,0.0084013045
654374,0.08545696,0.028912093
654376,0.0840407,0.072417066
654379,-0.0037008212,0.035798628
654381,-0.07076841,-0.09120008
654387,0.025666984,0.017491003
654388,-0.16257565,-0.07543779
654392,0.016309788,0.05622035
654394,-0.19158858,-0.056622077
654401,0.028530102,-0.07863762
654402,-0.05059022,-0.056836244
654407,0.06788499,0.009520889
654412,0.09551563,-0.02506378
654428,-0.12290099,0.05134676
654444,-0.1726466,-0.06627969
654445,-0.1667192,0.022376902
654455,-0.049968574,0.05053041
654456,-0.016287772,0.016449727
654457,-0.18159036,-0.032810647
654462,-0.17840104,-0.052802347
654463,-0.1818001,-0.022869384
654465,-0.18550526,-0.0350389
654473,-0.23265772,0.10701995
654489,-0.08491591,0.11847234
654490,0.10704159,-0.010612691
654507,-0.13895494,-0.005476523
654508,-0.17966232,-0.048164368
654509,-0.025177488,-0.005705165
654510,-0.18342894,-0.035723843
654511,0.09142929,0.0565894
654527,-0.10267085,-0.01493472
654542,-0.12977642,-0.07205132
654570,0.09246984,-0.02372557
654574,-0.031451,-0.0029915778
654576,-0.21121708,-0.029279906
654580,-0.10172098,-0.071420126
654583,-0.04443212,0.006677656
654588,-0.026922243,-0.046024937
654955,-0.15190913,-0.042159103
655235,-0.19664566,0.026014464
655416,-0.073745824,0.03645478
655447,-0.21173726,0.0050727814
655509,-0.10397128,0.037369844
655515,-0.05431946,-0.0011809075
655516,-0.1520379,0.01454325
655517,0.031903222,-0.008451067
655520,0.0050753825,0.0254757
655522,-0.07203641,0.05178809
655525,0.12741418,0.034001414
655538,-0.12479979,0.015446858
655555,-0.12914135,0.03232457
655569,-0.07185994,0.04282934
655570,0.0026111747,0.060729
655588,-0.19069059,0.055208586
655596,0.0367681,0.085148856
655624,-0.16012007,0.04568023
655702,-0.07779565,-0.055922315
655729,0.1303092,0.050705925
655736,-0.19028147,0.0066250926
655747,-0.12192312,-0.01312957
655764,-0.06195815,-0.008505357
655773,-0.10828762,-0.023758885
655779,-0.13330348,-0.008909259
655925,-0.08192026,-0.0174696
655951,-0.053912237,-0.0092531
655963,0.029805016,0.057153046
655964,0.038374867,-0.1345878
655974,-0.052765634,0.01946778
655976,-0.05784781,-0.08834714
655982,0.13632117,0.013397913
655989,0.14924186,0.091586865
655992,-0.21651356,0.06287236
655995,-0.10522943,-0.016035631
655996,-0.18601239,-0.087884
655997,-0.17782865,-0.0443159
655998,-0.19824864,-0.039460532
656001,-0.18755937,-0.040159017
656002,0.097085625,-0.016624942
656003,0.060664576,-0.0049361554
656004,0.03542357,-0.08948626
656005,-0.019044502,0.020947926
656007,-0.13613254,0.13938288
656019,0.063199386,-0.08026591
656022,-0.054124936,-0.03167948
656023,0.0011910907,0.03976986
656027,-0.1182976,0.05231392
656028,-0.19202162,-0.027564742
656039,-0.036343236,-0.0027642362
656058,-0.005174618,0.10931708
656130,-0.005673049,0.055077348
656168,-0.04240542,-0.016125256
656194,0.04514643,0.05147141
656311,0.13057105,0.042534597
656459,-0.029076528,0.027843546
656587,-0.1258031,0.039150238
656651,0.08429505,-0.016396035
656665,-0.04145425,-0.029453192
656697,-0.24571441,-0.06063077
656736,-0.23971368,-0.08299797
656754,0.10928175,-0.0018065352
656755,-0.04968075,-0.0052976003
656757,-0.108581655,0.13921888
656758,-0.16496429,0.13994879
656759,-0.16748905,0.16791542
656760,-0.2449135,0.06932191
656761,-0.16103418,0.11859874
656762,-0.24322426,0.08355827
656763,-0.014683739,0.1170467
656771,-0.23472191,0.08110868
656773,-0.0932871,0.1265784
656778,-0.22820242,-0.05739992
656781,-0.10719299,0.0439976
656785,-0.23816803,-0.0967911
656787,-0.2081716,0.124051064
656795,-0.23850013,-0.084636375
656796,-0.24419528,-0.093578115
656801,0.026578085,0.08822486
656803,-0.20808773,0.11915333
656842,-0.09302961,0.05497872
657152,0.04889026,0.03808881
657168,-0.21357147,-0.030097118
657319,-0.012365168,0.033837568
657331,-0.01042068,-0.03735104
657354,-0.0067524477,0.018547352
657356,-0.16427033,-0.033017755
657386,0.06693178,-0.008166454
657391,-0.07958455,-0.04829912
657449,-0.062100932,0.046429858
657500,-0.1107049,-0.012324225
657523,-0.11713433,0.032829374
658058,-0.23876753,0.056947634
658070,-0.09862875,-0.03322826
658076,-0.02838266,0.004579971
658119,-0.13128635,0.15906063
658121,-0.09269344,0.03535297
658122,-0.11481764,0.022241374
658123,-0.02136802,0.019765913
658124,-0.17568646,0.03197289
658125,-0.099817805,0.02440272
658126,-0.1625787,0.001675968
658138,0.095892295,-0.00095762225
658141,0.042010043,0.096824475
658170,-0.16630322,0.13760026
658171,-0.08958335,0.1228521
658172,0.008046471,0.11342281
658200,0.10139085,0.0008689345
658206,-0.16464649,0.04013625
658207,-0.18746072,0.12801269
658208,-0.034447983,0.10087067
658319,-0.058086853,0.032908365
658334,-0.06674075,0.06722834
658348,-0.23850013,-0.084636375
658349,-0.105655335,-0.095791206
658351,-0.008450878,0.09062684
658362,0.15502231,0.067964055
658363,0.04493423,0.0700826
658364,-0.049681425,0.040428836
658365,0.12969624,0.03488773
658366,-0.039912045,0.066278905
658367,-0.11025088,-0.060847115
658370,-0.037766647,0.0522365
658371,0.15985881,0.08028239
658467,0.00265783,0.038281545
658478,0.03794242,0.06643662
658481,0.018418306,0.069357224
658560,-0.01981364,0.044952378
658660,-0.24792914,0.111809134
658661,-0.21220745,0.09355621
658662,-0.12963429,0.14466283
658663,-0.23816803,-0.0967911
658670,-0.24869834,-0.09812468
658674,0.09166137,0.027723832
658676,0.06515123,0.09329932
658678,0.042331878,0.0067797573
658679,-0.00929831,-0.010587149
658681,-0.213692,-0.0441721
658682,-0.22331496,-0.032065004
658684,-0.14481921,-0.01859925
658685,-0.18026717,-0.02363673
658687,0.097248316,-0.026082035
658688,-0.10262837,0.1280275
658689,-0.02863378,-0.016034883
658690,-0.092455626,-0.07741712
658694,0.03479601,-0.062157515
658700,-0.12822159,0.04572752
658704,0.049639422,-0.003423893
658705,-0.07242325,0.018539296
658706,0.14070557,0.060449533
658707,-0.0072418223,0.026870094
658710,-0.21329932,0.12636463
658711,-0.161982,0.1472898
658712,-0.20846415,0.14032261
658714,-0.02156989,0.03988833
658716,0.00088202796,0.07075688
658721,-0.10012771,-0.017848425
658725,-0.15270767,-0.06339603
659206,-0.05022744,0.093203016
659207,-0.08629477,0.10577765
659216,-0.12031531,0.14877404
659263,-0.05640244,0.05898703
659295,-0.07650939,0.05282078
659311,0.0050989,0.051617756
659315,-0.048111875,0.0025267734
659325,-0.059847455,0.015015101
659576,0.16505045,0.044828456
659580,-0.21165605,-0.07181803
659582,-0.08287301,0.08002798
659583,-0.13212846,-0.10269271
659586,-0.23938169,-0.08897301
659590,0.0118474895,0.008691633
659592,0.0052119214,-0.020737201
659596,0.06307693,0.0831525
659598,-0.2167554,0.12738691
659599,-0.18719602,0.15599887
659600,-0.05222722,0.14376089
659601,-0.21799782,0.13789557
659602,0.047834266,0.04645988
659603,-0.20621513,0.15249099
659604,0.032391462,0.113016754
659606,-0.18623035,0.1396455
659607,-0.074524045,0.11383968
659609,-0.13374887,0.124503426
659610,-0.26436326,0.09473148
659612,-0.1622841,0.060492136
659616,-0.2436439,0.093280174
659617,-0.20365645,0.13441642
659618,0.028016796,0.10551663
659619,-0.2210663,-0.05970171
659621,-0.17268951,-0.0021100163
659622,-0.12887001,-0.091027044
659627,0.002761172,0.075954385
659628,-0.2016282,-0.0071699964
659629,-0.24397631,-0.09593473
659643,-0.18462487,-0.008493556
659644,0.16481252,0.06641055
659645,-0.039625775,-0.0808159
659646,-0.18065172,0.018581765
659649,-0.088292874,-0.04972359
659651,-0.16658793,-0.072424434
659652,-0.20922637,-0.05398658
659653,0.079649255,0.07236491
659660,-0.001291575,0.06279346
659664,0.038510438,0.04885018
659665,0.13709863,0.10027053
659670,-0.13176474,-0.07529717
659672,0.13120203,0.059141386
659674,0.063049495,-0.07040472
659678,0.06280391,-0.0011223542
659679,0.14259009,0.07565981
659680,0.15163316,0.05583397
659687,0.012918376,0.07558473
659690,-0.059633855,-0.011607941
659691,0.16449608,0.04760238
659692,0.120356046,0.015678989
659693,-0.12832996,0.008717605
659696,-0.18161938,-0.04947291
659699,0.026262272,0.021775208
659728,-0.049802985,-0.039555248
659818,-0.029063983,-0.016469643
659820,-0.14686342,-0.05657057
659821,-0.20362455,0.0019820111
659822,0.08944712,0.017619757
659823,0.12550797,0.032264613
659824,-0.1732078,-0.021811575
660059,0.12273177,0.086599015
660310,-0.028164066,-0.01050891
660358,-0.004661752,0.0125234
660643,-0.040068336,0.004502422
660645,0.019140651,0.12723857
660646,-0.23255305,0.08809612
660648,-0.09037011,0.020537304
660649,-0.1207434,-0.003918717
660654,0.026396325,0.05128917
660655,-0.19148906,-0.030983545
660656,0.085768744,0.050838035
660657,-0.17886396,-0.012036026
660671,-0.22789621,-0.06582149
660675,-0.10613557,0.05794658
660678,-0.21903788,0.09339602
660682,-0.13375896,-0.0061366064
660685,-0.22622956,-0.12207466
660688,-0.02825881,-0.004203282
660695,-0.24178411,-0.06055562
660696,-0.03297491,0.030450713
660697,-0.034996394,0.011137069
660699,-0.2246827,0.12831256
660701,-0.013657612,0.11383908
660707,-0.12210443,-0.09114938
660715,-0.1355559,-0.009745738
660716,-0.029687718,-0.003443055
660718,0.030749522,0.08606692
660719,-0.24037896,-0.08425711
660726,0.13041167,0.041603804
660727,0.15789677,0.08102813
660730,0.010697351,0.05240019
661047,-0.03991368,0.008540554
661219,-0.17661805,-0.009935074
661227,-0.092199266,-0.0020543786
661234,-0.17551474,-0.05510829
661261,0.061485924,0.008058978
661609,-0.17970727,-0.048928984
662018,0.107372716,0.033248127
662044,-0.017588867,0.049685977
662057,-0.13945432,0.115964465
662064,-0.046438683,0.074066065
662067,-0.14443582,0.02668937
662087,-0.23545936,-0.07410788
662102,-0.20415457,0.15481621
662103,-0.22493821,-0.040082436
662109,0.111747846,-0.016679753
662110,0.047779966,-0.031676065
662113,0.08979125,-0.014377932
662120,-0.21360846,-0.0079866685
662124,0.037516195,-0.024251027
662130,-0.14341542,0.03969593
662138,-0.206363,0.0027877379
662147,-0.011723936,0.02654899
662149,-0.19636555,0.025267784
662150,-0.13873076,-0.05308521
662157,-0.014247971,0.0522496
662169,-0.15864076,0.12835115
662170,-0.17318763,-0.08805426
662172,0.10232461,0.07006337
662173,0.03549931,-0.019206224
662177,0.12845393,0.048962917
662180,-0.21612082,0.12286284
662182,-0.15237553,-0.013030924
662183,-0.041137177,0.05196075
662184,0.14839068,0.075009614
662185,-0.105576314,0.18092379
662186,0.003026014,0.09900909
662189,-0.20870636,0.078428544
662259,-0.19457693,0.008459944
662436,0.079399906,-0.048254598
662454,-0.24627846,0.0706316
662461,-0.18813843,0.16983317
662490,-0.11586465,0.03149144
662496,0.07785485,-0.037223708
662510,0.018937323,0.039743997
662511,-0.19235347,-0.059701357
662512,-0.07267515,0.048260562
662514,-0.23932502,0.0486686
662515,-0.23182715,0.05422139
662522,-0.005173437,0.061039627
662525,-0.014746476,0.03952262
662673,-0.024227073,0.017415836
662677,-0.038389754,-0.059827622
662678,0.11080269,0.06403924
662679,0.15345281,0.06516262
662684,0.09304964,0.04627841
662686,-0.010600009,-0.04046087
662687,0.0008371113,0.001845154
662688,0.13974455,0.06395738
662694,-0.019593516,-0.04631081
662701,-0.16658105,-0.010426011
662706,-0.204021,-0.027849559
662708,-0.21595658,0.004692354
662709,-0.19682045,0.015777718
662715,-0.20505884,0.13041787
662717,0.009988945,0.059980843
662718,0.12487666,0.04410613
662720,-0.17211941,0.14552465
662721,0.15424526,0.109475985
662765,-0.001814563,-0.048225455
662766,0.037356716,-0.0033128483
662771,0.103337854,0.036401294
662774,-0.21956298,-0.060367472
662808,0.033335406,0.064765975
662822,-0.02036155,-0.01501818
662829,0.07024185,-0.0018139699
662838,-0.23322505,0.11218003
662844,0.03959426,0.014547924
662845,-0.14119619,-0.04556552
662846,0.10987931,0.007485933
662851,-0.05631089,-0.017080216
662854,-0.16753179,-0.019853998
662857,-0.046289183,-0.0451617
662863,-0.062134217,0.0058176536
662864,-0.13642064,-0.020980956
662865,-0.05187671,-0.024813354
663058,0.12591873,0.07547406
663105,0.012107919,-0.009817651
663139,-0.11234873,0.082352795
663923,-0.006467165,0.09705396
663950,-0.21622726,0.12991396
664061,-0.05919158,-0.016025277
664137,-0.17957513,0.0718613
664176,-0.027718227,-0.02869293
664182,-0.08561142,0.07530036
664272,-0.1596576,0.031610206
664776,-0.15856712,0.048348565
664867,-0.041142523,0.018110225
664869,0.116723515,0.02725179
665043,-0.04560895,-0.03304375
665063,0.15594605,0.08171005
665145,0.1309775,0.05391135
665300,-0.0536863,0.04616392
665316,0.00960522,0.017625729
665432,0.07138159,0.08706629
665621,-0.18533933,-0.08830361
666375,0.17057978,0.052767262
666633,-0.013801701,0.08473396
667562,-0.17956352,0.0389768
668010,-0.06294839,0.03970646
668121,-0.02169107,0.059565585
668132,0.12563026,0.09281101
668333,0.013500265,0.075787425
668363,0.18786427,0.024924736
668898,-0.17296581,-0.07041542
669374,-0.21112679,0.090544805
669390,0.06545025,0.024293993
669476,-0.008361126,0.07952174
669616,-0.16904932,0.016652407
669691,-0.029330527,0.05840156
669912,0.12115035,0.037732188
669913,0.060753446,0.096782126
671930,-0.036741175,0.032810356
672911,-0.012154061,0.07969892
672957,0.10487142,0.08797395
673473,-0.0048026014,0.06216791
673638,0.110763125,0.10356685
674171,0.099725276,0.05329105
674610,-0.14306849,0.026105117
676557,-0.02217891,0.07754434
677411,0.014401094,0.037422076
677434,0.020357657,0.061375033
677460,0.038931098,0.04726194
677461,0.1688349,0.0745375
677462,0.09949339,0.10302805
677508,0.05639517,0.043657247
678931,-0.18756497,-0.028128564
679555,0.12293008,0.04505957
683629,0.043272592,0.047632482
683638,-0.14739054,-0.0231326
683663,-0.22248471,0.13278684
683699,-0.01996071,-0.011989116
683722,-0.17570338,-0.038009197
683741,-0.06551522,-0.0414866
683803,0.03068581,0.09656938
683807,-0.17370372,-0.056376416
683837,-0.11221081,-0.013937459
683848,-0.05518223,0.0025775589
683851,0.09068592,0.06302689
683862,-0.14318757,0.011871297
