IDPERSONA,MOTIVO_CATEGORIA,ULTIMO_CARGO_REGISTRADO,FECHA_INICIO_ULTIMO_CONTRATO,TIENE_CONTRATO_PUNTUAL_VIGENTE_HOY
425,CONTRATO_SERVICIOS_PROFESIONALES_PROYECTO,SERVICIOS PROFESIONALES - EJECUCIÓN DE ACTIVIDADES,2023-03-20,False
592,CONTRATO_SERVICIOS_PROFESIONALES_PROYECTO,SERVICIOS PROFESIONALES - EJECUCIÓN DE ACTIVIDADES,2022-06-02,False
896,CONTRATO_SERVICIOS_PROFESIONALES_PROYECTO,SERVICIOS PROFESIONALES - EJECUCIÓN DE ACTIVIDADES,2021-07-30,False
948,CONTRATO_SERVICIOS_PROFESIONALES_PROYECTO,SERVICIOS PROFESIONALES - ACTIVIDADES DE CAPACITACIÓN,2024-11-20,False
1122,CONTRATO_SERVICIOS_PROFESIONALES_PROYECTO,SERVICIOS PROFESIONALES - EJECUCIÓN DE ACTIVIDADES,2026-08-01,False
1460,CONTRATO_SERVICIOS_PROFESIONALES_PROYECTO,SERVICIOS PROFESIONALES - EJECUCIÓN DE ACTIVIDADES,2021-11-12,False
1752,CONTRATO_SERVICIOS_PROFESIONALES_PROYECTO,SERVICIOS PROFESIONALES - EJECUCIÓN DE ACTIVIDADES,2021-12-02,False
1941,CONTRATO_SERVICIOS_PROFESIONALES_PROYECTO,SERVICIOS PROFESIONALES - EJECUCIÓN DE ACTIVIDADES,2024-01-15,False
2019,CONTRATO_SERVICIOS_PROFESIONALES_PROYECTO,SERVICIOS PROFESIONALES - EJECUCIÓN DE ACTIVIDADES,2021-08-02,False
2216,CONTRATO_SERVICIOS_PROFESIONALES_PROYECTO,SERVICIOS PROFESIONALES - EJECUCIÓN DE ACTIVIDADES,2023-01-09,False
2456,CONTRATO_SERVICIOS_PROFESIONALES_PROYECTO,SERVICIOS PROFESIONALES - EJECUCIÓN DE ACTIVIDADES,2026-01-06,False
2814,CONTRATO_SERVICIOS_PROFESIONALES_PROYECTO,SERVICIOS PROFESIONALES - EJECUCIÓN DE PROYECTOS,2024-09-03,False
3051,CONTRATO_SERVICIOS_PROFESIONALES_PROYECTO,SERVICIOS PROFESIONALES - EJECUCIÓN DE ACTIVIDADES,2026-02-26,False
3113,CONTRATO_SERVICIOS_PROFESIONALES_PROYECTO,SERVICIOS PROFESIONALES - EJECUCIÓN DE ACTIVIDADES,2023-01-09,False
3167,CONTRATO_SERVICIOS_PROFESIONALES_PROYECTO,SERVICIOS PROFESIONALES - EJECUCIÓN DE ACTIVIDADES,2024-10-25,False
4128,CONTRATO_SERVICIOS_PROFESIONALES_PROYECTO,SERVICIOS PROFESIONALES - EJECUCIÓN DE ACTIVIDADES,2019-09-30,False
4134,CONTRATO_SERVICIOS_PROFESIONALES_PROYECTO,SERVICIOS PROFESIONALES - EJECUCIÓN DE ACTIVIDADES,2022-02-01,False
4336,CONTRATO_SERVICIOS_PROFESIONALES_PROYECTO,SERVICIOS PROFESIONALES - EJECUCIÓN DE ACTIVIDADES,2022-06-02,False
4389,CONTRATO_SERVICIOS_PROFESIONALES_PROYECTO,SERVICIOS PROFESIONALES - EJECUCIÓN DE ACTIVIDADES,2024-01-08,False
4500,CONTRATO_SERVICIOS_PROFESIONALES_PROYECTO,SERVICIOS PROFESIONALES - EJECUCIÓN DE ACTIVIDADES,2025-01-06,False
4700,CONTRATO_SERVICIOS_PROFESIONALES_PROYECTO,SERVICIOS PROFESIONALES - EJECUCIÓN DE ACTIVIDADES,2021-01-04,False
5474,CONTRATO_SERVICIOS_PROFESIONALES_PROYECTO,SERVICIOS PROFESIONALES - EJECUCIÓN DE ACTIVIDADES,2025-01-06,False
5478,CONTRATO_SERVICIOS_PROFESIONALES_PROYECTO,SERVICIOS PROFESIONALES - EJECUCIÓN DE ACTIVIDADES,2025-11-17,False
6364,CONTRATO_SERVICIOS_PROFESIONALES_PROYECTO,SERVICIOS PROFESIONALES - EJECUCIÓN DE ACTIVIDADES,2023-10-17,False
6810,CONTRATO_SERVICIOS_PROFESIONALES_PROYECTO,SERVICIOS PROFESIONALES - EJECUCIÓN DE ACTIVIDADES,2025-03-20,False
7179,CONTRATO_SERVICIOS_PROFESIONALES_PROYECTO,SERVICIOS PROFESIONALES - ACTIVIDADES DE CAPACITACIÓN,2019-05-07,False
7934,CONTRATO_SERVICIOS_PROFESIONALES_PROYECTO,SERVICIOS PROFESIONALES - ACTIVIDADES DE CAPACITACIÓN,2022-07-11,False
8588,CONTRATO_SERVICIOS_PROFESIONALES_PROYECTO,SERVICIOS PROFESIONALES - EJECUCIÓN DE ACTIVIDADES,2023-06-01,False
9006,CONTRATO_SERVICIOS_PROFESIONALES_PROYECTO,SERVICIOS PROFESIONALES - EJECUCIÓN DE ACTIVIDADES,2021-01-07,False
9345,CONTRATO_SERVICIOS_PROFESIONALES_PROYECTO,SERVICIOS PROFESIONALES - EJECUCIÓN DE ACTIVIDADES,2026-04-20,False
9728,CONTRATO_SERVICIOS_PROFESIONALES_PROYECTO,SERVICIOS PROFESIONALES - EJECUCIÓN DE ACTIVIDADES CON RUAC,2023-01-09,False
10271,CONTRATO_SERVICIOS_PROFESIONALES_PROYECTO,SERVICIOS PROFESIONALES - ACTIVIDADES DE CAPACITACIÓN,2022-10-17,False
10487,CONTRATO_SERVICIOS_PROFESIONALES_PROYECTO,SERVICIOS PROFESIONALES - EJECUCIÓN DE ACTIVIDADES,2023-01-09,False
11243,CONTRATO_SERVICIOS_PROFESIONALES_PROYECTO,SERVICIOS PROFESIONALES - EJECUCIÓN DE ACTIVIDADES,2025-01-06,False
11354,CONTRATO_SERVICIOS_PROFESIONALES_PROYECTO,SERVICIOS PROFESIONALES - EJECUCIÓN DE ACTIVIDADES,2022-07-27,False
13135,CONTRATO_SERVICIOS_PROFESIONALES_PROYECTO,SERVICIOS PROFESIONALES - EJECUCIÓN DE ACTIVIDADES,2022-05-03,False
13514,CONTRATO_SERVICIOS_PROFESIONALES_PROYECTO,SERVICIOS PROFESIONALES - EJECUCIÓN DE PROYECTOS,2024-06-19,False
13551,CONTRATO_SERVICIOS_PROFESIONALES_PROYECTO,SERVICIOS PROFESIONALES - EJECUCIÓN DE PROYECTOS DE INVESTIGACIÓN,2024-04-18,False
14171,CONTRATO_SERVICIOS_PROFESIONALES_PROYECTO,SERVICIOS PROFESIONALES - EJECUCIÓN DE ACTIVIDADES,2026-01-06,False
14628,CONTRATO_SERVICIOS_PROFESIONALES_PROYECTO,SERVICIOS PROFESIONALES - EJECUCIÓN DE ACTIVIDADES,2019-09-30,False
15548,CONTRATO_SERVICIOS_PROFESIONALES_PROYECTO,SERVICIOS PROFESIONALES - EJECUCIÓN DE ACTIVIDADES,2023-04-10,False
21816,CONTRATO_SERVICIOS_PROFESIONALES_PROYECTO,SERVICIOS PROFESIONALES - EJECUCIÓN DE ACTIVIDADES,2022-07-12,False
22124,CONTRATO_SERVICIOS_PROFESIONALES_PROYECTO,SERVICIOS PROFESIONALES - ACTIVIDADES DE CAPACITACIÓN,2022-09-26,False
22473,CONTRATO_SERVICIOS_PROFESIONALES_PROYECTO,SERVICIOS PROFESIONALES - EJECUCIÓN DE ACTIVIDADES,2026-06-17,False
22630,CONTRATO_SERVICIOS_PROFESIONALES_PROYECTO,SERVICIOS PROFESIONALES - EJECUCIÓN DE ACTIVIDADES,2021-09-01,False
22802,CONTRATO_SERVICIOS_PROFESIONALES_PROYECTO,SERVICIOS PROFESIONALES - EJECUCIÓN DE ACTIVIDADES,2026-01-06,False
23825,CONTRATO_SERVICIOS_PROFESIONALES_PROYECTO,SERVICIOS PROFESIONALES - EJECUCIÓN DE ACTIVIDADES,2020-09-09,False
23850,CONTRATO_SERVICIOS_PROFESIONALES_PROYECTO,SERVICIOS PROFESIONALES - EJECUCIÓN DE ACTIVIDADES,2025-03-24,False
23942,CONTRATO_SERVICIOS_PROFESIONALES_PROYECTO,SERVICIOS PROFESIONALES - EJECUCIÓN DE ACTIVIDADES,2024-01-08,False
24059,CONTRATO_SERVICIOS_PROFESIONALES_PROYECTO,SERVICIOS PROFESIONALES - ACTIVIDADES DE CAPACITACIÓN,2019-05-06,False
24170,CONTRATO_SERVICIOS_PROFESIONALES_PROYECTO,SERVICIOS PROFESIONALES - EJECUCIÓN DE ACTIVIDADES,2021-07-01,False
24485,CONTRATO_SERVICIOS_PROFESIONALES_PROYECTO,SERVICIOS PROFESIONALES - EJECUCIÓN DE ACTIVIDADES,2022-05-03,False
29357,CONTRATO_SERVICIOS_PROFESIONALES_PROYECTO,SERVICIOS PROFESIONALES - EJECUCIÓN DE ACTIVIDADES DE INVESTIGACIÓN,2023-01-09,False
30568,CONTRATO_SERVICIOS_PROFESIONALES_PROYECTO,SERVICIOS PROFESIONALES - EJECUCIÓN DE ACTIVIDADES,2025-07-01,False
30710,CONTRATO_SERVICIOS_PROFESIONALES_PROYECTO,SERVICIOS PROFESIONALES - EJECUCIÓN DE ACTIVIDADES,2024-01-08,False
33507,CONTRATO_SERVICIOS_PROFESIONALES_PROYECTO,SERVICIOS PROFESIONALES - EJECUCIÓN DE ACTIVIDADES,2023-08-29,False
34580,CONTRATO_SERVICIOS_PROFESIONALES_PROYECTO,SERVICIOS PROFESIONALES - EJECUCIÓN DE ACTIVIDADES,2023-08-04,False
34920,CONTRATO_SERVICIOS_PROFESIONALES_PROYECTO,SERVICIOS PROFESIONALES - EJECUCIÓN DE ACTIVIDADES,2026-01-06,False
34979,CONTRATO_SERVICIOS_PROFESIONALES_PROYECTO,SERVICIOS PROFESIONALES - EJECUCIÓN DE ACTIVIDADES,2026-01-06,False
35698,CONTRATO_SERVICIOS_PROFESIONALES_PROYECTO,SERVICIOS PROFESIONALES - EJECUCIÓN DE ACTIVIDADES,2023-11-16,False
38312,CONTRATO_SERVICIOS_PROFESIONALES_PROYECTO,SERVICIOS PROFESIONALES - EJECUCIÓN DE ACTIVIDADES,2026-01-06,False
41852,CONTRATO_SERVICIOS_PROFESIONALES_PROYECTO,SERVICIOS PROFESIONALES - EJECUCIÓN DE ACTIVIDADES,2025-01-06,False
42861,CONTRATO_SERVICIOS_PROFESIONALES_PROYECTO,SERVICIOS PROFESIONALES - EJECUCIÓN DE ACTIVIDADES,2026-01-06,False
44113,CONTRATO_SERVICIOS_PROFESIONALES_PROYECTO,SERVICIOS PROFESIONALES - EJECUCIÓN DE ACTIVIDADES CON RUAC,2022-01-06,False
44455,CONTRATO_SERVICIOS_PROFESIONALES_PROYECTO,SERVICIOS PROFESIONALES - EJECUCIÓN DE ACTIVIDADES,2020-02-10,False
44745,CONTRATO_SERVICIOS_PROFESIONALES_PROYECTO,SERVICIOS PROFESIONALES - EJECUCIÓN DE PROYECTOS,2020-06-01,False
45313,CONTRATO_SERVICIOS_PROFESIONALES_PROYECTO,SERVICIOS PROFESIONALES - ACTIVIDADES DE CAPACITACIÓN,2019-05-07,False
45394,CONTRATO_SERVICIOS_PROFESIONALES_PROYECTO,SERVICIOS PROFESIONALES - EJECUCIÓN DE ACTIVIDADES,2022-03-07,False
46469,CONTRATO_SERVICIOS_PROFESIONALES_PROYECTO,SERVICIOS PROFESIONALES - EJECUCIÓN DE ACTIVIDADES,2025-01-06,False
46907,CONTRATO_SERVICIOS_PROFESIONALES_PROYECTO,SERVICIOS PROFESIONALES - EJECUCIÓN DE ACTIVIDADES,2026-01-06,False
48428,CONTRATO_SERVICIOS_PROFESIONALES_PROYECTO,SERVICIOS PROFESIONALES - EJECUCIÓN DE ACTIVIDADES,2021-03-26,False
48841,CONTRATO_SERVICIOS_PROFESIONALES_PROYECTO,SERVICIOS PROFESIONALES - EJECUCIÓN DE ACTIVIDADES,2024-01-08,False
49650,CONTRATO_SERVICIOS_PROFESIONALES_PROYECTO,SERVICIOS PROFESIONALES - EJECUCIÓN DE ACTIVIDADES,2026-09-01,False
52935,CONTRATO_SERVICIOS_PROFESIONALES_PROYECTO,SERVICIOS PROFESIONALES - EJECUCIÓN DE ACTIVIDADES,2026-01-06,False
52946,CONTRATO_SERVICIOS_PROFESIONALES_PROYECTO,SERVICIOS PROFESIONALES - EJECUCIÓN DE ACTIVIDADES,2026-08-01,False
53007,CONTRATO_SERVICIOS_PROFESIONALES_PROYECTO,SERVICIOS PROFESIONALES - ACTIVIDADES DE CAPACITACIÓN,2024-11-21,False
53020,CONTRATO_SERVICIOS_PROFESIONALES_PROYECTO,SERVICIOS PROFESIONALES - EJECUCIÓN DE ACTIVIDADES,2026-01-06,False
53935,CONTRATO_SERVICIOS_PROFESIONALES_PROYECTO,SERVICIOS PROFESIONALES - EJECUCIÓN DE ACTIVIDADES,2026-01-06,False
55325,CONTRATO_SERVICIOS_PROFESIONALES_PROYECTO,SERVICIOS PROFESIONALES - EJECUCIÓN DE ACTIVIDADES,2026-01-06,False
55492,CONTRATO_SERVICIOS_PROFESIONALES_PROYECTO,SERVICIOS PROFESIONALES - EJECUCIÓN DE ACTIVIDADES,2020-01-02,False
55611,CONTRATO_SERVICIOS_PROFESIONALES_PROYECTO,SERVICIOS PROFESIONALES - EJECUCIÓN DE ACTIVIDADES,2026-01-06,False
56062,CONTRATO_SERVICIOS_PROFESIONALES_PROYECTO,SERVICIOS PROFESIONALES - EJECUCIÓN DE ACTIVIDADES,2021-06-14,False
56277,CONTRATO_SERVICIOS_PROFESIONALES_PROYECTO,SERVICIOS PROFESIONALES - EJECUCIÓN DE ACTIVIDADES,2019-09-30,False
56393,CONTRATO_SERVICIOS_PROFESIONALES_PROYECTO,SERVICIOS PROFESIONALES - EJECUCIÓN DE ACTIVIDADES,2020-10-30,False
56426,CONTRATO_SERVICIOS_PROFESIONALES_PROYECTO,SERVICIOS PROFESIONALES - EJECUCIÓN DE ACTIVIDADES,2020-02-10,False
56680,CONTRATO_SERVICIOS_PROFESIONALES_PROYECTO,SERVICIOS PROFESIONALES - EJECUCIÓN DE ACTIVIDADES DE INVESTIGACIÓN,2022-01-06,False
58297,CONTRATO_SERVICIOS_PROFESIONALES_PROYECTO,SERVICIOS PROFESIONALES - EJECUCIÓN DE ACTIVIDADES,2019-05-02,False
58898,CONTRATO_SERVICIOS_PROFESIONALES_PROYECTO,SERVICIOS PROFESIONALES - EJECUCIÓN DE ACTIVIDADES,2023-01-09,False
59110,CONTRATO_SERVICIOS_PROFESIONALES_PROYECTO,SERVICIOS PROFESIONALES - EJECUCIÓN DE ACTIVIDADES,2022-01-06,False
59966,CONTRATO_SERVICIOS_PROFESIONALES_PROYECTO,SERVICIOS PROFESIONALES - EJECUCIÓN DE ACTIVIDADES,2021-01-04,False
60382,CONTRATO_SERVICIOS_PROFESIONALES_PROYECTO,SERVICIOS PROFESIONALES - EJECUCIÓN DE ACTIVIDADES,2024-01-08,False
60719,CONTRATO_SERVICIOS_PROFESIONALES_PROYECTO,SERVICIOS PROFESIONALES - EJECUCIÓN DE ACTIVIDADES,2026-01-06,False
61041,CONTRATO_SERVICIOS_PROFESIONALES_PROYECTO,SERVICIOS PROFESIONALES - EJECUCIÓN DE ACTIVIDADES DE INVESTIGACIÓN,2021-11-22,False
61229,CONTRATO_SERVICIOS_PROFESIONALES_PROYECTO,SERVICIOS PROFESIONALES - EJECUCIÓN DE ACTIVIDADES,2026-08-01,False
65177,CONTRATO_SERVICIOS_PROFESIONALES_PROYECTO,SERVICIOS PROFESIONALES - EJECUCIÓN DE ACTIVIDADES,2021-06-14,False
65560,CONTRATO_SERVICIOS_PROFESIONALES_PROYECTO,SERVICIOS PROFESIONALES - EJECUCIÓN DE ACTIVIDADES,2021-01-04,False
65565,CONTRATO_SERVICIOS_PROFESIONALES_PROYECTO,SERVICIOS PROFESIONALES - EJECUCIÓN DE ACTIVIDADES,2025-01-13,False
65944,CONTRATO_SERVICIOS_PROFESIONALES_PROYECTO,SERVICIOS PROFESIONALES - EJECUCIÓN DE ACTIVIDADES,2022-01-06,False
66290,CONTRATO_SERVICIOS_PROFESIONALES_PROYECTO,SERVICIOS PROFESIONALES - EJECUCIÓN DE ACTIVIDADES,2024-06-17,False
66837,CONTRATO_SERVICIOS_PROFESIONALES_PROYECTO,SERVICIOS PROFESIONALES - EJECUCIÓN DE ACTIVIDADES,2019-12-16,False
68616,CONTRATO_SERVICIOS_PROFESIONALES_PROYECTO,SERVICIOS PROFESIONALES - EJECUCIÓN DE ACTIVIDADES,2025-09-01,False
68741,CONTRATO_SERVICIOS_PROFESIONALES_PROYECTO,SERVICIOS PROFESIONALES - EJECUCIÓN DE ACTIVIDADES,2025-01-06,False
69419,CONTRATO_SERVICIOS_PROFESIONALES_PROYECTO,SERVICIOS PROFESIONALES - EJECUCIÓN DE ACTIVIDADES,2022-01-06,False
70475,CONTRATO_SERVICIOS_PROFESIONALES_PROYECTO,SERVICIOS PROFESIONALES - EJECUCIÓN DE ACTIVIDADES,2026-01-06,False
70986,CONTRATO_SERVICIOS_PROFESIONALES_PROYECTO,SERVICIOS PROFESIONALES - EJECUCIÓN DE ACTIVIDADES,2021-12-13,False
71002,CONTRATO_SERVICIOS_PROFESIONALES_PROYECTO,SERVICIOS PROFESIONALES - EJECUCIÓN DE ACTIVIDADES,2024-01-08,False
71557,CONTRATO_SERVICIOS_PROFESIONALES_PROYECTO,SERVICIOS PROFESIONALES - EJECUCIÓN DE ACTIVIDADES,2023-02-08,False
73384,CONTRATO_SERVICIOS_PROFESIONALES_PROYECTO,SERVICIOS PROFESIONALES - EJECUCIÓN DE ACTIVIDADES,2025-12-01,False
73562,CONTRATO_SERVICIOS_PROFESIONALES_PROYECTO,SERVICIOS PROFESIONALES - EJECUCIÓN DE ACTIVIDADES,2026-08-03,False
73753,CONTRATO_SERVICIOS_PROFESIONALES_PROYECTO,SERVICIOS PROFESIONALES - EJECUCIÓN DE ACTIVIDADES,2026-01-06,False
73833,CONTRATO_SERVICIOS_PROFESIONALES_PROYECTO,SERVICIOS PROFESIONALES - EJECUCIÓN DE ACTIVIDADES,2026-01-06,False
74102,CONTRATO_SERVICIOS_PROFESIONALES_PROYECTO,SERVICIOS PROFESIONALES - EJECUCIÓN DE ACTIVIDADES,2023-04-03,False
74154,CONTRATO_SERVICIOS_PROFESIONALES_PROYECTO,SERVICIOS PROFESIONALES - EJECUCIÓN DE ACTIVIDADES,2025-01-06,False
74389,CONTRATO_SERVICIOS_PROFESIONALES_PROYECTO,SERVICIOS PROFESIONALES - EJECUCIÓN DE ACTIVIDADES,2021-06-28,False
74967,CONTRATO_SERVICIOS_PROFESIONALES_PROYECTO,SERVICIOS PROFESIONALES - EJECUCIÓN DE ACTIVIDADES,2026-08-01,False
75561,CONTRATO_SERVICIOS_PROFESIONALES_PROYECTO,SERVICIOS PROFESIONALES - EJECUCIÓN DE ACTIVIDADES,2026-01-06,False
75576,CONTRATO_SERVICIOS_PROFESIONALES_PROYECTO,SERVICIOS PROFESIONALES - EJECUCIÓN DE ACTIVIDADES,2025-02-03,False
75616,CONTRATO_SERVICIOS_PROFESIONALES_PROYECTO,SERVICIOS PROFESIONALES - EJECUCIÓN DE ACTIVIDADES,2025-06-24,False
75667,CONTRATO_SERVICIOS_PROFESIONALES_PROYECTO,SERVICIOS PROFESIONALES - EJECUCIÓN DE ACTIVIDADES,2026-01-06,False
75696,CONTRATO_SERVICIOS_PROFESIONALES_PROYECTO,SERVICIOS PROFESIONALES - EJECUCIÓN DE PROYECTOS,2024-01-08,False
75823,CONTRATO_SERVICIOS_PROFESIONALES_PROYECTO,SERVICIOS PROFESIONALES - EJECUCIÓN DE ACTIVIDADES DE INVESTIGACIÓN,2022-04-26,False
75852,CONTRATO_SERVICIOS_PROFESIONALES_PROYECTO,SERVICIOS PROFESIONALES - EJECUCIÓN DE ACTIVIDADES,2024-01-08,False
75870,CONTRATO_SERVICIOS_PROFESIONALES_PROYECTO,SERVICIOS PROFESIONALES - EJECUCIÓN DE ACTIVIDADES,2025-01-06,False
76127,CONTRATO_SERVICIOS_PROFESIONALES_PROYECTO,SERVICIOS PROFESIONALES - EJECUCIÓN DE ACTIVIDADES DE INVESTIGACIÓN,2023-05-10,False
76592,CONTRATO_SERVICIOS_PROFESIONALES_PROYECTO,SERVICIOS PROFESIONALES - EJECUCIÓN DE ACTIVIDADES,2025-01-06,False
77000,CONTRATO_SERVICIOS_PROFESIONALES_PROYECTO,SERVICIOS PROFESIONALES - EJECUCIÓN DE ACTIVIDADES,2025-01-13,False
77055,CONTRATO_SERVICIOS_PROFESIONALES_PROYECTO,SERVICIOS PROFESIONALES - EJECUCIÓN DE ACTIVIDADES,2025-12-01,False
77108,CONTRATO_SERVICIOS_PROFESIONALES_PROYECTO,SERVICIOS PROFESIONALES - EJECUCIÓN DE ACTIVIDADES,2019-09-30,False
77740,CONTRATO_SERVICIOS_PROFESIONALES_PROYECTO,SERVICIOS PROFESIONALES - EJECUCIÓN DE ACTIVIDADES DE INVESTIGACIÓN,2022-10-28,False
77826,CONTRATO_SERVICIOS_PROFESIONALES_PROYECTO,SERVICIOS PROFESIONALES - EJECUCIÓN DE ACTIVIDADES,2026-01-06,False
77897,CONTRATO_SERVICIOS_PROFESIONALES_PROYECTO,SERVICIOS PROFESIONALES - EJECUCIÓN DE ACTIVIDADES,2025-11-06,False
77940,CONTRATO_SERVICIOS_PROFESIONALES_PROYECTO,SERVICIOS PROFESIONALES - EJECUCIÓN DE ACTIVIDADES,2025-01-06,False
78071,CONTRATO_SERVICIOS_PROFESIONALES_PROYECTO,SERVICIOS PROFESIONALES - EJECUCIÓN DE ACTIVIDADES,2025-10-02,False
78308,CONTRATO_SERVICIOS_PROFESIONALES_PROYECTO,SERVICIOS PROFESIONALES - EJECUCIÓN DE ACTIVIDADES,2026-01-06,False
78338,CONTRATO_SERVICIOS_PROFESIONALES_PROYECTO,SERVICIOS PROFESIONALES - EJECUCIÓN DE ACTIVIDADES DE INVESTIGACIÓN,2021-05-10,False
78384,CONTRATO_SERVICIOS_PROFESIONALES_PROYECTO,SERVICIOS PROFESIONALES - EJECUCIÓN DE ACTIVIDADES DE INVESTIGACIÓN,2021-09-23,False
78431,CONTRATO_SERVICIOS_PROFESIONALES_PROYECTO,SERVICIOS PROFESIONALES - EJECUCIÓN DE ACTIVIDADES,2022-10-25,False
78471,CONTRATO_SERVICIOS_PROFESIONALES_PROYECTO,SERVICIOS PROFESIONALES - EJECUCIÓN DE ACTIVIDADES,2026-01-06,False
80018,CONTRATO_SERVICIOS_PROFESIONALES_PROYECTO,SERVICIOS PROFESIONALES - EJECUCIÓN DE ACTIVIDADES,2026-03-02,False
80210,CONTRATO_SERVICIOS_PROFESIONALES_PROYECTO,SERVICIOS PROFESIONALES - EJECUCIÓN DE ACTIVIDADES,2021-11-12,False
81218,CONTRATO_SERVICIOS_PROFESIONALES_PROYECTO,SERVICIOS PROFESIONALES - ACTIVIDADES DE CAPACITACIÓN,2021-11-22,False
81435,CONTRATO_SERVICIOS_PROFESIONALES_PROYECTO,SERVICIOS PROFESIONALES - ACTIVIDADES DE CAPACITACIÓN,2023-08-15,False
81668,CONTRATO_SERVICIOS_PROFESIONALES_PROYECTO,SERVICIOS PROFESIONALES - EJECUCIÓN DE ACTIVIDADES,2023-01-09,False
82137,CONTRATO_SERVICIOS_PROFESIONALES_PROYECTO,SERVICIOS PROFESIONALES - EJECUCIÓN DE ACTIVIDADES,2025-09-01,False
82500,CONTRATO_SERVICIOS_PROFESIONALES_PROYECTO,SERVICIOS PROFESIONALES - EJECUCIÓN DE ACTIVIDADES,2026-01-06,False
82513,CONTRATO_SERVICIOS_PROFESIONALES_PROYECTO,SERVICIOS PROFESIONALES - EJECUCIÓN DE ACTIVIDADES,2026-08-01,False
83284,CONTRATO_SERVICIOS_PROFESIONALES_PROYECTO,SERVICIOS PROFESIONALES - EJECUCIÓN DE ACTIVIDADES,2026-08-01,False
85583,CONTRATO_SERVICIOS_PROFESIONALES_PROYECTO,SERVICIOS PROFESIONALES - EJECUCIÓN DE ACTIVIDADES,2023-01-09,False
90825,CONTRATO_SERVICIOS_PROFESIONALES_PROYECTO,SERVICIOS PROFESIONALES - EJECUCIÓN DE ACTIVIDADES,2026-01-06,False
91688,CONTRATO_SERVICIOS_PROFESIONALES_PROYECTO,SERVICIOS PROFESIONALES - EJECUCIÓN DE ACTIVIDADES,2024-01-08,False
95675,CONTRATO_SERVICIOS_PROFESIONALES_PROYECTO,SERVICIOS PROFESIONALES - EJECUCIÓN DE ACTIVIDADES,2025-11-19,False
95677,CONTRATO_SERVICIOS_PROFESIONALES_PROYECTO,SERVICIOS PROFESIONALES - EJECUCIÓN DE ACTIVIDADES,2020-01-06,False
95712,CONTRATO_SERVICIOS_PROFESIONALES_PROYECTO,SERVICIOS PROFESIONALES - EJECUCIÓN DE ACTIVIDADES CON RUAC,2023-01-09,False
95791,CONTRATO_SERVICIOS_PROFESIONALES_PROYECTO,SERVICIOS PROFESIONALES - EJECUCIÓN DE ACTIVIDADES DE INVESTIGACIÓN,2022-01-06,False
95957,CONTRATO_SERVICIOS_PROFESIONALES_PROYECTO,SERVICIOS PROFESIONALES - EJECUCIÓN DE ACTIVIDADES,2026-01-06,False
96041,CONTRATO_SERVICIOS_PROFESIONALES_PROYECTO,SERVICIOS PROFESIONALES - EJECUCIÓN DE ACTIVIDADES,2026-01-06,False
96168,CONTRATO_SERVICIOS_PROFESIONALES_PROYECTO,SERVICIOS PROFESIONALES - EJECUCIÓN DE ACTIVIDADES,2020-01-06,False
96172,CONTRATO_SERVICIOS_PROFESIONALES_PROYECTO,SERVICIOS PROFESIONALES - EJECUCIÓN DE ACTIVIDADES,2024-05-20,False
96706,CONTRATO_SERVICIOS_PROFESIONALES_PROYECTO,SERVICIOS PROFESIONALES - EJECUCIÓN DE ACTIVIDADES,2026-01-06,False
96869,CONTRATO_SERVICIOS_PROFESIONALES_PROYECTO,SERVICIOS PROFESIONALES - EJECUCIÓN DE ACTIVIDADES DE INVESTIGACIÓN,2023-03-01,False
97017,CONTRATO_SERVICIOS_PROFESIONALES_PROYECTO,SERVICIOS PROFESIONALES - EJECUCIÓN DE ACTIVIDADES,2023-01-09,False
97022,CONTRATO_SERVICIOS_PROFESIONALES_PROYECTO,SERVICIOS PROFESIONALES - EJECUCIÓN DE ACTIVIDADES,2026-01-06,False
97138,CONTRATO_SERVICIOS_PROFESIONALES_PROYECTO,SERVICIOS PROFESIONALES - EJECUCIÓN DE ACTIVIDADES,2024-01-08,False
97144,CONTRATO_SERVICIOS_PROFESIONALES_PROYECTO,SERVICIOS PROFESIONALES - EJECUCIÓN DE ACTIVIDADES,2024-10-21,False
97589,CONTRATO_SERVICIOS_PROFESIONALES_PROYECTO,SERVICIOS PROFESIONALES - EJECUCIÓN DE PROYECTOS DE INVESTIGACIÓN,2022-03-02,False
97647,CONTRATO_SERVICIOS_PROFESIONALES_PROYECTO,SERVICIOS PROFESIONALES - EJECUCIÓN DE ACTIVIDADES,2022-06-06,False
97929,CONTRATO_SERVICIOS_PROFESIONALES_PROYECTO,SERVICIOS PROFESIONALES - EJECUCIÓN DE ACTIVIDADES DE INVESTIGACIÓN,2023-01-09,False
98369,CONTRATO_SERVICIOS_PROFESIONALES_PROYECTO,SERVICIOS PROFESIONALES - EJECUCIÓN DE ACTIVIDADES,2025-01-06,False
98489,CONTRATO_SERVICIOS_PROFESIONALES_PROYECTO,SERVICIOS PROFESIONALES - EJECUCIÓN DE ACTIVIDADES,2026-01-06,False
98490,CONTRATO_SERVICIOS_PROFESIONALES_PROYECTO,SERVICIOS PROFESIONALES - EJECUCIÓN DE ACTIVIDADES,2026-01-06,False
98728,CONTRATO_SERVICIOS_PROFESIONALES_PROYECTO,SERVICIOS PROFESIONALES - EJECUCIÓN DE ACTIVIDADES DE INVESTIGACIÓN,2022-07-18,False
98826,CONTRATO_SERVICIOS_PROFESIONALES_PROYECTO,SERVICIOS PROFESIONALES - EJECUCIÓN DE ACTIVIDADES,2026-01-06,False
98964,CONTRATO_SERVICIOS_PROFESIONALES_PROYECTO,SERVICIOS PROFESIONALES - EJECUCIÓN DE ACTIVIDADES,2019-09-30,False
98967,CONTRATO_SERVICIOS_PROFESIONALES_PROYECTO,SERVICIOS PROFESIONALES - EJECUCIÓN DE ACTIVIDADES,2020-02-10,False
98969,CONTRATO_SERVICIOS_PROFESIONALES_PROYECTO,SERVICIOS PROFESIONALES - EJECUCIÓN DE ACTIVIDADES,2020-02-10,False
98970,CONTRATO_SERVICIOS_PROFESIONALES_PROYECTO,SERVICIOS PROFESIONALES - EJECUCIÓN DE ACTIVIDADES,2019-12-16,False
98972,CONTRATO_SERVICIOS_PROFESIONALES_PROYECTO,SERVICIOS PROFESIONALES - EJECUCIÓN DE ACTIVIDADES,2020-02-10,False
98974,CONTRATO_SERVICIOS_PROFESIONALES_PROYECTO,SERVICIOS PROFESIONALES - EJECUCIÓN DE ACTIVIDADES,2022-06-02,False
98983,CONTRATO_SERVICIOS_PROFESIONALES_PROYECTO,SERVICIOS PROFESIONALES - EJECUCIÓN DE ACTIVIDADES,2019-09-30,False
100717,CONTRATO_SERVICIOS_PROFESIONALES_PROYECTO,SERVICIOS PROFESIONALES - EJECUCIÓN DE ACTIVIDADES,2025-08-12,False
100723,CONTRATO_SERVICIOS_PROFESIONALES_PROYECTO,SERVICIOS PROFESIONALES - EJECUCIÓN DE ACTIVIDADES,2026-03-20,False
101188,CONTRATO_SERVICIOS_PROFESIONALES_PROYECTO,SERVICIOS PROFESIONALES - ACTIVIDADES DE CAPACITACIÓN,2022-04-04,False
101244,CONTRATO_SERVICIOS_PROFESIONALES_PROYECTO,SERVICIOS PROFESIONALES - EJECUCIÓN DE ACTIVIDADES,2022-01-06,False
101545,CONTRATO_SERVICIOS_PROFESIONALES_PROYECTO,SERVICIOS PROFESIONALES - EJECUCIÓN DE ACTIVIDADES,2026-01-06,False
101628,CONTRATO_SERVICIOS_PROFESIONALES_PROYECTO,SERVICIOS PROFESIONALES - EJECUCIÓN DE ACTIVIDADES,2025-05-01,False
102030,CONTRATO_SERVICIOS_PROFESIONALES_PROYECTO,SERVICIOS PROFESIONALES - EJECUCIÓN DE ACTIVIDADES,2021-05-17,False
102420,CONTRATO_SERVICIOS_PROFESIONALES_PROYECTO,SERVICIOS PROFESIONALES - EJECUCIÓN DE ACTIVIDADES,2021-01-04,False
102641,CONTRATO_SERVICIOS_PROFESIONALES_PROYECTO,SERVICIOS PROFESIONALES - EJECUCIÓN DE ACTIVIDADES,2025-01-06,False
102677,CONTRATO_SERVICIOS_PROFESIONALES_PROYECTO,SERVICIOS PROFESIONALES - EJECUCIÓN DE ACTIVIDADES,2026-01-06,False
102753,CONTRATO_SERVICIOS_PROFESIONALES_PROYECTO,SERVICIOS PROFESIONALES - EJECUCIÓN DE ACTIVIDADES,2026-01-06,False
102919,CONTRATO_SERVICIOS_PROFESIONALES_PROYECTO,SERVICIOS PROFESIONALES - EJECUCIÓN DE ACTIVIDADES,2024-09-11,False
103109,CONTRATO_SERVICIOS_PROFESIONALES_PROYECTO,SERVICIOS PROFESIONALES - EJECUCIÓN DE ACTIVIDADES,2026-08-01,False
103229,CONTRATO_SERVICIOS_PROFESIONALES_PROYECTO,SERVICIOS PROFESIONALES - EJECUCIÓN DE ACTIVIDADES,2024-01-08,False
103252,CONTRATO_SERVICIOS_PROFESIONALES_PROYECTO,SERVICIOS PROFESIONALES - EJECUCIÓN DE ACTIVIDADES,2024-01-08,False
449460,CONTRATO_SERVICIOS_PROFESIONALES_PROYECTO,SERVICIOS PROFESIONALES - EJECUCIÓN DE ACTIVIDADES,2020-02-10,False
455667,CONTRATO_SERVICIOS_PROFESIONALES_PROYECTO,SERVICIOS PROFESIONALES - EJECUCIÓN DE ACTIVIDADES,2019-12-16,False
634473,CONTRATO_SERVICIOS_PROFESIONALES_PROYECTO,SERVICIOS PROFESIONALES - EJECUCIÓN DE ACTIVIDADES,2020-02-02,False
634748,CONTRATO_SERVICIOS_PROFESIONALES_PROYECTO,SERVICIOS PROFESIONALES - EJECUCIÓN DE ACTIVIDADES,2022-10-17,False
636036,CONTRATO_SERVICIOS_PROFESIONALES_PROYECTO,SERVICIOS PROFESIONALES - EJECUCIÓN DE PROYECTOS,2024-11-28,False
638404,CONTRATO_SERVICIOS_PROFESIONALES_PROYECTO,SERVICIOS PROFESIONALES - EJECUCIÓN DE ACTIVIDADES,2026-01-06,False
638725,CONTRATO_SERVICIOS_PROFESIONALES_PROYECTO,SERVICIOS PROFESIONALES - EJECUCIÓN DE ACTIVIDADES,2024-01-08,False
638745,CONTRATO_SERVICIOS_PROFESIONALES_PROYECTO,SERVICIOS PROFESIONALES - EJECUCIÓN DE ACTIVIDADES,2021-09-14,False
638753,CONTRATO_SERVICIOS_PROFESIONALES_PROYECTO,SERVICIOS PROFESIONALES - EJECUCIÓN DE ACTIVIDADES DE INVESTIGACIÓN,2022-11-29,False
638781,CONTRATO_SERVICIOS_PROFESIONALES_PROYECTO,SERVICIOS PROFESIONALES - EJECUCIÓN DE ACTIVIDADES,2026-01-06,False
638903,CONTRATO_SERVICIOS_PROFESIONALES_PROYECTO,SERVICIOS PROFESIONALES - EJECUCIÓN DE ACTIVIDADES DE INVESTIGACIÓN,2022-10-03,False
639304,CONTRATO_SERVICIOS_PROFESIONALES_PROYECTO,SERVICIOS PROFESIONALES - EJECUCIÓN DE ACTIVIDADES,2022-01-06,False
639356,CONTRATO_SERVICIOS_PROFESIONALES_PROYECTO,SERVICIOS PROFESIONALES - EJECUCIÓN DE ACTIVIDADES,2026-01-06,False
639558,CONTRATO_SERVICIOS_PROFESIONALES_PROYECTO,SERVICIOS PROFESIONALES - EJECUCIÓN DE ACTIVIDADES,2025-04-01,False
642062,CONTRATO_SERVICIOS_PROFESIONALES_PROYECTO,SERVICIOS PROFESIONALES - EJECUCIÓN DE ACTIVIDADES,2026-01-06,False
642094,CONTRATO_SERVICIOS_PROFESIONALES_PROYECTO,SERVICIOS PROFESIONALES - EJECUCIÓN DE ACTIVIDADES,2026-01-06,False
642234,CONTRATO_SERVICIOS_PROFESIONALES_PROYECTO,SERVICIOS PROFESIONALES - EJECUCIÓN DE ACTIVIDADES,2026-01-06,False
642403,CONTRATO_SERVICIOS_PROFESIONALES_PROYECTO,SERVICIOS PROFESIONALES - EJECUCIÓN DE ACTIVIDADES,2020-02-01,False
642861,CONTRATO_SERVICIOS_PROFESIONALES_PROYECTO,SERVICIOS PROFESIONALES - EJECUCIÓN DE ACTIVIDADES,2020-10-30,False
642880,CONTRATO_SERVICIOS_PROFESIONALES_PROYECTO,SERVICIOS PROFESIONALES - EJECUCIÓN DE ACTIVIDADES,2026-07-06,False
642905,CONTRATO_SERVICIOS_PROFESIONALES_PROYECTO,SERVICIOS PROFESIONALES - EJECUCIÓN DE ACTIVIDADES,2026-01-06,False
642958,CONTRATO_SERVICIOS_PROFESIONALES_PROYECTO,SERVICIOS PROFESIONALES - EJECUCIÓN DE ACTIVIDADES,2026-01-06,False
643034,CONTRATO_SERVICIOS_PROFESIONALES_PROYECTO,SERVICIOS PROFESIONALES - EJECUCIÓN DE ACTIVIDADES,2026-01-06,False
643053,CONTRATO_SERVICIOS_PROFESIONALES_PROYECTO,SERVICIOS PROFESIONALES - EJECUCIÓN DE ACTIVIDADES,2021-01-04,False
643195,CONTRATO_SERVICIOS_PROFESIONALES_PROYECTO,SERVICIOS PROFESIONALES - EJECUCIÓN DE ACTIVIDADES,2025-11-06,False
643519,CONTRATO_SERVICIOS_PROFESIONALES_PROYECTO,SERVICIOS PROFESIONALES - EJECUCIÓN DE ACTIVIDADES,2020-02-10,False
643537,CONTRATO_SERVICIOS_PROFESIONALES_PROYECTO,SERVICIOS PROFESIONALES - EJECUCIÓN DE ACTIVIDADES,2026-01-06,False
643704,CONTRATO_SERVICIOS_PROFESIONALES_PROYECTO,SERVICIOS PROFESIONALES - EJECUCIÓN DE ACTIVIDADES DE INVESTIGACIÓN,2022-01-06,False
644316,CONTRATO_SERVICIOS_PROFESIONALES_PROYECTO,SERVICIOS PROFESIONALES - EJECUCIÓN DE ACTIVIDADES,2026-01-06,False
644496,CONTRATO_SERVICIOS_PROFESIONALES_PROYECTO,SERVICIOS PROFESIONALES - EJECUCIÓN DE ACTIVIDADES DE INVESTIGACIÓN,2021-05-06,False
645138,CONTRATO_SERVICIOS_PROFESIONALES_PROYECTO,SERVICIOS PROFESIONALES - EJECUCIÓN DE ACTIVIDADES,2025-03-07,False
645202,CONTRATO_SERVICIOS_PROFESIONALES_PROYECTO,SERVICIOS PROFESIONALES - EJECUCIÓN DE ACTIVIDADES,2026-01-06,False
645203,CONTRATO_SERVICIOS_PROFESIONALES_PROYECTO,SERVICIOS PROFESIONALES - EJECUCIÓN DE ACTIVIDADES,2020-10-01,False
645372,CONTRATO_SERVICIOS_PROFESIONALES_PROYECTO,SERVICIOS PROFESIONALES - EJECUCIÓN DE ACTIVIDADES,2024-09-03,False
645433,CONTRATO_SERVICIOS_PROFESIONALES_PROYECTO,SERVICIOS PROFESIONALES - EJECUCIÓN DE PROYECTOS,2024-10-18,False
645597,CONTRATO_SERVICIOS_PROFESIONALES_PROYECTO,SERVICIOS PROFESIONALES - EJECUCIÓN DE ACTIVIDADES,2024-07-02,False
645686,CONTRATO_SERVICIOS_PROFESIONALES_PROYECTO,SERVICIOS PROFESIONALES - EJECUCIÓN DE ACTIVIDADES DE INVESTIGACIÓN,2022-09-12,False
645867,CONTRATO_SERVICIOS_PROFESIONALES_PROYECTO,SERVICIOS PROFESIONALES - EJECUCIÓN DE ACTIVIDADES,2022-10-03,False
645949,CONTRATO_SERVICIOS_PROFESIONALES_PROYECTO,SERVICIOS PROFESIONALES - EJECUCIÓN DE ACTIVIDADES,2024-01-08,False
645992,CONTRATO_SERVICIOS_PROFESIONALES_PROYECTO,SERVICIOS PROFESIONALES - EJECUCIÓN DE ACTIVIDADES,2024-08-01,False
646135,CONTRATO_SERVICIOS_PROFESIONALES_PROYECTO,SERVICIOS PROFESIONALES - EJECUCIÓN DE ACTIVIDADES,2022-01-06,False
646173,CONTRATO_SERVICIOS_PROFESIONALES_PROYECTO,SERVICIOS PROFESIONALES - EJECUCIÓN DE ACTIVIDADES DE INVESTIGACIÓN,2021-04-23,False
646410,CONTRATO_SERVICIOS_PROFESIONALES_PROYECTO,SERVICIOS PROFESIONALES - EJECUCIÓN DE ACTIVIDADES,2026-01-06,False
646869,CONTRATO_SERVICIOS_PROFESIONALES_PROYECTO,SERVICIOS PROFESIONALES - EJECUCIÓN DE ACTIVIDADES DE INVESTIGACIÓN,2021-05-11,False
646891,CONTRATO_SERVICIOS_PROFESIONALES_PROYECTO,SERVICIOS PROFESIONALES - EJECUCIÓN DE PROYECTOS,2022-08-01,False
647467,CONTRATO_SERVICIOS_PROFESIONALES_PROYECTO,SERVICIOS PROFESIONALES - EJECUCIÓN DE ACTIVIDADES,2026-01-06,False
647473,CONTRATO_SERVICIOS_PROFESIONALES_PROYECTO,SERVICIOS PROFESIONALES - EJECUCIÓN DE ACTIVIDADES,2025-09-01,False
647525,CONTRATO_SERVICIOS_PROFESIONALES_PROYECTO,SERVICIOS PROFESIONALES - EJECUCIÓN DE ACTIVIDADES,2019-10-01,False
647555,CONTRATO_SERVICIOS_PROFESIONALES_PROYECTO,SERVICIOS PROFESIONALES - EJECUCIÓN DE ACTIVIDADES DE INVESTIGACIÓN,2023-02-01,False
647619,CONTRATO_SERVICIOS_PROFESIONALES_PROYECTO,SERVICIOS PROFESIONALES - EJECUCIÓN DE PROYECTOS,2020-01-02,False
647734,CONTRATO_SERVICIOS_PROFESIONALES_PROYECTO,SERVICIOS PROFESIONALES - EJECUCIÓN DE ACTIVIDADES,2023-04-18,False
647788,CONTRATO_SERVICIOS_PROFESIONALES_PROYECTO,SERVICIOS PROFESIONALES - EJECUCIÓN DE ACTIVIDADES,2020-02-03,False
647795,CONTRATO_SERVICIOS_PROFESIONALES_PROYECTO,SERVICIOS PROFESIONALES - EJECUCIÓN DE ACTIVIDADES DE INVESTIGACIÓN,2021-06-28,False
647956,CONTRATO_SERVICIOS_PROFESIONALES_PROYECTO,SERVICIOS PROFESIONALES - EJECUCIÓN DE ACTIVIDADES,2019-11-05,False
648214,CONTRATO_SERVICIOS_PROFESIONALES_PROYECTO,SERVICIOS PROFESIONALES - EJECUCIÓN DE ACTIVIDADES,2022-09-28,False
648659,CONTRATO_SERVICIOS_PROFESIONALES_PROYECTO,SERVICIOS PROFESIONALES - EJECUCIÓN DE ACTIVIDADES,2023-01-09,False
649266,CONTRATO_SERVICIOS_PROFESIONALES_PROYECTO,SERVICIOS PROFESIONALES - EJECUCIÓN DE ACTIVIDADES,2021-08-13,False
649359,CONTRATO_SERVICIOS_PROFESIONALES_PROYECTO,SERVICIOS PROFESIONALES - EJECUCIÓN DE ACTIVIDADES,2022-09-27,False
649470,CONTRATO_SERVICIOS_PROFESIONALES_PROYECTO,SERVICIOS PROFESIONALES - EJECUCIÓN DE ACTIVIDADES,2022-01-06,False
649875,CONTRATO_SERVICIOS_PROFESIONALES_PROYECTO,SERVICIOS PROFESIONALES - EJECUCIÓN DE ACTIVIDADES,2026-08-01,False
649917,CONTRATO_SERVICIOS_PROFESIONALES_PROYECTO,SERVICIOS PROFESIONALES - EJECUCIÓN DE ACTIVIDADES,2026-01-06,False
649920,CONTRATO_SERVICIOS_PROFESIONALES_PROYECTO,SERVICIOS PROFESIONALES - EJECUCIÓN DE ACTIVIDADES,2021-01-04,False
649982,CONTRATO_SERVICIOS_PROFESIONALES_PROYECTO,SERVICIOS PROFESIONALES - EJECUCIÓN DE ACTIVIDADES,2025-01-06,False
650158,CONTRATO_SERVICIOS_PROFESIONALES_PROYECTO,SERVICIOS PROFESIONALES - EJECUCIÓN DE PROYECTOS,2023-06-01,False
651584,CONTRATO_SERVICIOS_PROFESIONALES_PROYECTO,SERVICIOS PROFESIONALES - EJECUCIÓN DE ACTIVIDADES,2026-01-06,False
651722,CONTRATO_SERVICIOS_PROFESIONALES_PROYECTO,SERVICIOS PROFESIONALES - EJECUCIÓN DE ACTIVIDADES,2026-01-06,False
652181,CONTRATO_SERVICIOS_PROFESIONALES_PROYECTO,SERVICIOS PROFESIONALES - EJECUCIÓN DE ACTIVIDADES,2025-03-07,False
652548,CONTRATO_SERVICIOS_PROFESIONALES_PROYECTO,SERVICIOS PROFESIONALES - EJECUCIÓN DE ACTIVIDADES,2024-05-22,False
652736,CONTRATO_SERVICIOS_PROFESIONALES_PROYECTO,SERVICIOS PROFESIONALES - EJECUCIÓN DE ACTIVIDADES,2025-10-28,False
652890,CONTRATO_SERVICIOS_PROFESIONALES_PROYECTO,SERVICIOS PROFESIONALES - EJECUCIÓN DE ACTIVIDADES,2026-02-02,False
652946,CONTRATO_SERVICIOS_PROFESIONALES_PROYECTO,SERVICIOS PROFESIONALES - ACTIVIDADES DE CAPACITACIÓN,2019-05-06,False
652947,CONTRATO_SERVICIOS_PROFESIONALES_PROYECTO,SERVICIOS PROFESIONALES - ACTIVIDADES DE CAPACITACIÓN,2019-05-06,False
652950,CONTRATO_SERVICIOS_PROFESIONALES_PROYECTO,SERVICIOS PROFESIONALES - ACTIVIDADES DE CAPACITACIÓN,2019-05-06,False
652951,CONTRATO_SERVICIOS_PROFESIONALES_PROYECTO,SERVICIOS PROFESIONALES - ACTIVIDADES DE CAPACITACIÓN,2019-05-06,False
652954,CONTRATO_SERVICIOS_PROFESIONALES_PROYECTO,SERVICIOS PROFESIONALES - ACTIVIDADES DE CAPACITACIÓN,2019-05-07,False
652976,CONTRATO_SERVICIOS_PROFESIONALES_PROYECTO,SERVICIOS PROFESIONALES - EJECUCIÓN DE ACTIVIDADES,2022-01-06,False
652984,CONTRATO_SERVICIOS_PROFESIONALES_PROYECTO,SERVICIOS PROFESIONALES - EJECUCIÓN DE ACTIVIDADES CON RUAC,2021-03-01,False
653005,CONTRATO_SERVICIOS_PROFESIONALES_PROYECTO,SERVICIOS PROFESIONALES - EJECUCIÓN DE ACTIVIDADES CON RUAC,2021-03-01,False
653007,CONTRATO_SERVICIOS_PROFESIONALES_PROYECTO,SERVICIOS PROFESIONALES - EJECUCIÓN DE ACTIVIDADES,2026-02-02,False
653119,CONTRATO_SERVICIOS_PROFESIONALES_PROYECTO,SERVICIOS PROFESIONALES - EJECUCIÓN DE ACTIVIDADES,2025-11-12,False
653215,CONTRATO_SERVICIOS_PROFESIONALES_PROYECTO,SERVICIOS PROFESIONALES - EJECUCIÓN DE ACTIVIDADES,2025-03-05,False
653545,CONTRATO_SERVICIOS_PROFESIONALES_PROYECTO,SERVICIOS PROFESIONALES - EJECUCIÓN DE ACTIVIDADES,2025-10-01,False
653628,CONTRATO_SERVICIOS_PROFESIONALES_PROYECTO,SERVICIOS PROFESIONALES - EJECUCIÓN DE ACTIVIDADES,2025-01-06,False
653688,CONTRATO_SERVICIOS_PROFESIONALES_PROYECTO,SERVICIOS PROFESIONALES - EJECUCIÓN DE ACTIVIDADES,2026-08-21,False
653708,CONTRATO_SERVICIOS_PROFESIONALES_PROYECTO,SERVICIOS PROFESIONALES - EJECUCIÓN DE ACTIVIDADES,2026-01-06,False
653834,CONTRATO_SERVICIOS_PROFESIONALES_PROYECTO,SERVICIOS PROFESIONALES - EJECUCIÓN DE ACTIVIDADES,2022-01-06,False
654016,CONTRATO_SERVICIOS_PROFESIONALES_PROYECTO,SERVICIOS PROFESIONALES - EJECUCIÓN DE ACTIVIDADES,2026-01-06,False
654077,CONTRATO_SERVICIOS_PROFESIONALES_PROYECTO,SERVICIOS PROFESIONALES - EJECUCIÓN DE ACTIVIDADES,2026-01-06,False
654091,CONTRATO_SERVICIOS_PROFESIONALES_PROYECTO,SERVICIOS PROFESIONALES - EJECUCIÓN DE ACTIVIDADES,2026-01-06,False
654322,CONTRATO_SERVICIOS_PROFESIONALES_PROYECTO,SERVICIOS PROFESIONALES - EJECUCIÓN DE PROYECTOS,2024-08-01,False
654394,CONTRATO_SERVICIOS_PROFESIONALES_PROYECTO,SERVICIOS PROFESIONALES - EJECUCIÓN DE ACTIVIDADES,2020-01-02,False
654401,CONTRATO_SERVICIOS_PROFESIONALES_PROYECTO,SERVICIOS PROFESIONALES - EJECUCIÓN DE ACTIVIDADES,2026-01-06,False
654456,CONTRATO_SERVICIOS_PROFESIONALES_PROYECTO,SERVICIOS PROFESIONALES - EJECUCIÓN DE ACTIVIDADES,2025-01-06,False
654457,CONTRATO_SERVICIOS_PROFESIONALES_PROYECTO,SERVICIOS PROFESIONALES - ACTIVIDADES DE CAPACITACIÓN,2019-05-06,False
654463,CONTRATO_SERVICIOS_PROFESIONALES_PROYECTO,SERVICIOS PROFESIONALES - ACTIVIDADES DE CAPACITACIÓN,2019-05-06,False
654465,CONTRATO_SERVICIOS_PROFESIONALES_PROYECTO,SERVICIOS PROFESIONALES - ACTIVIDADES DE CAPACITACIÓN,2019-05-06,False
654507,CONTRATO_SERVICIOS_PROFESIONALES_PROYECTO,SERVICIOS PROFESIONALES - EJECUCIÓN DE ACTIVIDADES,2019-05-07,False
654508,CONTRATO_SERVICIOS_PROFESIONALES_PROYECTO,SERVICIOS PROFESIONALES - ACTIVIDADES DE CAPACITACIÓN,2019-05-06,False
654509,CONTRATO_SERVICIOS_PROFESIONALES_PROYECTO,SERVICIOS PROFESIONALES - ACTIVIDADES DE CAPACITACIÓN,2019-07-01,False
654510,CONTRATO_SERVICIOS_PROFESIONALES_PROYECTO,SERVICIOS PROFESIONALES - ACTIVIDADES DE CAPACITACIÓN,2019-05-06,False
654542,CONTRATO_SERVICIOS_PROFESIONALES_PROYECTO,SERVICIOS PROFESIONALES - EJECUCIÓN DE ACTIVIDADES,2020-01-02,False
654574,CONTRATO_SERVICIOS_PROFESIONALES_PROYECTO,SERVICIOS PROFESIONALES - EJECUCIÓN DE ACTIVIDADES,2020-01-02,False
654576,CONTRATO_SERVICIOS_PROFESIONALES_PROYECTO,SERVICIOS PROFESIONALES - ACTIVIDADES DE CAPACITACIÓN,2019-09-02,False
654580,CONTRATO_SERVICIOS_PROFESIONALES_PROYECTO,SERVICIOS PROFESIONALES - EJECUCIÓN DE ACTIVIDADES,2022-01-06,False
654588,CONTRATO_SERVICIOS_PROFESIONALES_PROYECTO,SERVICIOS PROFESIONALES - EJECUCIÓN DE ACTIVIDADES,2021-01-04,False
654955,CONTRATO_SERVICIOS_PROFESIONALES_PROYECTO,SERVICIOS PROFESIONALES - EJECUCIÓN DE ACTIVIDADES,2025-03-11,False
655416,CONTRATO_SERVICIOS_PROFESIONALES_PROYECTO,SERVICIOS PROFESIONALES - EJECUCIÓN DE ACTIVIDADES,2026-01-06,False
655951,CONTRATO_SERVICIOS_PROFESIONALES_PROYECTO,SERVICIOS PROFESIONALES - EJECUCIÓN DE ACTIVIDADES,2025-05-01,False
656004,CONTRATO_SERVICIOS_PROFESIONALES_PROYECTO,SERVICIOS PROFESIONALES - EJECUCIÓN DE ACTIVIDADES,2026-08-01,False
656005,CONTRATO_SERVICIOS_PROFESIONALES_PROYECTO,SERVICIOS PROFESIONALES - EJECUCIÓN DE ACTIVIDADES DE INVESTIGACIÓN,2024-01-08,False
656022,CONTRATO_SERVICIOS_PROFESIONALES_PROYECTO,SERVICIOS PROFESIONALES - EJECUCIÓN DE ACTIVIDADES,2022-01-06,False
656023,CONTRATO_SERVICIOS_PROFESIONALES_PROYECTO,SERVICIOS PROFESIONALES - EJECUCIÓN DE ACTIVIDADES DE INVESTIGACIÓN,2021-12-07,False
656130,CONTRATO_SERVICIOS_PROFESIONALES_PROYECTO,SERVICIOS PROFESIONALES - EJECUCIÓN DE ACTIVIDADES,2025-06-17,False
656665,CONTRATO_SERVICIOS_PROFESIONALES_PROYECTO,SERVICIOS PROFESIONALES - EJECUCIÓN DE ACTIVIDADES,2026-01-06,False
656697,CONTRATO_SERVICIOS_PROFESIONALES_PROYECTO,SERVICIOS PROFESIONALES - ACTIVIDADES DE CAPACITACIÓN,2020-07-02,False
656736,CONTRATO_SERVICIOS_PROFESIONALES_PROYECTO,SERVICIOS PROFESIONALES - EJECUCIÓN DE ACTIVIDADES,2020-03-01,False
656755,CONTRATO_SERVICIOS_PROFESIONALES_PROYECTO,SERVICIOS PROFESIONALES - EJECUCIÓN DE ACTIVIDADES,2025-10-20,False
656785,CONTRATO_SERVICIOS_PROFESIONALES_PROYECTO,SERVICIOS PROFESIONALES - EJECUCIÓN DE ACTIVIDADES,2020-02-03,False
656795,CONTRATO_SERVICIOS_PROFESIONALES_PROYECTO,SERVICIOS PROFESIONALES - EJECUCIÓN DE ACTIVIDADES,2020-03-02,False
656796,CONTRATO_SERVICIOS_PROFESIONALES_PROYECTO,SERVICIOS PROFESIONALES - ACTIVIDADES DE CAPACITACIÓN,2020-02-04,False
657152,CONTRATO_SERVICIOS_PROFESIONALES_PROYECTO,SERVICIOS PROFESIONALES - EJECUCIÓN DE PROYECTOS,2024-10-24,False
657354,CONTRATO_SERVICIOS_PROFESIONALES_PROYECTO,SERVICIOS PROFESIONALES - EJECUCIÓN DE ACTIVIDADES,2025-11-06,False
657386,CONTRATO_SERVICIOS_PROFESIONALES_PROYECTO,SERVICIOS PROFESIONALES - EJECUCIÓN DE ACTIVIDADES,2026-01-06,False
658076,CONTRATO_SERVICIOS_PROFESIONALES_PROYECTO,SERVICIOS PROFESIONALES - EJECUCIÓN DE ACTIVIDADES,2025-01-06,False
658121,CONTRATO_SERVICIOS_PROFESIONALES_PROYECTO,SERVICIOS PROFESIONALES - EJECUCIÓN DE PROYECTOS,2020-06-30,False
658122,CONTRATO_SERVICIOS_PROFESIONALES_PROYECTO,SERVICIOS PROFESIONALES - EJECUCIÓN DE PROYECTOS,2020-06-30,False
658123,CONTRATO_SERVICIOS_PROFESIONALES_PROYECTO,SERVICIOS PROFESIONALES - EJECUCIÓN DE PROYECTOS,2020-06-30,False
658124,CONTRATO_SERVICIOS_PROFESIONALES_PROYECTO,SERVICIOS PROFESIONALES - EJECUCIÓN DE PROYECTOS,2020-06-30,False
658125,CONTRATO_SERVICIOS_PROFESIONALES_PROYECTO,SERVICIOS PROFESIONALES - EJECUCIÓN DE PROYECTOS,2020-06-30,False
658126,CONTRATO_SERVICIOS_PROFESIONALES_PROYECTO,SERVICIOS PROFESIONALES - EJECUCIÓN DE PROYECTOS,2020-06-30,False
658348,CONTRATO_SERVICIOS_PROFESIONALES_PROYECTO,SERVICIOS PROFESIONALES - EJECUCIÓN DE ACTIVIDADES,2020-08-13,False
658367,CONTRATO_SERVICIOS_PROFESIONALES_PROYECTO,SERVICIOS PROFESIONALES - EJECUCIÓN DE ACTIVIDADES,2023-01-09,False
658663,CONTRATO_SERVICIOS_PROFESIONALES_PROYECTO,SERVICIOS PROFESIONALES - EJECUCIÓN DE ACTIVIDADES,2020-10-01,False
658670,CONTRATO_SERVICIOS_PROFESIONALES_PROYECTO,SERVICIOS PROFESIONALES - EJECUCIÓN DE ACTIVIDADES,2020-10-06,False
658682,CONTRATO_SERVICIOS_PROFESIONALES_PROYECTO,SERVICIOS PROFESIONALES - EJECUCIÓN DE ACTIVIDADES,2020-11-04,False
658684,CONTRATO_SERVICIOS_PROFESIONALES_PROYECTO,SERVICIOS PROFESIONALES - EJECUCIÓN DE ACTIVIDADES,2020-10-30,False
658685,CONTRATO_SERVICIOS_PROFESIONALES_PROYECTO,SERVICIOS PROFESIONALES - EJECUCIÓN DE ACTIVIDADES,2020-10-30,False
658689,CONTRATO_SERVICIOS_PROFESIONALES_PROYECTO,SERVICIOS PROFESIONALES - EJECUCIÓN DE ACTIVIDADES,2022-08-18,False
658690,CONTRATO_SERVICIOS_PROFESIONALES_PROYECTO,SERVICIOS PROFESIONALES - EJECUCIÓN DE ACTIVIDADES,2023-09-22,False
658700,CONTRATO_SERVICIOS_PROFESIONALES_PROYECTO,SERVICIOS PROFESIONALES - EJECUCIÓN DE ACTIVIDADES,2020-11-26,False
658704,CONTRATO_SERVICIOS_PROFESIONALES_PROYECTO,SERVICIOS PROFESIONALES - EJECUCIÓN DE PROYECTOS,2024-06-03,False
658705,CONTRATO_SERVICIOS_PROFESIONALES_PROYECTO,SERVICIOS PROFESIONALES - EJECUCIÓN DE ACTIVIDADES DE INVESTIGACIÓN,2022-01-06,False
658706,CONTRATO_SERVICIOS_PROFESIONALES_PROYECTO,SERVICIOS PROFESIONALES - EJECUCIÓN DE ACTIVIDADES,2025-07-01,False
658707,CONTRATO_SERVICIOS_PROFESIONALES_PROYECTO,SERVICIOS PROFESIONALES - EJECUCIÓN DE ACTIVIDADES,2022-10-11,False
658721,CONTRATO_SERVICIOS_PROFESIONALES_PROYECTO,SERVICIOS PROFESIONALES - EJECUCIÓN DE ACTIVIDADES,2025-01-06,False
658725,CONTRATO_SERVICIOS_PROFESIONALES_PROYECTO,SERVICIOS PROFESIONALES - EJECUCIÓN DE ACTIVIDADES,2022-04-01,False
659586,CONTRATO_SERVICIOS_PROFESIONALES_PROYECTO,SERVICIOS PROFESIONALES - EJECUCIÓN DE ACTIVIDADES,2021-02-24,False
659619,CONTRATO_SERVICIOS_PROFESIONALES_PROYECTO,SERVICIOS PROFESIONALES - EJECUCIÓN DE ACTIVIDADES,2021-05-22,False
659621,CONTRATO_SERVICIOS_PROFESIONALES_PROYECTO,SERVICIOS PROFESIONALES - EJECUCIÓN DE ACTIVIDADES,2021-04-01,False
659628,CONTRATO_SERVICIOS_PROFESIONALES_PROYECTO,SERVICIOS PROFESIONALES - EJECUCIÓN DE ACTIVIDADES,2021-04-12,False
659629,CONTRATO_SERVICIOS_PROFESIONALES_PROYECTO,SERVICIOS PROFESIONALES - EJECUCIÓN DE ACTIVIDADES,2021-04-28,False
659643,CONTRATO_SERVICIOS_PROFESIONALES_PROYECTO,SERVICIOS PROFESIONALES - EJECUCIÓN DE ACTIVIDADES,2021-05-03,False
659645,CONTRATO_SERVICIOS_PROFESIONALES_PROYECTO,SERVICIOS PROFESIONALES - EJECUCIÓN DE ACTIVIDADES,2024-01-08,False
659646,CONTRATO_SERVICIOS_PROFESIONALES_PROYECTO,SERVICIOS PROFESIONALES - EJECUCIÓN DE ACTIVIDADES,2021-05-03,False
659649,CONTRATO_SERVICIOS_PROFESIONALES_PROYECTO,SERVICIOS PROFESIONALES - EJECUCIÓN DE ACTIVIDADES,2023-08-22,False
659651,CONTRATO_SERVICIOS_PROFESIONALES_PROYECTO,SERVICIOS PROFESIONALES - EJECUCIÓN DE ACTIVIDADES,2021-05-07,False
659652,CONTRATO_SERVICIOS_PROFESIONALES_PROYECTO,SERVICIOS PROFESIONALES - EJECUCIÓN DE ACTIVIDADES,2021-07-10,False
659670,CONTRATO_SERVICIOS_PROFESIONALES_PROYECTO,SERVICIOS PROFESIONALES - EJECUCIÓN DE ACTIVIDADES,2022-11-07,False
659672,CONTRATO_SERVICIOS_PROFESIONALES_PROYECTO,SERVICIOS PROFESIONALES - EJECUCIÓN DE ACTIVIDADES DE INVESTIGACIÓN,2022-01-06,False
659687,CONTRATO_SERVICIOS_PROFESIONALES_PROYECTO,SERVICIOS PROFESIONALES - EJECUCIÓN DE ACTIVIDADES DE INVESTIGACIÓN,2021-05-13,False
659696,CONTRATO_SERVICIOS_PROFESIONALES_PROYECTO,SERVICIOS PROFESIONALES - EJECUCIÓN DE ACTIVIDADES DE INVESTIGACIÓN,2022-01-06,False
659699,CONTRATO_SERVICIOS_PROFESIONALES_PROYECTO,SERVICIOS PROFESIONALES - EJECUCIÓN DE PROYECTOS DE INVESTIGACIÓN,2022-10-05,False
659821,CONTRATO_SERVICIOS_PROFESIONALES_PROYECTO,SERVICIOS PROFESIONALES - EJECUCIÓN DE ACTIVIDADES,2021-05-31,False
659824,CONTRATO_SERVICIOS_PROFESIONALES_PROYECTO,SERVICIOS PROFESIONALES - EJECUCIÓN DE ACTIVIDADES,2021-05-25,False
660649,CONTRATO_SERVICIOS_PROFESIONALES_PROYECTO,SERVICIOS PROFESIONALES - EJECUCIÓN DE ACTIVIDADES,2022-01-06,False
660654,CONTRATO_SERVICIOS_PROFESIONALES_PROYECTO,SERVICIOS PROFESIONALES - EJECUCIÓN DE ACTIVIDADES DE INVESTIGACIÓN,2021-06-25,False
660655,CONTRATO_SERVICIOS_PROFESIONALES_PROYECTO,SERVICIOS PROFESIONALES - EJECUCIÓN DE ACTIVIDADES,2023-09-14,False
660657,CONTRATO_SERVICIOS_PROFESIONALES_PROYECTO,SERVICIOS PROFESIONALES - EJECUCIÓN DE ACTIVIDADES,2021-06-21,False
660671,CONTRATO_SERVICIOS_PROFESIONALES_PROYECTO,SERVICIOS PROFESIONALES - EJECUCIÓN DE PROYECTOS DE INVESTIGACIÓN,2021-09-08,False
660688,CONTRATO_SERVICIOS_PROFESIONALES_PROYECTO,SERVICIOS PROFESIONALES - EJECUCIÓN DE ACTIVIDADES,2023-01-09,False
660695,CONTRATO_SERVICIOS_PROFESIONALES_PROYECTO,SERVICIOS PROFESIONALES - EJECUCIÓN DE ACTIVIDADES,2021-09-03,False
660696,CONTRATO_SERVICIOS_PROFESIONALES_PROYECTO,SERVICIOS PROFESIONALES - EJECUCIÓN DE ACTIVIDADES,2022-01-06,False
660697,CONTRATO_SERVICIOS_PROFESIONALES_PROYECTO,SERVICIOS PROFESIONALES - EJECUCIÓN DE ACTIVIDADES DE INVESTIGACIÓN,2022-01-06,False
660707,CONTRATO_SERVICIOS_PROFESIONALES_PROYECTO,SERVICIOS PROFESIONALES - EJECUCIÓN DE ACTIVIDADES,2026-01-06,False
660715,CONTRATO_SERVICIOS_PROFESIONALES_PROYECTO,SERVICIOS PROFESIONALES - EJECUCIÓN DE ACTIVIDADES DE INVESTIGACIÓN,2022-01-06,False
660719,CONTRATO_SERVICIOS_PROFESIONALES_PROYECTO,SERVICIOS PROFESIONALES - ACTIVIDADES DE CAPACITACIÓN,2021-09-16,False
661219,CONTRATO_SERVICIOS_PROFESIONALES_PROYECTO,SERVICIOS PROFESIONALES - EJECUCIÓN DE ACTIVIDADES,2025-11-06,False
661609,CONTRATO_SERVICIOS_PROFESIONALES_PROYECTO,SERVICIOS PROFESIONALES - EJECUCIÓN DE ACTIVIDADES,2022-01-06,False
662087,CONTRATO_SERVICIOS_PROFESIONALES_PROYECTO,SERVICIOS PROFESIONALES - ACTIVIDADES DE CAPACITACIÓN,2021-10-11,False
662103,CONTRATO_SERVICIOS_PROFESIONALES_PROYECTO,SERVICIOS PROFESIONALES - ACTIVIDADES DE CAPACITACIÓN,2021-11-08,False
662110,CONTRATO_SERVICIOS_PROFESIONALES_PROYECTO,SERVICIOS PROFESIONALES - EJECUCIÓN DE ACTIVIDADES,2026-08-01,False
662113,CONTRATO_SERVICIOS_PROFESIONALES_PROYECTO,SERVICIOS PROFESIONALES - EJECUCIÓN DE ACTIVIDADES,2026-01-06,False
662120,CONTRATO_SERVICIOS_PROFESIONALES_PROYECTO,SERVICIOS PROFESIONALES - EJECUCIÓN DE ACTIVIDADES,2021-11-08,False
662124,CONTRATO_SERVICIOS_PROFESIONALES_PROYECTO,SERVICIOS PROFESIONALES - EJECUCIÓN DE ACTIVIDADES,2024-01-08,False
662130,CONTRATO_SERVICIOS_PROFESIONALES_PROYECTO,SERVICIOS PROFESIONALES - EJECUCIÓN DE ACTIVIDADES,2021-11-25,False
662138,CONTRATO_SERVICIOS_PROFESIONALES_PROYECTO,SERVICIOS PROFESIONALES - EJECUCIÓN DE ACTIVIDADES,2021-12-01,False
662149,CONTRATO_SERVICIOS_PROFESIONALES_PROYECTO,SERVICIOS PROFESIONALES - EJECUCIÓN DE ACTIVIDADES,2021-12-08,False
662150,CONTRATO_SERVICIOS_PROFESIONALES_PROYECTO,SERVICIOS PROFESIONALES - EJECUCIÓN DE ACTIVIDADES,2023-09-01,False
662170,CONTRATO_SERVICIOS_PROFESIONALES_PROYECTO,SERVICIOS PROFESIONALES - EJECUCIÓN DE ACTIVIDADES,2024-01-08,False
662173,CONTRATO_SERVICIOS_PROFESIONALES_PROYECTO,SERVICIOS PROFESIONALES - EJECUCIÓN DE ACTIVIDADES,2025-02-03,False
662182,CONTRATO_SERVICIOS_PROFESIONALES_PROYECTO,SERVICIOS PROFESIONALES - EJECUCIÓN DE ACTIVIDADES,2023-01-09,False
662259,CONTRATO_SERVICIOS_PROFESIONALES_PROYECTO,SERVICIOS PROFESIONALES - EJECUCIÓN DE ACTIVIDADES,2022-02-07,False
662496,CONTRATO_SERVICIOS_PROFESIONALES_PROYECTO,SERVICIOS PROFESIONALES - EJECUCIÓN DE ACTIVIDADES,2026-01-06,False
662511,CONTRATO_SERVICIOS_PROFESIONALES_PROYECTO,SERVICIOS PROFESIONALES - EJECUCIÓN DE ACTIVIDADES CON RUAC,2023-01-09,False
662686,CONTRATO_SERVICIOS_PROFESIONALES_PROYECTO,SERVICIOS PROFESIONALES - EJECUCIÓN DE ACTIVIDADES,2026-01-06,False
662701,CONTRATO_SERVICIOS_PROFESIONALES_PROYECTO,SERVICIOS PROFESIONALES - EJECUCIÓN DE ACTIVIDADES,2022-05-31,False
662708,CONTRATO_SERVICIOS_PROFESIONALES_PROYECTO,SERVICIOS PROFESIONALES - EJECUCIÓN DE ACTIVIDADES,2022-05-16,False
662709,CONTRATO_SERVICIOS_PROFESIONALES_PROYECTO,SERVICIOS PROFESIONALES - EJECUCIÓN DE ACTIVIDADES,2022-05-16,False
662766,CONTRATO_SERVICIOS_PROFESIONALES_PROYECTO,SERVICIOS PROFESIONALES - EJECUCIÓN DE ACTIVIDADES,2023-01-09,False
662774,CONTRATO_SERVICIOS_PROFESIONALES_PROYECTO,SERVICIOS PROFESIONALES - EJECUCIÓN DE ACTIVIDADES,2022-06-01,False
662808,CONTRATO_SERVICIOS_PROFESIONALES_PROYECTO,SERVICIOS PROFESIONALES - EJECUCIÓN DE ACTIVIDADES,2023-09-15,False
662822,CONTRATO_SERVICIOS_PROFESIONALES_PROYECTO,SERVICIOS PROFESIONALES - EJECUCIÓN DE ACTIVIDADES,2023-02-13,False
662844,CONTRATO_SERVICIOS_PROFESIONALES_PROYECTO,SERVICIOS PROFESIONALES - EJECUCIÓN DE ACTIVIDADES,2023-01-09,False
662845,CONTRATO_SERVICIOS_PROFESIONALES_PROYECTO,SERVICIOS PROFESIONALES - EJECUCIÓN DE ACTIVIDADES,2023-01-09,False
662851,CONTRATO_SERVICIOS_PROFESIONALES_PROYECTO,SERVICIOS PROFESIONALES - EJECUCIÓN DE ACTIVIDADES,2024-01-08,False
662854,CONTRATO_SERVICIOS_PROFESIONALES_PROYECTO,SERVICIOS PROFESIONALES - EJECUCIÓN DE ACTIVIDADES,2022-06-27,False
664176,CONTRATO_SERVICIOS_PROFESIONALES_PROYECTO,SERVICIOS PROFESIONALES - EJECUCIÓN DE ACTIVIDADES,2026-01-06,False
664182,CONTRATO_SERVICIOS_PROFESIONALES_PROYECTO,SERVICIOS PROFESIONALES - EJECUCIÓN DE ACTIVIDADES,2023-01-09,False
664272,CONTRATO_SERVICIOS_PROFESIONALES_PROYECTO,SERVICIOS PROFESIONALES - EJECUCIÓN DE ACTIVIDADES,2025-09-22,False
664867,CONTRATO_SERVICIOS_PROFESIONALES_PROYECTO,SERVICIOS PROFESIONALES - ACTIVIDADES DE CAPACITACIÓN,2024-03-21,False
665043,CONTRATO_SERVICIOS_PROFESIONALES_PROYECTO,SERVICIOS PROFESIONALES - EJECUCIÓN DE ACTIVIDADES,2026-01-06,False
665300,CONTRATO_SERVICIOS_PROFESIONALES_PROYECTO,SERVICIOS PROFESIONALES - EJECUCIÓN DE ACTIVIDADES,2023-09-25,False
669616,CONTRATO_SERVICIOS_PROFESIONALES_PROYECTO,SERVICIOS PROFESIONALES - EJECUCIÓN DE ACTIVIDADES,2024-07-02,False
674171,CONTRATO_SERVICIOS_PROFESIONALES_PROYECTO,SERVICIOS PROFESIONALES - EJECUCIÓN DE ACTIVIDADES,2026-01-06,False
678931,CONTRATO_SERVICIOS_PROFESIONALES_PROYECTO,SERVICIOS PROFESIONALES - EJECUCIÓN DE ACTIVIDADES,2025-10-29,False
683699,CONTRATO_SERVICIOS_PROFESIONALES_PROYECTO,SERVICIOS PROFESIONALES - EJECUCIÓN DE ACTIVIDADES,2026-01-06,False
683741,CONTRATO_SERVICIOS_PROFESIONALES_PROYECTO,SERVICIOS PROFESIONALES - EJECUCIÓN DE ACTIVIDADES,2026-01-06,False
683807,CONTRATO_SERVICIOS_PROFESIONALES_PROYECTO,SERVICIOS PROFESIONALES - EJECUCIÓN DE ACTIVIDADES,2026-01-06,False
683837,CONTRATO_SERVICIOS_PROFESIONALES_PROYECTO,SERVICIOS PROFESIONALES - EJECUCIÓN DE ACTIVIDADES,2025-11-20,False
683848,CONTRATO_SERVICIOS_PROFESIONALES_PROYECTO,SERVICIOS PROFESIONALES - EJECUCIÓN DE ACTIVIDADES,2026-01-06,False
683851,CONTRATO_SERVICIOS_PROFESIONALES_PROYECTO,SERVICIOS PROFESIONALES - EJECUCIÓN DE ACTIVIDADES,2026-01-06,False
683862,CONTRATO_SERVICIOS_PROFESIONALES_PROYECTO,SERVICIOS PROFESIONALES - EJECUCIÓN DE ACTIVIDADES,2025-12-08,False
139,DOCENTE_CONTRATADO_SERVICIOS_CIVILES,PRESTACIÓN SERVICIOS PROFESIONALES,2020-03-06,False
492,DOCENTE_CONTRATADO_SERVICIOS_CIVILES,PRESTACIÓN SERVICIOS PROFESIONALES,2020-11-13,False
519,DOCENTE_CONTRATADO_SERVICIOS_CIVILES,PRESTACIÓN SERVICIOS PROFESIONALES,2023-08-26,False
541,DOCENTE_CONTRATADO_SERVICIOS_CIVILES,PRESTACIÓN SERVICIOS PROFESIONALES,2024-01-05,False
594,DOCENTE_CONTRATADO_SERVICIOS_CIVILES,PRESTACIÓN SERVICIOS PROFESIONALES,2022-05-09,False
676,DOCENTE_CONTRATADO_SERVICIOS_CIVILES,PRESTACIÓN SERVICIOS PROFESIONALES,2020-01-20,False
695,DOCENTE_CONTRATADO_SERVICIOS_CIVILES,PRESTACIÓN SERVICIOS PROFESIONALES,2020-09-21,False
803,DOCENTE_CONTRATADO_SERVICIOS_CIVILES,PRESTACIÓN SERVICIOS PROFESIONALES,2023-12-09,False
970,DOCENTE_CONTRATADO_SERVICIOS_CIVILES,PRESTACIÓN SERVICIOS PROFESIONALES,2021-01-08,False
1014,DOCENTE_CONTRATADO_SERVICIOS_CIVILES,PRESTACIÓN SERVICIOS PROFESIONALES,2024-03-16,False
1201,DOCENTE_CONTRATADO_SERVICIOS_CIVILES,PRESTACIÓN SERVICIOS PROFESIONALES,2025-01-03,False
1221,DOCENTE_CONTRATADO_SERVICIOS_CIVILES,PRESTACIÓN SERVICIOS PROFESIONALES,2024-09-06,False
1295,DOCENTE_CONTRATADO_SERVICIOS_CIVILES,PRESTACIÓN SERVICIOS PROFESIONALES,2023-08-01,False
1340,DOCENTE_CONTRATADO_SERVICIOS_CIVILES,PRESTACIÓN SERVICIOS PROFESIONALES,2025-12-19,False
1419,DOCENTE_CONTRATADO_SERVICIOS_CIVILES,PRESTACIÓN SERVICIOS PROFESIONALES,2026-08-13,False
1440,DOCENTE_CONTRATADO_SERVICIOS_CIVILES,PRESTACIÓN SERVICIOS PROFESIONALES,2024-11-15,False
1447,DOCENTE_CONTRATADO_SERVICIOS_CIVILES,PRESTACIÓN SERVICIOS PROFESIONALES,2025-10-31,False
1527,DOCENTE_CONTRATADO_SERVICIOS_CIVILES,PRESTACIÓN SERVICIOS PROFESIONALES,2025-10-22,False
1571,DOCENTE_CONTRATADO_SERVICIOS_CIVILES,PRESTACIÓN SERVICIOS PROFESIONALES,2026-07-03,False
1579,DOCENTE_CONTRATADO_SERVICIOS_CIVILES,PRESTACIÓN SERVICIOS PROFESIONALES,2020-03-06,False
1595,DOCENTE_CONTRATADO_SERVICIOS_CIVILES,PRESTACIÓN SERVICIOS PROFESIONALES,2020-04-20,False
1597,DOCENTE_CONTRATADO_SERVICIOS_CIVILES,PRESTACIÓN SERVICIOS PROFESIONALES,2024-10-04,False
1673,DOCENTE_CONTRATADO_SERVICIOS_CIVILES,PRESTACIÓN SERVICIOS PROFESIONALES,2026-07-10,False
1687,DOCENTE_CONTRATADO_SERVICIOS_CIVILES,PRESTACIÓN SERVICIOS PROFESIONALES,2025-10-31,False
1730,DOCENTE_CONTRATADO_SERVICIOS_CIVILES,PRESTACIÓN SERVICIOS PROFESIONALES,2026-07-02,False
1750,DOCENTE_CONTRATADO_SERVICIOS_CIVILES,PRESTACIÓN SERVICIOS PROFESIONALES,2025-05-21,False
1761,DOCENTE_CONTRATADO_SERVICIOS_CIVILES,PRESTACIÓN SERVICIOS PROFESIONALES,2025-05-09,False
1833,DOCENTE_CONTRATADO_SERVICIOS_CIVILES,PRESTACIÓN SERVICIOS PROFESIONALES,2024-06-08,False
1911,DOCENTE_CONTRATADO_SERVICIOS_CIVILES,PRESTACIÓN SERVICIOS PROFESIONALES,2026-09-26,False
1948,DOCENTE_CONTRATADO_SERVICIOS_CIVILES,PRESTACIÓN SERVICIOS PROFESIONALES,2024-01-23,False
2201,DOCENTE_CONTRATADO_SERVICIOS_CIVILES,PRESTACIÓN SERVICIOS PROFESIONALES,2026-02-20,False
2355,DOCENTE_CONTRATADO_SERVICIOS_CIVILES,PRESTACIÓN SERVICIOS PROFESIONALES,2025-10-13,False
2382,DOCENTE_CONTRATADO_SERVICIOS_CIVILES,PRESTACIÓN SERVICIOS PROFESIONALES,2026-08-06,False
2431,DOCENTE_CONTRATADO_SERVICIOS_CIVILES,PRESTACIÓN SERVICIOS PROFESIONALES,2023-10-11,False
2584,DOCENTE_CONTRATADO_SERVICIOS_CIVILES,PRESTACIÓN SERVICIOS PROFESIONALES,2024-06-01,False
2670,DOCENTE_CONTRATADO_SERVICIOS_CIVILES,PRESTACIÓN SERVICIOS PROFESIONALES,2021-02-19,False
2928,DOCENTE_CONTRATADO_SERVICIOS_CIVILES,PRESTACIÓN SERVICIOS PROFESIONALES,2023-12-12,False
3079,DOCENTE_CONTRATADO_SERVICIOS_CIVILES,PRESTACIÓN SERVICIOS PROFESIONALES,2020-03-06,False
3082,DOCENTE_CONTRATADO_SERVICIOS_CIVILES,PRESTACIÓN SERVICIOS PROFESIONALES,2026-08-17,False
3201,DOCENTE_CONTRATADO_SERVICIOS_CIVILES,PRESTACIÓN SERVICIOS PROFESIONALES,2026-03-21,False
3303,DOCENTE_CONTRATADO_SERVICIOS_CIVILES,PRESTACIÓN SERVICIOS PROFESIONALES,2022-06-16,False
3356,DOCENTE_CONTRATADO_SERVICIOS_CIVILES,PRESTACIÓN SERVICIOS PROFESIONALES,2024-03-08,False
3373,DOCENTE_CONTRATADO_SERVICIOS_CIVILES,PRESTACIÓN SERVICIOS PROFESIONALES,2020-09-21,False
3439,DOCENTE_CONTRATADO_SERVICIOS_CIVILES,PRESTACIÓN SERVICIOS PROFESIONALES,2025-10-31,False
3445,DOCENTE_CONTRATADO_SERVICIOS_CIVILES,PRESTACIÓN SERVICIOS PROFESIONALES,2020-01-02,False
3474,DOCENTE_CONTRATADO_SERVICIOS_CIVILES,PRESTACIÓN SERVICIOS PROFESIONALES,2026-06-19,False
3520,DOCENTE_CONTRATADO_SERVICIOS_CIVILES,PRESTACIÓN SERVICIOS PROFESIONALES,2026-05-29,False
3587,DOCENTE_CONTRATADO_SERVICIOS_CIVILES,PRESTACIÓN SERVICIOS PROFESIONALES,2020-10-20,False
3757,DOCENTE_CONTRATADO_SERVICIOS_CIVILES,PRESTACIÓN SERVICIOS PROFESIONALES,2023-08-18,False
4225,DOCENTE_CONTRATADO_SERVICIOS_CIVILES,PRESTACIÓN SERVICIOS PROFESIONALES,2025-11-08,False
4348,DOCENTE_CONTRATADO_SERVICIOS_CIVILES,PRESTACIÓN SERVICIOS PROFESIONALES,2026-07-11,False
4556,DOCENTE_CONTRATADO_SERVICIOS_CIVILES,PRESTACIÓN SERVICIOS PROFESIONALES,2024-01-05,False
4742,DOCENTE_CONTRATADO_SERVICIOS_CIVILES,PRESTACIÓN SERVICIOS PROFESIONALES,2025-09-12,False
4960,DOCENTE_CONTRATADO_SERVICIOS_CIVILES,PRESTACIÓN SERVICIOS PROFESIONALES,2025-11-15,False
5515,DOCENTE_CONTRATADO_SERVICIOS_CIVILES,PRESTACIÓN SERVICIOS PROFESIONALES,2025-05-16,False
5522,DOCENTE_CONTRATADO_SERVICIOS_CIVILES,PRESTACIÓN SERVICIOS PROFESIONALES,2023-11-25,False
5592,DOCENTE_CONTRATADO_SERVICIOS_CIVILES,PRESTACIÓN SERVICIOS PROFESIONALES,2024-03-08,False
5847,DOCENTE_CONTRATADO_SERVICIOS_CIVILES,PRESTACIÓN SERVICIOS PROFESIONALES,2020-10-01,False
7125,DOCENTE_CONTRATADO_SERVICIOS_CIVILES,PRESTACIÓN SERVICIOS PROFESIONALES,2023-08-05,False
7711,DOCENTE_CONTRATADO_SERVICIOS_CIVILES,PRESTACIÓN SERVICIOS PROFESIONALES,2025-11-08,False
7933,DOCENTE_CONTRATADO_SERVICIOS_CIVILES,PRESTACIÓN SERVICIOS PROFESIONALES,2023-03-09,False
8850,DOCENTE_CONTRATADO_SERVICIOS_CIVILES,PRESTACIÓN SERVICIOS PROFESIONALES,2026-08-26,False
9416,DOCENTE_CONTRATADO_SERVICIOS_CIVILES,PRESTACIÓN SERVICIOS PROFESIONALES,2025-03-14,False
9589,DOCENTE_CONTRATADO_SERVICIOS_CIVILES,PRESTACIÓN SERVICIOS PROFESIONALES,2025-12-09,False
9750,DOCENTE_CONTRATADO_SERVICIOS_CIVILES,PRESTACIÓN SERVICIOS PROFESIONALES,2024-10-17,False
9767,DOCENTE_CONTRATADO_SERVICIOS_CIVILES,PRESTACIÓN SERVICIOS PROFESIONALES,2022-01-08,False
10308,DOCENTE_CONTRATADO_SERVICIOS_CIVILES,PRESTACIÓN SERVICIOS PROFESIONALES,2020-01-20,False
11220,DOCENTE_CONTRATADO_SERVICIOS_CIVILES,PRESTACIÓN SERVICIOS PROFESIONALES,2023-02-25,False
11841,DOCENTE_CONTRATADO_SERVICIOS_CIVILES,PRESTACIÓN SERVICIOS PROFESIONALES,2026-03-06,False
12509,DOCENTE_CONTRATADO_SERVICIOS_CIVILES,PRESTACIÓN SERVICIOS PROFESIONALES,2026-05-30,False
13901,DOCENTE_CONTRATADO_SERVICIOS_CIVILES,PRESTACIÓN SERVICIOS PROFESIONALES,2023-12-02,False
14491,DOCENTE_CONTRATADO_SERVICIOS_CIVILES,PRESTACIÓN SERVICIOS PROFESIONALES,2025-10-17,False
14501,DOCENTE_CONTRATADO_SERVICIOS_CIVILES,PRESTACIÓN SERVICIOS PROFESIONALES,2024-06-06,False
14522,DOCENTE_CONTRATADO_SERVICIOS_CIVILES,PRESTACIÓN SERVICIOS PROFESIONALES,2025-12-05,False
15674,DOCENTE_CONTRATADO_SERVICIOS_CIVILES,PRESTACIÓN SERVICIOS PROFESIONALES,2020-07-17,False
22917,DOCENTE_CONTRATADO_SERVICIOS_CIVILES,PRESTACIÓN SERVICIOS PROFESIONALES,2025-12-05,False
24701,DOCENTE_CONTRATADO_SERVICIOS_CIVILES,PRESTACIÓN SERVICIOS PROFESIONALES,2025-11-22,False
25190,DOCENTE_CONTRATADO_SERVICIOS_CIVILES,PRESTACIÓN SERVICIOS PROFESIONALES,2026-02-28,False
25644,DOCENTE_CONTRATADO_SERVICIOS_CIVILES,PRESTACIÓN SERVICIOS PROFESIONALES,2025-06-13,False
26237,DOCENTE_CONTRATADO_SERVICIOS_CIVILES,PRESTACIÓN SERVICIOS PROFESIONALES,2026-05-15,False
27278,DOCENTE_CONTRATADO_SERVICIOS_CIVILES,PRESTACIÓN SERVICIOS PROFESIONALES,2025-03-14,False
28279,DOCENTE_CONTRATADO_SERVICIOS_CIVILES,PRESTACIÓN SERVICIOS PROFESIONALES,2024-05-17,False
29773,DOCENTE_CONTRATADO_SERVICIOS_CIVILES,PRESTACIÓN SERVICIOS PROFESIONALES,2026-06-13,False
31223,DOCENTE_CONTRATADO_SERVICIOS_CIVILES,PRESTACIÓN SERVICIOS PROFESIONALES,2022-03-04,False
33699,DOCENTE_CONTRATADO_SERVICIOS_CIVILES,PRESTACIÓN SERVICIOS PROFESIONALES,2021-07-10,False
34097,DOCENTE_CONTRATADO_SERVICIOS_CIVILES,PRESTACIÓN SERVICIOS PROFESIONALES,2024-01-26,False
35420,DOCENTE_CONTRATADO_SERVICIOS_CIVILES,PRESTACIÓN SERVICIOS PROFESIONALES,2025-05-12,False
38124,DOCENTE_CONTRATADO_SERVICIOS_CIVILES,PRESTACIÓN SERVICIOS PROFESIONALES,2024-08-30,False
40260,DOCENTE_CONTRATADO_SERVICIOS_CIVILES,PRESTACIÓN SERVICIOS PROFESIONALES,2025-09-26,False
41765,DOCENTE_CONTRATADO_SERVICIOS_CIVILES,PRESTACIÓN SERVICIOS PROFESIONALES,2025-05-30,False
47205,DOCENTE_CONTRATADO_SERVICIOS_CIVILES,PRESTACIÓN SERVICIOS PROFESIONALES,2025-11-22,False
48828,DOCENTE_CONTRATADO_SERVICIOS_CIVILES,PRESTACIÓN SERVICIOS PROFESIONALES,2025-05-29,False
48972,DOCENTE_CONTRATADO_SERVICIOS_CIVILES,PRESTACIÓN SERVICIOS PROFESIONALES,2023-04-01,False
50529,DOCENTE_CONTRATADO_SERVICIOS_CIVILES,PRESTACIÓN SERVICIOS PROFESIONALES,2025-05-28,False
51163,DOCENTE_CONTRATADO_SERVICIOS_CIVILES,PRESTACIÓN SERVICIOS PROFESIONALES,2025-10-24,False
51414,DOCENTE_CONTRATADO_SERVICIOS_CIVILES,PRESTACIÓN SERVICIOS PROFESIONALES,2026-07-10,False
53130,DOCENTE_CONTRATADO_SERVICIOS_CIVILES,PRESTACIÓN SERVICIOS PROFESIONALES,2026-03-14,False
53513,DOCENTE_CONTRATADO_SERVICIOS_CIVILES,PRESTACIÓN SERVICIOS PROFESIONALES,2023-11-09,False
56109,DOCENTE_CONTRATADO_SERVICIOS_CIVILES,PRESTACIÓN SERVICIOS PROFESIONALES,2026-02-27,False
56148,DOCENTE_CONTRATADO_SERVICIOS_CIVILES,PRESTACIÓN SERVICIOS PROFESIONALES,2021-07-31,False
57381,DOCENTE_CONTRATADO_SERVICIOS_CIVILES,PRESTACIÓN SERVICIOS PROFESIONALES,2025-04-04,False
57815,DOCENTE_CONTRATADO_SERVICIOS_CIVILES,PRESTACIÓN SERVICIOS PROFESIONALES,2023-10-14,False
59834,DOCENTE_CONTRATADO_SERVICIOS_CIVILES,PRESTACIÓN SERVICIOS PROFESIONALES,2026-07-06,False
59980,DOCENTE_CONTRATADO_SERVICIOS_CIVILES,PRESTACIÓN SERVICIOS PROFESIONALES,2025-10-03,False
61032,DOCENTE_CONTRATADO_SERVICIOS_CIVILES,PRESTACIÓN SERVICIOS PROFESIONALES,2024-09-06,False
64241,DOCENTE_CONTRATADO_SERVICIOS_CIVILES,PRESTACIÓN SERVICIOS PROFESIONALES,2026-02-20,False
64242,DOCENTE_CONTRATADO_SERVICIOS_CIVILES,PRESTACIÓN SERVICIOS PROFESIONALES,2026-03-14,False
65898,DOCENTE_CONTRATADO_SERVICIOS_CIVILES,PRESTACIÓN SERVICIOS PROFESIONALES,2026-08-14,False
68319,DOCENTE_CONTRATADO_SERVICIOS_CIVILES,PRESTACIÓN SERVICIOS PROFESIONALES,2026-03-06,False
73836,DOCENTE_CONTRATADO_SERVICIOS_CIVILES,PRESTACIÓN SERVICIOS PROFESIONALES,2024-11-07,False
76434,DOCENTE_CONTRATADO_SERVICIOS_CIVILES,PRESTACIÓN SERVICIOS PROFESIONALES,2024-08-02,False
76446,DOCENTE_CONTRATADO_SERVICIOS_CIVILES,PRESTACIÓN SERVICIOS PROFESIONALES,2021-08-14,False
76682,DOCENTE_CONTRATADO_SERVICIOS_CIVILES,PRESTACIÓN SERVICIOS PROFESIONALES,2024-03-15,False
77078,DOCENTE_CONTRATADO_SERVICIOS_CIVILES,PRESTACIÓN SERVICIOS PROFESIONALES,2020-08-20,False
77113,DOCENTE_CONTRATADO_SERVICIOS_CIVILES,PRESTACIÓN SERVICIOS PROFESIONALES,2022-09-17,False
77158,DOCENTE_CONTRATADO_SERVICIOS_CIVILES,PRESTACIÓN SERVICIOS PROFESIONALES,2025-10-02,False
77233,DOCENTE_CONTRATADO_SERVICIOS_CIVILES,PRESTACIÓN SERVICIOS PROFESIONALES,2026-01-22,False
77277,DOCENTE_CONTRATADO_SERVICIOS_CIVILES,PRESTACIÓN SERVICIOS PROFESIONALES,2023-09-02,False
78961,DOCENTE_CONTRATADO_SERVICIOS_CIVILES,PRESTACIÓN SERVICIOS PROFESIONALES,2020-08-17,False
80019,DOCENTE_CONTRATADO_SERVICIOS_CIVILES,PRESTACIÓN SERVICIOS PROFESIONALES,2025-03-14,False
80283,DOCENTE_CONTRATADO_SERVICIOS_CIVILES,PRESTACIÓN SERVICIOS PROFESIONALES,2024-06-13,False
80858,DOCENTE_CONTRATADO_SERVICIOS_CIVILES,PRESTACIÓN SERVICIOS PROFESIONALES,2020-11-05,False
80991,DOCENTE_CONTRATADO_SERVICIOS_CIVILES,PRESTACIÓN SERVICIOS PROFESIONALES,2024-10-14,False
81013,DOCENTE_CONTRATADO_SERVICIOS_CIVILES,PRESTACIÓN SERVICIOS PROFESIONALES,2026-08-28,False
81016,DOCENTE_CONTRATADO_SERVICIOS_CIVILES,PRESTACIÓN SERVICIOS PROFESIONALES,2025-11-07,False
81019,DOCENTE_CONTRATADO_SERVICIOS_CIVILES,PRESTACIÓN SERVICIOS PROFESIONALES,2025-10-24,False
81163,DOCENTE_CONTRATADO_SERVICIOS_CIVILES,PRESTACIÓN SERVICIOS PROFESIONALES,2023-01-07,False
81254,DOCENTE_CONTRATADO_SERVICIOS_CIVILES,PRESTACIÓN SERVICIOS PROFESIONALES,2026-01-17,False
81260,DOCENTE_CONTRATADO_SERVICIOS_CIVILES,PRESTACIÓN SERVICIOS PROFESIONALES,2026-01-26,False
81396,DOCENTE_CONTRATADO_SERVICIOS_CIVILES,PRESTACIÓN SERVICIOS PROFESIONALES,2023-09-26,False
81409,DOCENTE_CONTRATADO_SERVICIOS_CIVILES,PRESTACIÓN SERVICIOS PROFESIONALES,2026-06-26,False
81436,DOCENTE_CONTRATADO_SERVICIOS_CIVILES,PRESTACIÓN SERVICIOS PROFESIONALES,2026-02-06,False
81645,DOCENTE_CONTRATADO_SERVICIOS_CIVILES,PRESTACIÓN SERVICIOS PROFESIONALES,2020-02-26,False
81646,DOCENTE_CONTRATADO_SERVICIOS_CIVILES,PRESTACIÓN SERVICIOS PROFESIONALES,2020-10-01,False
81647,DOCENTE_CONTRATADO_SERVICIOS_CIVILES,PRESTACIÓN SERVICIOS PROFESIONALES,2020-01-09,False
82037,DOCENTE_CONTRATADO_SERVICIOS_CIVILES,PRESTACIÓN SERVICIOS PROFESIONALES,2025-05-30,False
86475,DOCENTE_CONTRATADO_SERVICIOS_CIVILES,PRESTACIÓN SERVICIOS PROFESIONALES,2026-06-13,False
90756,DOCENTE_CONTRATADO_SERVICIOS_CIVILES,PRESTACIÓN SERVICIOS PROFESIONALES,2023-09-30,False
90850,DOCENTE_CONTRATADO_SERVICIOS_CIVILES,PRESTACIÓN SERVICIOS PROFESIONALES,2024-10-31,False
91509,DOCENTE_CONTRATADO_SERVICIOS_CIVILES,PRESTACIÓN SERVICIOS PROFESIONALES,2020-05-08,False
95249,DOCENTE_CONTRATADO_SERVICIOS_CIVILES,PRESTACIÓN SERVICIOS PROFESIONALES,2025-10-28,False
95270,DOCENTE_CONTRATADO_SERVICIOS_CIVILES,PRESTACIÓN SERVICIOS PROFESIONALES,2020-10-22,False
95409,DOCENTE_CONTRATADO_SERVICIOS_CIVILES,PRESTACIÓN SERVICIOS PROFESIONALES,2020-03-23,False
96280,DOCENTE_CONTRATADO_SERVICIOS_CIVILES,PRESTACIÓN SERVICIOS PROFESIONALES,2024-09-23,False
96462,DOCENTE_CONTRATADO_SERVICIOS_CIVILES,PRESTACIÓN SERVICIOS PROFESIONALES,2025-09-26,False
97469,DOCENTE_CONTRATADO_SERVICIOS_CIVILES,PRESTACIÓN SERVICIOS PROFESIONALES,2020-07-16,False
97553,DOCENTE_CONTRATADO_SERVICIOS_CIVILES,PRESTACIÓN SERVICIOS PROFESIONALES,2026-04-28,False
97565,DOCENTE_CONTRATADO_SERVICIOS_CIVILES,PRESTACIÓN SERVICIOS PROFESIONALES,2026-03-23,False
97654,DOCENTE_CONTRATADO_SERVICIOS_CIVILES,PRESTACIÓN SERVICIOS PROFESIONALES,2020-10-01,False
97998,DOCENTE_CONTRATADO_SERVICIOS_CIVILES,PRESTACIÓN SERVICIOS PROFESIONALES,2023-04-15,False
98026,DOCENTE_CONTRATADO_SERVICIOS_CIVILES,PRESTACIÓN SERVICIOS PROFESIONALES,2026-08-27,False
98998,DOCENTE_CONTRATADO_SERVICIOS_CIVILES,PRESTACIÓN SERVICIOS PROFESIONALES,2020-08-15,False
99033,DOCENTE_CONTRATADO_SERVICIOS_CIVILES,PRESTACIÓN SERVICIOS PROFESIONALES,2024-05-27,False
101231,DOCENTE_CONTRATADO_SERVICIOS_CIVILES,PRESTACIÓN SERVICIOS PROFESIONALES,2023-02-03,False
102079,DOCENTE_CONTRATADO_SERVICIOS_CIVILES,PRESTACIÓN SERVICIOS PROFESIONALES,2020-06-01,False
102083,DOCENTE_CONTRATADO_SERVICIOS_CIVILES,PRESTACIÓN SERVICIOS PROFESIONALES,2022-10-04,False
638442,DOCENTE_CONTRATADO_SERVICIOS_CIVILES,PRESTACIÓN SERVICIOS PROFESIONALES,2024-08-25,False
638476,DOCENTE_CONTRATADO_SERVICIOS_CIVILES,PRESTACIÓN SERVICIOS PROFESIONALES,2026-05-04,False
642590,DOCENTE_CONTRATADO_SERVICIOS_CIVILES,PRESTACIÓN SERVICIOS PROFESIONALES,2026-08-21,False
645561,DOCENTE_CONTRATADO_SERVICIOS_CIVILES,PRESTACIÓN SERVICIOS PROFESIONALES,2026-04-09,False
646990,DOCENTE_CONTRATADO_SERVICIOS_CIVILES,PRESTACIÓN SERVICIOS PROFESIONALES,2025-09-29,False
649224,DOCENTE_CONTRATADO_SERVICIOS_CIVILES,PRESTACIÓN SERVICIOS PROFESIONALES,2020-10-19,False
649250,DOCENTE_CONTRATADO_SERVICIOS_CIVILES,PRESTACIÓN SERVICIOS PROFESIONALES,2024-01-15,False
650508,DOCENTE_CONTRATADO_SERVICIOS_CIVILES,PRESTACIÓN SERVICIOS PROFESIONALES,2026-04-11,False
651062,DOCENTE_CONTRATADO_SERVICIOS_CIVILES,PRESTACIÓN SERVICIOS PROFESIONALES,2020-08-21,False
651097,DOCENTE_CONTRATADO_SERVICIOS_CIVILES,PRESTACIÓN SERVICIOS PROFESIONALES,2023-05-15,False
651367,DOCENTE_CONTRATADO_SERVICIOS_CIVILES,PRESTACIÓN SERVICIOS PROFESIONALES,2026-08-06,False
651390,DOCENTE_CONTRATADO_SERVICIOS_CIVILES,PRESTACIÓN SERVICIOS PROFESIONALES,2025-09-29,False
652452,DOCENTE_CONTRATADO_SERVICIOS_CIVILES,PRESTACIÓN SERVICIOS PROFESIONALES,2023-09-02,False
652532,DOCENTE_CONTRATADO_SERVICIOS_CIVILES,PRESTACIÓN SERVICIOS PROFESIONALES,2026-01-31,False
652583,DOCENTE_CONTRATADO_SERVICIOS_CIVILES,PRESTACIÓN SERVICIOS PROFESIONALES,2024-05-13,False
652874,DOCENTE_CONTRATADO_SERVICIOS_CIVILES,PRESTACIÓN SERVICIOS PROFESIONALES,2021-11-05,False
652919,DOCENTE_CONTRATADO_SERVICIOS_CIVILES,PRESTACIÓN SERVICIOS PROFESIONALES,2026-06-11,False
652979,DOCENTE_CONTRATADO_SERVICIOS_CIVILES,PRESTACIÓN SERVICIOS PROFESIONALES,2021-08-17,False
652981,DOCENTE_CONTRATADO_SERVICIOS_CIVILES,PRESTACIÓN SERVICIOS PROFESIONALES,2021-06-15,False
652982,DOCENTE_CONTRATADO_SERVICIOS_CIVILES,PRESTACIÓN SERVICIOS PROFESIONALES,2026-05-26,False
652983,DOCENTE_CONTRATADO_SERVICIOS_CIVILES,PRESTACIÓN SERVICIOS PROFESIONALES,2020-11-09,False
652988,DOCENTE_CONTRATADO_SERVICIOS_CIVILES,PRESTACIÓN SERVICIOS PROFESIONALES,2021-05-27,False
653506,DOCENTE_CONTRATADO_SERVICIOS_CIVILES,PRESTACIÓN SERVICIOS PROFESIONALES,2022-06-23,False
653768,DOCENTE_CONTRATADO_SERVICIOS_CIVILES,PRESTACIÓN SERVICIOS PROFESIONALES,2020-01-09,False
653856,DOCENTE_CONTRATADO_SERVICIOS_CIVILES,PRESTACIÓN SERVICIOS PROFESIONALES,2024-02-02,False
654473,DOCENTE_CONTRATADO_SERVICIOS_CIVILES,PRESTACIÓN SERVICIOS PROFESIONALES,2021-11-30,False
654489,DOCENTE_CONTRATADO_SERVICIOS_CIVILES,PRESTACIÓN SERVICIOS PROFESIONALES,2025-07-25,False
656007,DOCENTE_CONTRATADO_SERVICIOS_CIVILES,PRESTACIÓN SERVICIOS PROFESIONALES,2026-07-02,False
656051,DOCENTE_CONTRATADO_SERVICIOS_CIVILES,PRESTACIÓN SERVICIOS PROFESIONALES,2020-01-29,False
656058,DOCENTE_CONTRATADO_SERVICIOS_CIVILES,PRESTACIÓN SERVICIOS PROFESIONALES,2025-08-01,False
656757,DOCENTE_CONTRATADO_SERVICIOS_CIVILES,PRESTACIÓN SERVICIOS PROFESIONALES,2023-07-17,False
656758,DOCENTE_CONTRATADO_SERVICIOS_CIVILES,PRESTACIÓN SERVICIOS PROFESIONALES,2023-09-11,False
656759,DOCENTE_CONTRATADO_SERVICIOS_CIVILES,PRESTACIÓN SERVICIOS PROFESIONALES,2020-11-23,False
656760,DOCENTE_CONTRATADO_SERVICIOS_CIVILES,PRESTACIÓN SERVICIOS PROFESIONALES,2023-02-13,False
656761,DOCENTE_CONTRATADO_SERVICIOS_CIVILES,PRESTACIÓN SERVICIOS PROFESIONALES,2021-04-19,False
656762,DOCENTE_CONTRATADO_SERVICIOS_CIVILES,PRESTACIÓN SERVICIOS PROFESIONALES,2023-01-23,False
656763,DOCENTE_CONTRATADO_SERVICIOS_CIVILES,PRESTACIÓN SERVICIOS PROFESIONALES,2025-08-14,False
656771,DOCENTE_CONTRATADO_SERVICIOS_CIVILES,PRESTACIÓN SERVICIOS PROFESIONALES,2023-06-16,False
656773,DOCENTE_CONTRATADO_SERVICIOS_CIVILES,PRESTACIÓN SERVICIOS PROFESIONALES,2020-05-11,False
656787,DOCENTE_CONTRATADO_SERVICIOS_CIVILES,PRESTACIÓN SERVICIOS PROFESIONALES,2025-08-29,False
656801,DOCENTE_CONTRATADO_SERVICIOS_CIVILES,PRESTACIÓN SERVICIOS PROFESIONALES,2021-08-06,False
656803,DOCENTE_CONTRATADO_SERVICIOS_CIVILES,PRESTACIÓN SERVICIOS PROFESIONALES,2023-10-27,False
658058,DOCENTE_CONTRATADO_SERVICIOS_CIVILES,PRESTACIÓN SERVICIOS PROFESIONALES,2026-06-13,False
658119,DOCENTE_CONTRATADO_SERVICIOS_CIVILES,PRESTACIÓN SERVICIOS PROFESIONALES,2023-04-11,False
658141,DOCENTE_CONTRATADO_SERVICIOS_CIVILES,PRESTACIÓN SERVICIOS PROFESIONALES,2024-04-05,False
658170,DOCENTE_CONTRATADO_SERVICIOS_CIVILES,PRESTACIÓN SERVICIOS PROFESIONALES,2026-05-15,False
658171,DOCENTE_CONTRATADO_SERVICIOS_CIVILES,PRESTACIÓN SERVICIOS PROFESIONALES,2026-01-30,False
658172,DOCENTE_CONTRATADO_SERVICIOS_CIVILES,PRESTACIÓN SERVICIOS PROFESIONALES,2026-04-10,False
658207,DOCENTE_CONTRATADO_SERVICIOS_CIVILES,PRESTACIÓN SERVICIOS PROFESIONALES,2025-11-14,False
658208,DOCENTE_CONTRATADO_SERVICIOS_CIVILES,PRESTACIÓN SERVICIOS PROFESIONALES,2026-03-20,False
658351,DOCENTE_CONTRATADO_SERVICIOS_CIVILES,PRESTACIÓN SERVICIOS PROFESIONALES,2026-05-22,False
658660,DOCENTE_CONTRATADO_SERVICIOS_CIVILES,PRESTACIÓN SERVICIOS PROFESIONALES,2021-12-11,False
658661,DOCENTE_CONTRATADO_SERVICIOS_CIVILES,PRESTACIÓN SERVICIOS PROFESIONALES,2021-10-30,False
658662,DOCENTE_CONTRATADO_SERVICIOS_CIVILES,PRESTACIÓN SERVICIOS PROFESIONALES,2023-08-05,False
658688,DOCENTE_CONTRATADO_SERVICIOS_CIVILES,PRESTACIÓN SERVICIOS PROFESIONALES,2026-02-06,False
658710,DOCENTE_CONTRATADO_SERVICIOS_CIVILES,PRESTACIÓN SERVICIOS PROFESIONALES,2021-07-23,False
658711,DOCENTE_CONTRATADO_SERVICIOS_CIVILES,PRESTACIÓN SERVICIOS PROFESIONALES,2021-05-28,False
658712,DOCENTE_CONTRATADO_SERVICIOS_CIVILES,PRESTACIÓN SERVICIOS PROFESIONALES,2025-07-19,False
659206,DOCENTE_CONTRATADO_SERVICIOS_CIVILES,PRESTACIÓN SERVICIOS PROFESIONALES,2026-02-19,False
659207,DOCENTE_CONTRATADO_SERVICIOS_CIVILES,PRESTACIÓN SERVICIOS PROFESIONALES,2025-10-30,False
659216,DOCENTE_CONTRATADO_SERVICIOS_CIVILES,PRESTACIÓN SERVICIOS PROFESIONALES,2022-01-13,False
659583,DOCENTE_CONTRATADO_SERVICIOS_CIVILES,PRESTACIÓN SERVICIOS PROFESIONALES,2026-03-11,False
659598,DOCENTE_CONTRATADO_SERVICIOS_CIVILES,PRESTACIÓN SERVICIOS PROFESIONALES,2021-04-30,False
659599,DOCENTE_CONTRATADO_SERVICIOS_CIVILES,PRESTACIÓN SERVICIOS PROFESIONALES,2021-12-17,False
659600,DOCENTE_CONTRATADO_SERVICIOS_CIVILES,PRESTACIÓN SERVICIOS PROFESIONALES,2026-06-05,False
659601,DOCENTE_CONTRATADO_SERVICIOS_CIVILES,PRESTACIÓN SERVICIOS PROFESIONALES,2022-02-11,False
659602,DOCENTE_CONTRATADO_SERVICIOS_CIVILES,PRESTACIÓN SERVICIOS PROFESIONALES,2026-06-12,False
659603,DOCENTE_CONTRATADO_SERVICIOS_CIVILES,PRESTACIÓN SERVICIOS PROFESIONALES,2026-02-02,False
659604,DOCENTE_CONTRATADO_SERVICIOS_CIVILES,PRESTACIÓN SERVICIOS PROFESIONALES,2026-04-10,False
659606,DOCENTE_CONTRATADO_SERVICIOS_CIVILES,PRESTACIÓN SERVICIOS PROFESIONALES,2022-05-27,False
659607,DOCENTE_CONTRATADO_SERVICIOS_CIVILES,PRESTACIÓN SERVICIOS PROFESIONALES,2021-12-09,False
659609,DOCENTE_CONTRATADO_SERVICIOS_CIVILES,PRESTACIÓN SERVICIOS PROFESIONALES,2023-08-26,False
659610,DOCENTE_CONTRATADO_SERVICIOS_CIVILES,PRESTACIÓN SERVICIOS PROFESIONALES,2023-07-15,False
659612,DOCENTE_CONTRATADO_SERVICIOS_CIVILES,PRESTACIÓN SERVICIOS PROFESIONALES,2021-12-10,False
659616,DOCENTE_CONTRATADO_SERVICIOS_CIVILES,PRESTACIÓN SERVICIOS PROFESIONALES,2021-06-25,False
659617,DOCENTE_CONTRATADO_SERVICIOS_CIVILES,PRESTACIÓN SERVICIOS PROFESIONALES,2021-10-15,False
659618,DOCENTE_CONTRATADO_SERVICIOS_CIVILES,PRESTACIÓN SERVICIOS PROFESIONALES,2022-03-04,False
660645,DOCENTE_CONTRATADO_SERVICIOS_CIVILES,PRESTACIÓN SERVICIOS PROFESIONALES,2026-05-09,False
660646,DOCENTE_CONTRATADO_SERVICIOS_CIVILES,PRESTACIÓN SERVICIOS PROFESIONALES,2021-07-31,False
660699,DOCENTE_CONTRATADO_SERVICIOS_CIVILES,PRESTACIÓN SERVICIOS PROFESIONALES,2023-08-19,False
660701,DOCENTE_CONTRATADO_SERVICIOS_CIVILES,PRESTACIÓN SERVICIOS PROFESIONALES,2026-01-09,False
660718,DOCENTE_CONTRATADO_SERVICIOS_CIVILES,PRESTACIÓN SERVICIOS PROFESIONALES,2026-06-26,False
662057,DOCENTE_CONTRATADO_SERVICIOS_CIVILES,PRESTACIÓN SERVICIOS PROFESIONALES,2025-05-30,False
662102,DOCENTE_CONTRATADO_SERVICIOS_CIVILES,PRESTACIÓN SERVICIOS PROFESIONALES,2021-12-03,False
662169,DOCENTE_CONTRATADO_SERVICIOS_CIVILES,PRESTACIÓN SERVICIOS PROFESIONALES,2022-01-11,False
662180,DOCENTE_CONTRATADO_SERVICIOS_CIVILES,PRESTACIÓN SERVICIOS PROFESIONALES,2022-02-18,False
662185,DOCENTE_CONTRATADO_SERVICIOS_CIVILES,PRESTACIÓN SERVICIOS PROFESIONALES,2022-02-11,False
662186,DOCENTE_CONTRATADO_SERVICIOS_CIVILES,PRESTACIÓN SERVICIOS PROFESIONALES,2026-07-04,False
662189,DOCENTE_CONTRATADO_SERVICIOS_CIVILES,PRESTACIÓN SERVICIOS PROFESIONALES,2023-06-09,False
662454,DOCENTE_CONTRATADO_SERVICIOS_CIVILES,PRESTACIÓN SERVICIOS PROFESIONALES,2024-02-06,False
662461,DOCENTE_CONTRATADO_SERVICIOS_CIVILES,PRESTACIÓN SERVICIOS PROFESIONALES,2026-03-20,False
662514,DOCENTE_CONTRATADO_SERVICIOS_CIVILES,PRESTACIÓN SERVICIOS PROFESIONALES,2026-05-08,False
662515,DOCENTE_CONTRATADO_SERVICIOS_CIVILES,PRESTACIÓN SERVICIOS PROFESIONALES,2026-05-08,False
662715,DOCENTE_CONTRATADO_SERVICIOS_CIVILES,PRESTACIÓN SERVICIOS PROFESIONALES,2022-06-03,False
662720,DOCENTE_CONTRATADO_SERVICIOS_CIVILES,PRESTACIÓN SERVICIOS PROFESIONALES,2026-08-20,False
662838,DOCENTE_CONTRATADO_SERVICIOS_CIVILES,PRESTACIÓN SERVICIOS PROFESIONALES,2026-07-31,False
663139,DOCENTE_CONTRATADO_SERVICIOS_CIVILES,PRESTACIÓN SERVICIOS PROFESIONALES,2026-01-27,False
663950,DOCENTE_CONTRATADO_SERVICIOS_CIVILES,PRESTACIÓN SERVICIOS PROFESIONALES,2026-04-06,False
664137,DOCENTE_CONTRATADO_SERVICIOS_CIVILES,PRESTACIÓN SERVICIOS PROFESIONALES,2026-06-30,False
669374,DOCENTE_CONTRATADO_SERVICIOS_CIVILES,PRESTACIÓN SERVICIOS PROFESIONALES,2025-07-27,False
38,DOCENTE_HONORARIO_ESPECIAL,PROFESOR HONORARIO,2023-01-01,False
40,DOCENTE_HONORARIO_ESPECIAL,PROFESOR HONORARIO,2023-10-02,False
256,DOCENTE_HONORARIO_ESPECIAL,PROFESOR HONORARIO,2019-09-30,False
452,DOCENTE_HONORARIO_ESPECIAL,PROFESOR HONORARIO,2024-06-05,False
489,DOCENTE_HONORARIO_ESPECIAL,PROFESOR HONORARIO,2021-05-17,False
960,DOCENTE_HONORARIO_ESPECIAL,PROFESOR INVITADO,2022-05-16,False
1024,DOCENTE_HONORARIO_ESPECIAL,PROFESOR INVITADO,2025-01-06,False
1298,DOCENTE_HONORARIO_ESPECIAL,PROFESOR INVITADO,2024-09-30,False
1533,DOCENTE_HONORARIO_ESPECIAL,PROFESOR INVITADO,2025-08-04,False
2469,DOCENTE_HONORARIO_ESPECIAL,PROFESOR INVITADO,2025-01-06,False
2600,DOCENTE_HONORARIO_ESPECIAL,PROFESOR INVITADO,2022-06-01,False
2638,DOCENTE_HONORARIO_ESPECIAL,PROFESOR INVITADO,2025-01-02,False
3436,DOCENTE_HONORARIO_ESPECIAL,PROFESOR HONORARIO,2019-09-30,False
3581,DOCENTE_HONORARIO_ESPECIAL,PROFESOR INVITADO,2025-01-06,False
4427,DOCENTE_HONORARIO_ESPECIAL,PROFESOR INVITADO,2019-10-14,False
7772,DOCENTE_HONORARIO_ESPECIAL,PROFESOR INVITADO,2019-09-30,False
8052,DOCENTE_HONORARIO_ESPECIAL,PROFESOR INVITADO,2024-08-02,False
25068,DOCENTE_HONORARIO_ESPECIAL,PROFESOR INVITADO,2022-01-01,False
29657,DOCENTE_HONORARIO_ESPECIAL,PROFESOR INVITADO,2019-09-30,False
36519,DOCENTE_HONORARIO_ESPECIAL,PROFESOR INVITADO,2025-11-10,False
47677,DOCENTE_HONORARIO_ESPECIAL,PROFESOR INVITADO,2026-01-05,False
56565,DOCENTE_HONORARIO_ESPECIAL,PROFESOR INVITADO,2026-06-22,False
57930,DOCENTE_HONORARIO_ESPECIAL,PROFESOR INVITADO,2026-05-13,False
58670,DOCENTE_HONORARIO_ESPECIAL,PROFESOR INVITADO,2019-09-30,False
64234,DOCENTE_HONORARIO_ESPECIAL,PROFESOR INVITADO,2025-07-07,False
73830,DOCENTE_HONORARIO_ESPECIAL,PROFESOR INVITADO,2025-11-10,False
73831,DOCENTE_HONORARIO_ESPECIAL,PROFESOR HONORARIO,2024-08-12,False
74288,DOCENTE_HONORARIO_ESPECIAL,PROFESOR INVITADO,2025-06-23,False
75799,DOCENTE_HONORARIO_ESPECIAL,PROFESOR INVITADO,2026-01-05,False
76886,DOCENTE_HONORARIO_ESPECIAL,PROFESOR INVITADO,2026-05-11,False
78668,DOCENTE_HONORARIO_ESPECIAL,PROFESOR INVITADO,2026-01-05,False
78781,DOCENTE_HONORARIO_ESPECIAL,PROFESOR INVITADO,2026-01-05,False
98963,DOCENTE_HONORARIO_ESPECIAL,PROFESOR INVITADO,2021-01-01,False
639790,DOCENTE_HONORARIO_ESPECIAL,PROFESOR INVITADO,2025-11-17,False
643645,DOCENTE_HONORARIO_ESPECIAL,PROFESOR INVITADO,2021-05-17,False
645979,DOCENTE_HONORARIO_ESPECIAL,PROFESOR INVITADO,2026-01-05,False
654103,DOCENTE_HONORARIO_ESPECIAL,PROFESOR INVITADO,2025-04-08,False
655992,DOCENTE_HONORARIO_ESPECIAL,PROFESOR INVITADO,2019-09-30,False
660678,DOCENTE_HONORARIO_ESPECIAL,PROFESOR INVITADO,2021-08-06,False
663923,DOCENTE_HONORARIO_ESPECIAL,PROFESOR INVITADO,2026-05-11,False
683663,DOCENTE_HONORARIO_ESPECIAL,PROFESOR INVITADO,2025-11-11,False
683803,DOCENTE_HONORARIO_ESPECIAL,PROFESOR INVITADO,2025-11-17,False
2204,SIN_HISTORIAL_LABORAL,,,False
48952,SIN_HISTORIAL_LABORAL,,,False
58818,SIN_HISTORIAL_LABORAL,,,False
647592,SIN_HISTORIAL_LABORAL,,,False
653803,SIN_HISTORIAL_LABORAL,,,False
