TIPO_CLUSTERING,RAMA,CLUSTER_RAMA,NOMBRE_PERFIL,DESCRIPCION,N_PERSONAS
estructurado,ADMINISTRATIVO,0,Tecnicos especializados de paso breve,"Personal tecnico (ejecucion de actividades, proyectos e investigacion) con muy poca antiguedad efectiva (mediana menor a 1 ano) y casi todos ya desvinculados. Perfil de entrada operativa de corta duracion.",178
estructurado,ADMINISTRATIVO,1,Profesionales de servicios de ingreso reciente,"Servicios profesionales, asistentes y analistas junior con antiguedad media (~3 anios) y mayor proporcion de personal aun vigente. Formacion mayoritariamente de cuarto nivel.",150
estructurado,ADMINISTRATIVO,2,Analistas de laboratorio con produccion investigativa,"Grupo pequeno y distintivo: analistas de laboratorio de investigacion con publicaciones, proyectos de investigacion y muchas capacitaciones, algo inusual para personal administrativo. Mayor antiguedad y experiencia administrativa que el promedio de la rama.",37
estructurado,ADMINISTRATIVO,3,Analistas y asistentes administrativos de carrera,"El grupo mas grande: analistas y asistentes ejecutivos con alta antiguedad (~10 anios), varios cargos distintos recorridos dentro de la institucion y muchas capacitaciones. Nucleo estable de la planta administrativa.",235
estructurado,ADMINISTRATIVO,4,Personal de servicios generales y auxiliares de planta,"Auxiliares de servicios, mantenimiento y asistentes ejecutivas con menor nivel academico formal (bachillerato predominante) pero alta antiguedad efectiva. Roles operativos y de soporte fisico a la institucion.",155
estructurado,ADMINISTRATIVO,5,Personal tecnico-docente hibrido,Grupo pequeno con trayectoria mixta: combinan cargos administrativos con periodos de docencia y alta diversidad de cargos distintos. Perfil de rotacion amplia entre funciones tecnicas y academicas.,44
estructurado,DOCENTE,0,Tecnicos docentes y de laboratorio de ingreso reciente,"El grupo mas grande de la rama docente: tecnicos de investigacion y de laboratorio con muy poca antiguedad, sin publicaciones ni horas de docencia registradas. Personal de apoyo tecnico clasificado administrativamente como TIPOEMPLEADO docente por su cargo, no por labor de catedra.",572
estructurado,DOCENTE,1,Autoridades y profesores titulares consolidados,"Profesores titulares agregados y principales, con la mayor produccion de publicaciones indexadas, proyectos de investigacion y horas de docencia de toda la rama, y varios decanos. Perfil de docencia e investigacion consolidada con mas de 10 anios de antiguedad.",221
estructurado,DOCENTE,2,Docentes ocasionales de trayectoria media,"Profesores no titulares ocasionales (tiempo completo y parcial) con antiguedad y horas de docencia cercanas a la mediana de la rama, sin produccion de investigacion destacada. Perfil docente de dedicacion estandar sin indicios de estabilizacion aun.",482
estructurado,DOCENTE,3,Profesores titulares de larga trayectoria,"El grupo con mayor antiguedad de toda la institucion (mediana cercana a 20 anios) y con mayor numero de cargos distintos recorridos, incluye profesores titulares principales y decanos. Perfil de docentes historicos con acumulacion de experiencia academica y administrativa.",176
estructurado,DOCENTE,4,Docentes ocasionales con vinculacion y produccion activa,"Profesores no titulares ocasionales y titulares auxiliares con alto volumen de horas de docencia y la mayor participacion en proyectos de vinculacion con la sociedad de toda la rama, junto con reconocimientos institucionales.",226
semantico,ADMINISTRATIVO,0,Tecnicos de sistemas en formacion (GTSI),"Ingenieros en Ciencias de la Computacion recien graduados que ingresan como tecnicos o analistas de desarrollo en la Gerencia de Tecnologias y Sistemas de Informacion (GTSI). Perfil joven, orientado a desarrollo de software y proyectos tecnologicos.",83
semantico,ADMINISTRATIVO,1,Tecnicos de apoyo a la investigacion (DINV),"Ingenieros recien graduados (computacion, estadistica, telematica) que ingresan como tecnicos de ejecucion de actividades o proyectos de investigacion en el Decanato de Investigacion (DINV). Trayectorias cortas, de primer empleo institucional.",102
semantico,ADMINISTRATIVO,2,Analistas financieros y de talento humano,"Analistas y asistentes de la Gerencia Financiera (GFIN) y de la Direccion de Talento Humano (DTH), con formacion en finanzas, contabilidad o gestion empresarial. Varias trayectorias describen alta estabilidad y baja rotacion entre cargos.",101
semantico,ADMINISTRATIVO,3,Personal de bienestar y gestion de talento humano,"Trayectorias con multiples roles de soporte administrativo (recepcion, secretaria, asistencia) que evolucionan hacia analista de bienestar politecnico o de talento humano, en Seguridad y Salud Ocupacional (DSSO) y Talento Humano (DTH). Alta diversidad de cargos recorridos.",115
semantico,ADMINISTRATIVO,4,Personal de formacion academica y capacitacion (CISE),"Analistas y asistentes del Centro de Investigaciones y Servicios Educativos (CISE) vinculados a actividades de capacitacion, formacion academica y comunicacion institucional.",67
semantico,ADMINISTRATIVO,5,Analistas de laboratorio con posgrado aplicado,"Analistas de laboratorio de investigacion con maestrias o doctorados en areas aplicadas (biotecnologia, ciencias ambientales, acuicultura), en centros como CIBE y CENAIM. Trayectorias con alta diversidad de roles antes de estabilizarse en el cargo tecnico-cientifico.",63
semantico,ADMINISTRATIVO,6,Personal administrativo de trayectoria historica larga,"Trayectorias muy extensas (varias decadas) que inician en cargos operativos basicos (digitador, auxiliar, cajera, oficinista) y culminan en cargos de analista financiero o de activos fijos. Alta antiguedad institucional y multiples cargos distintos.",94
semantico,ADMINISTRATIVO,7,Analistas de planificacion y gestion de proyectos,"Analistas administrativos, de planificacion y de proyectos con formacion de posgrado (gestion de proyectos, finanzas), en unidades como Infraestructura Fisica (GIF) y Tecnologias de la Informacion (CTI). Trayectorias estables con crecimiento hacia roles de coordinacion.",141
semantico,ADMINISTRATIVO,8,Personal de servicios generales y mantenimiento,"Auxiliares de servicios, mantenimiento y choferes de la Direccion de Servicios Generales (DSG), con formacion de bachillerato y capacitaciones orientadas a seguridad ocupacional y manejo de materiales.",33
semantico,DOCENTE,0,Docentes de ciencias sociales y humanisticas,"Profesores no titulares ocasionales de la Facultad de Ciencias Sociales y Humanisticas (FCSH), con trayectorias largas que combinan docencia de pregrado con direccion de tesis desde inicios de los 2000.",171
semantico,DOCENTE,1,Tecnicos docentes de ingenieria mecanica en formacion,"Ingenieros mecanicos, industriales y mecatronicos recien graduados que ingresan como tecnicos docentes o de laboratorio en la Facultad de Ingenieria Mecanica (FIMCP), con materias de fluidos, termodinamica e instrumentacion.",116
semantico,DOCENTE,2,Tecnicos de laboratorio de ciencias exactas,"Tecnicos de laboratorio e investigacion de la Facultad de Ciencias Naturales y Matematicas (FCNM), con posgrados en fisica, estadistica o ciencias de la tierra, vinculados a proyectos de investigacion en curso.",220
semantico,DOCENTE,3,Tecnicos de laboratorio con investigacion ambiental aplicada,"Tecnicos de laboratorio con maestrias en cambio climatico, ciencias de la tierra o quimica, vinculados a centros de investigacion aplicada (CADS, FICT), con participacion activa en proyectos de agua y ambiente.",292
semantico,DOCENTE,4,Tecnicos docentes de admisiones,"Ingenieros recien graduados (civil, telematica, computacion) que ingresan brevemente como tecnicos docentes en la Direccion de Admisiones (ADM), perfil de trayectoria corta y puntual.",106
semantico,DOCENTE,5,Docentes-investigadores con posgrado internacional,"Profesores no titulares ocasionales y titulares con doctorados o maestrias obtenidos en el exterior (Ghent University, Tottori University), con trayectorias de alta estabilidad en Ciencias Naturales y Ciencias de la Vida.",145
semantico,DOCENTE,6,Tecnicos docentes de biologia recien graduados,"Biologos e ingenieros agricolas recien graduados que ingresan como tecnicos de laboratorio en la Facultad de Ciencias de la Vida (FCV). Trayectorias muy cortas, de primer empleo.",60
semantico,DOCENTE,7,Profesionales tecnicos jovenes con proyectos de innovacion,"Perfil tecnico-docente joven vinculado a proyectos de innovacion y emprendimiento, con formacion de posgrado reciente y participacion en iniciativas interdisciplinarias.",146
semantico,DOCENTE,8,Personal administrativo-docente de gestion interna estable,"Trayectorias estables de larga duracion que combinan funciones administrativas y de coordinacion dentro de facultades, con baja rotacion entre cargos.",286
semantico,DOCENTE,9,Trayectorias historicas muy fragmentadas,Personal con antiguedad institucional muy alta y trayectorias fragmentadas en muchos cargos y unidades distintas a lo largo de decadas.,70
semantico,DOCENTE,10,Docentes de ingenieria en transicion hacia la titularidad,"Profesores no titulares ocasionales de facultades de ingenieria en proceso de consolidacion academica, con publicaciones y proyectos en curso hacia la titularidad.",65
