IDPERSONA,N_REGISTROS_TEXTO,N_FUENTES_DISTINTAS,LONGITUD_TOTAL_CARACTERES
452,24.0,6.0,1752.0
970,7.0,1.0,1281.0
492,50.0,3.0,7921.0
256,9.0,1.0,561.0
98983,3.0,2.0,30.0
3436,8.0,2.0,1175.0
656762,0.0,0.0,0.0
654445,0.0,0.0,0.0
91509,19.0,1.0,3318.0
6364,3.0,2.0,150.0
315,0.0,0.0,0.0
659616,1.0,1.0,8.0
489,14.0,3.0,566.0
651104,43.0,6.0,4090.0
5522,91.0,3.0,12095.0
274,119.0,7.0,12954.0
81647,2.0,2.0,247.0
98950,27.0,2.0,1502.0
95409,4.0,1.0,172.0
3439,35.0,2.0,2302.0
266,32.0,2.0,1459.0
519,0.0,0.0,0.0
38,9.0,4.0,862.0
5821,4.0,2.0,489.0
568,25.0,3.0,928.0
97530,26.0,6.0,1592.0
656761,1.0,1.0,138.0
592,0.0,0.0,0.0
656787,1.0,1.0,8.0
81013,0.0,0.0,0.0
541,37.0,3.0,2280.0
597,20.0,3.0,2234.0
15674,0.0,0.0,0.0
652452,0.0,0.0,0.0
594,1.0,1.0,51.0
529,63.0,7.0,4660.0
78781,12.0,6.0,1495.0
101231,5.0,3.0,378.0
15548,5.0,1.0,59.0
81646,16.0,2.0,3568.0
10308,0.0,0.0,0.0
654508,1.0,1.0,28.0
398,61.0,4.0,3507.0
618,6.0,2.0,255.0
662103,0.0,0.0,0.0
425,4.0,2.0,224.0
645695,1.0,1.0,15.0
59059,43.0,3.0,3125.0
414,39.0,3.0,1812.0
419,35.0,5.0,1954.0
641,10.0,1.0,489.0
97998,0.0,0.0,0.0
7772,1.0,1.0,127.0
654387,9.0,4.0,269.0
3445,23.0,3.0,955.0
215,4.0,3.0,308.0
3581,4.0,2.0,85.0
653,43.0,4.0,4460.0
3303,10.0,4.0,629.0
3678,52.0,5.0,3725.0
648616,11.0,4.0,678.0
716,19.0,3.0,1089.0
3454,21.0,5.0,1858.0
3578,50.0,7.0,6326.0
648639,9.0,4.0,575.0
656,34.0,2.0,1350.0
6847,114.0,6.0,7619.0
3680,26.0,5.0,1542.0
649047,9.0,2.0,389.0
3309,151.0,5.0,7330.0
671,69.0,5.0,3729.0
692,14.0,3.0,1174.0
653010,43.0,7.0,2665.0
3310,129.0,7.0,7846.0
76434,0.0,0.0,0.0
709,52.0,7.0,5319.0
39,0.0,0.0,0.0
6811,61.0,4.0,4541.0
3757,4.0,1.0,147.0
725,37.0,7.0,3114.0
216,2.0,1.0,35.0
3758,5.0,2.0,481.0
679,6.0,3.0,465.0
654574,3.0,2.0,121.0
662514,2.0,1.0,64.0
3587,46.0,3.0,3545.0
13351,8.0,1.0,295.0
95270,0.0,0.0,0.0
86,68.0,8.0,4341.0
6870,8.0,1.0,256.0
660646,1.0,1.0,8.0
69235,24.0,1.0,901.0
705,33.0,6.0,3022.0
95516,39.0,8.0,3136.0
6810,4.0,2.0,128.0
99083,5.0,3.0,135.0
40,12.0,3.0,803.0
217,34.0,7.0,1756.0
66837,8.0,1.0,293.0
76446,30.0,1.0,4353.0
3455,6.0,5.0,415.0
97455,15.0,2.0,812.0
98998,2.0,1.0,299.0
64234,2.0,2.0,140.0
17054,32.0,2.0,1105.0
858,5.0,1.0,189.0
678,87.0,7.0,5510.0
768,57.0,6.0,4271.0
17123,4.0,2.0,118.0
650508,0.0,0.0,0.0
656051,0.0,0.0,0.0
653814,16.0,2.0,454.0
649338,19.0,3.0,597.0
95473,13.0,3.0,582.0
654457,3.0,2.0,108.0
3683,0.0,0.0,0.0
77401,76.0,8.0,7821.0
820,38.0,2.0,1209.0
12509,8.0,2.0,335.0
787,85.0,6.0,4322.0
797,3.0,1.0,112.0
769,157.0,7.0,11230.0
675,330.0,5.0,19712.0
771,5.0,2.0,178.0
78953,8.0,2.0,265.0
95586,2.0,2.0,246.0
813,16.0,2.0,520.0
659649,2.0,2.0,40.0
659216,4.0,1.0,82.0
649294,18.0,3.0,619.0
780,110.0,6.0,7486.0
831,29.0,1.0,1129.0
5280,71.0,3.0,3264.0
808,36.0,3.0,2001.0
807,62.0,7.0,4291.0
87496,0.0,0.0,0.0
843,58.0,3.0,2744.0
658725,1.0,1.0,22.0
3760,86.0,4.0,3435.0
805,39.0,2.0,1917.0
819,21.0,6.0,1544.0
801,40.0,3.0,1939.0
844,12.0,2.0,407.0
6939,35.0,3.0,1261.0
851,4.0,2.0,361.0
663139,6.0,2.0,284.0
95633,14.0,5.0,1678.0
883,7.0,1.0,434.0
836,262.0,8.0,26963.0
656771,1.0,1.0,14.0
3593,23.0,3.0,1254.0
7179,0.0,0.0,0.0
862,26.0,1.0,1006.0
662102,5.0,1.0,93.0
815,20.0,3.0,735.0
762,4.0,3.0,104.0
733,28.0,1.0,1100.0
129,69.0,7.0,4069.0
667,19.0,6.0,2609.0
662708,2.0,2.0,49.0
803,79.0,1.0,9546.0
97471,32.0,4.0,1577.0
1583,18.0,2.0,646.0
6992,132.0,8.0,15128.0
870,52.0,3.0,2276.0
61594,37.0,2.0,1399.0
869,22.0,5.0,3549.0
656758,6.0,2.0,287.0
866,5.0,1.0,185.0
653856,1.0,1.0,9.0
3313,10.0,3.0,400.0
66660,61.0,6.0,3871.0
3312,87.0,8.0,6482.0
645724,13.0,5.0,499.0
874,10.0,2.0,399.0
676,0.0,0.0,0.0
946,3.0,1.0,98.0
647015,9.0,1.0,405.0
103141,8.0,2.0,305.0
846,110.0,7.0,8388.0
878,11.0,1.0,352.0
840,49.0,2.0,1736.0
697,100.0,8.0,10266.0
3685,100.0,7.0,4916.0
865,28.0,1.0,1440.0
18327,60.0,7.0,4136.0
656058,10.0,3.0,1136.0
98973,28.0,4.0,1298.0
896,0.0,0.0,0.0
1116,3.0,1.0,98.0
130,58.0,5.0,3831.0
97468,81.0,8.0,9991.0
652947,1.0,1.0,30.0
81409,5.0,1.0,144.0
654392,13.0,5.0,754.0
652874,1.0,1.0,16.0
898,40.0,6.0,2512.0
891,12.0,1.0,494.0
5290,59.0,3.0,2595.0
654360,36.0,5.0,2920.0
948,6.0,1.0,289.0
3600,162.0,7.0,14825.0
658170,1.0,1.0,17.0
1000,25.0,1.0,690.0
903,12.0,2.0,545.0
13660,26.0,4.0,1030.0
98967,5.0,1.0,243.0
978,4.0,1.0,153.0
944,29.0,1.0,1074.0
3255,155.0,7.0,18972.0
893,4.0,1.0,148.0
637706,18.0,2.0,613.0
912,16.0,2.0,638.0
939,7.0,1.0,223.0
7281,100.0,7.0,10282.0
760,15.0,7.0,1200.0
1032,9.0,3.0,625.0
969,57.0,1.0,2400.0
953,4.0,1.0,176.0
652988,1.0,1.0,28.0
656760,0.0,0.0,0.0
7197,4.0,2.0,216.0
653827,5.0,2.0,93.0
3467,72.0,2.0,3374.0
975,34.0,1.0,1342.0
13663,2.0,1.0,61.0
651451,7.0,2.0,219.0
954,47.0,4.0,3817.0
81645,2.0,2.0,177.0
651346,64.0,7.0,4889.0
90,51.0,1.0,2356.0
3771,17.0,2.0,828.0
919,18.0,2.0,1028.0
923,33.0,5.0,3878.0
69247,20.0,2.0,887.0
7125,6.0,2.0,629.0
77113,0.0,0.0,0.0
102363,2.0,2.0,70.0
660655,5.0,2.0,136.0
98974,19.0,2.0,867.0
972,19.0,3.0,694.0
654361,38.0,7.0,2209.0
938,10.0,1.0,341.0
659610,1.0,1.0,9.0
641237,67.0,8.0,5279.0
656697,0.0,0.0,0.0
973,20.0,3.0,1732.0
3465,41.0,1.0,2133.0
103128,34.0,8.0,2894.0
964,58.0,6.0,5301.0
1033,7.0,1.0,176.0
921,27.0,5.0,1900.0
636088,15.0,2.0,439.0
82037,9.0,2.0,474.0
656757,2.0,2.0,202.0
926,8.0,3.0,287.0
662709,1.0,1.0,17.0
3471,199.0,8.0,16972.0
7443,107.0,7.0,12928.0
1013,49.0,6.0,2884.0
5325,76.0,7.0,4482.0
3612,24.0,6.0,2096.0
19999,28.0,3.0,941.0
931,78.0,8.0,8721.0
96324,98.0,7.0,7809.0
656039,4.0,3.0,304.0
1075,232.0,7.0,22092.0
1061,37.0,2.0,1321.0
659609,1.0,1.0,8.0
648615,5.0,3.0,201.0
643899,15.0,2.0,731.0
7351,51.0,5.0,2641.0
1122,21.0,3.0,1157.0
1038,15.0,3.0,933.0
97773,35.0,3.0,1912.0
656004,38.0,3.0,1858.0
20698,5.0,2.0,118.0
11865,78.0,5.0,6638.0
659600,4.0,2.0,515.0
660701,7.0,3.0,541.0
132,52.0,4.0,2237.0
1041,88.0,5.0,5861.0
1060,36.0,6.0,2539.0
1268,42.0,2.0,1545.0
660719,0.0,0.0,0.0
645801,17.0,4.0,669.0
21004,6.0,3.0,159.0
5339,53.0,6.0,2797.0
5336,183.0,7.0,12552.0
662515,1.0,1.0,26.0
23638,10.0,2.0,355.0
695,2.0,1.0,330.0
1123,10.0,1.0,412.0
97463,110.0,7.0,11547.0
656773,4.0,1.0,101.0
645829,0.0,0.0,0.0
95251,46.0,3.0,2333.0
77108,0.0,0.0,0.0
13705,37.0,6.0,2996.0
5337,84.0,7.0,9031.0
1108,109.0,4.0,7177.0
1202,46.0,6.0,3371.0
1170,68.0,6.0,6052.0
7374,125.0,8.0,11536.0
449460,7.0,1.0,337.0
22250,14.0,2.0,518.0
850,26.0,6.0,1856.0
1086,69.0,6.0,6450.0
651295,51.0,5.0,2180.0
654462,2.0,2.0,63.0
97741,3.0,2.0,277.0
7711,1.0,1.0,50.0
659207,4.0,2.0,542.0
67497,15.0,4.0,915.0
660656,16.0,2.0,692.0
1255,6.0,2.0,225.0
98969,14.0,2.0,711.0
1006,31.0,4.0,1218.0
1045,21.0,6.0,1949.0
655976,8.0,1.0,483.0
21436,3.0,1.0,49.0
1212,33.0,5.0,2787.0
1043,119.0,8.0,9578.0
8331,24.0,3.0,791.0
22630,0.0,0.0,0.0
1180,30.0,3.0,1591.0
3774,17.0,3.0,415.0
3326,326.0,9.0,32521.0
3777,80.0,6.0,3985.0
1164,62.0,6.0,3140.0
1014,0.0,0.0,0.0
1168,95.0,2.0,4056.0
1229,32.0,2.0,1439.0
3275,119.0,9.0,10538.0
67848,122.0,4.0,7954.0
5323,3.0,1.0,124.0
22321,65.0,5.0,2878.0
95549,19.0,2.0,647.0
64242,9.0,3.0,381.0
22124,9.0,3.0,337.0
7809,41.0,2.0,1726.0
96280,0.0,0.0,0.0
652981,0.0,0.0,0.0
652946,3.0,2.0,49.0
1145,23.0,2.0,926.0
640644,10.0,2.0,334.0
98980,16.0,2.0,681.0
7726,63.0,6.0,3476.0
1094,13.0,2.0,427.0
1247,16.0,2.0,791.0
656759,0.0,0.0,0.0
1153,361.0,6.0,60087.0
1176,49.0,5.0,4882.0
98966,29.0,6.0,3594.0
1219,38.0,5.0,3416.0
21772,81.0,8.0,7142.0
653215,3.0,3.0,168.0
1001,74.0,8.0,7894.0
23825,0.0,0.0,0.0
102085,52.0,3.0,2558.0
5307,107.0,4.0,13852.0
11509,120.0,8.0,18015.0
658662,1.0,1.0,156.0
95607,10.0,3.0,275.0
3466,24.0,4.0,1880.0
97637,14.0,2.0,521.0
455667,17.0,2.0,772.0
1205,72.0,1.0,2738.0
103189,20.0,3.0,775.0
21907,26.0,4.0,1392.0
135,35.0,4.0,2591.0
7389,42.0,4.0,1727.0
1246,39.0,7.0,2670.0
90756,1.0,1.0,158.0
22230,14.0,2.0,684.0
102302,16.0,3.0,1209.0
11220,33.0,1.0,4264.0
651135,42.0,3.0,1903.0
658124,0.0,0.0,0.0
101244,5.0,1.0,199.0
651062,0.0,0.0,0.0
662138,1.0,1.0,19.0
1232,137.0,7.0,9082.0
3592,9.0,3.0,566.0
22802,53.0,3.0,2186.0
3727,113.0,7.0,8337.0
97565,0.0,0.0,0.0
22233,54.0,7.0,7349.0
3619,100.0,8.0,8915.0
96448,28.0,3.0,1136.0
1375,64.0,3.0,2428.0
101041,37.0,2.0,1547.0
662182,6.0,2.0,191.0
981,55.0,6.0,5124.0
1400,81.0,7.0,6958.0
95565,48.0,7.0,4525.0
1231,22.0,6.0,2875.0
658704,12.0,3.0,718.0
1101,11.0,4.0,438.0
61664,68.0,6.0,6819.0
659602,6.0,2.0,950.0
654364,24.0,6.0,1468.0
660726,101.0,7.0,9395.0
649239,84.0,7.0,6998.0
662684,21.0,6.0,1364.0
94,228.0,6.0,22046.0
1140,94.0,3.0,4076.0
669913,66.0,9.0,4655.0
652582,11.0,2.0,448.0
27983,3.0,2.0,352.0
22473,10.0,3.0,400.0
654510,4.0,2.0,168.0
651324,48.0,2.0,2554.0
1402,20.0,2.0,705.0
8052,4.0,2.0,92.0
8244,28.0,3.0,1140.0
662687,6.0,2.0,187.0
1372,30.0,2.0,1213.0
659627,5.0,2.0,272.0
1457,28.0,1.0,1059.0
7265,4.0,2.0,75.0
3829,146.0,7.0,15618.0
1364,9.0,1.0,354.0
22917,19.0,2.0,611.0
1360,59.0,7.0,3016.0
3724,63.0,7.0,4544.0
1308,98.0,7.0,6923.0
59177,15.0,3.0,492.0
5831,26.0,4.0,2139.0
5361,148.0,5.0,8800.0
103195,43.0,8.0,4710.0
658712,1.0,1.0,21.0
13135,12.0,2.0,332.0
23468,1.0,1.0,7.0
64241,36.0,3.0,4725.0
98968,0.0,0.0,0.0
663950,4.0,1.0,70.0
98972,4.0,1.0,160.0
1476,12.0,1.0,372.0
1485,38.0,2.0,1506.0
654588,10.0,2.0,279.0
658685,5.0,2.0,146.0
988,92.0,6.0,9134.0
659651,1.0,1.0,193.0
22783,6.0,1.0,199.0
11234,20.0,3.0,974.0
67869,50.0,4.0,3016.0
658689,0.0,0.0,0.0
29289,171.0,5.0,14578.0
1472,174.0,8.0,12416.0
98026,4.0,1.0,670.0
1335,45.0,5.0,3066.0
652564,13.0,2.0,540.0
23552,64.0,6.0,6737.0
23942,1.0,1.0,45.0
1230,93.0,7.0,6730.0
24170,0.0,0.0,0.0
8558,33.0,2.0,1526.0
81019,9.0,2.0,349.0
1373,79.0,7.0,5309.0
658681,0.0,0.0,0.0
1530,26.0,2.0,1000.0
7308,42.0,6.0,4199.0
662845,4.0,2.0,143.0
662838,2.0,1.0,37.0
651120,191.0,6.0,16437.0
644047,27.0,1.0,1200.0
76592,21.0,2.0,3456.0
8335,40.0,5.0,3075.0
649245,94.0,9.0,9149.0
1211,83.0,7.0,8232.0
24059,1.0,1.0,46.0
652983,0.0,0.0,0.0
1225,17.0,2.0,735.0
1135,106.0,6.0,7261.0
658661,0.0,0.0,0.0
662057,6.0,2.0,212.0
1533,24.0,4.0,799.0
49404,42.0,2.0,1441.0
654374,31.0,3.0,1290.0
5356,149.0,8.0,18859.0
658058,0.0,0.0,0.0
652950,11.0,2.0,496.0
78867,21.0,2.0,1125.0
100792,51.0,7.0,4468.0
3765,11.0,2.0,338.0
102074,26.0,2.0,1144.0
1278,27.0,2.0,1278.0
40081,25.0,1.0,1083.0
652951,3.0,1.0,170.0
12471,5.0,1.0,130.0
1411,87.0,7.0,8124.0
66966,9.0,4.0,502.0
8757,28.0,3.0,1658.0
1644,19.0,1.0,800.0
77078,0.0,0.0,0.0
1220,157.0,8.0,11431.0
1614,65.0,6.0,4333.0
1586,75.0,7.0,7352.0
8446,10.0,2.0,409.0
13703,68.0,6.0,3787.0
25068,4.0,2.0,190.0
659618,19.0,2.0,1016.0
1277,10.0,3.0,258.0
1339,66.0,6.0,5087.0
1579,4.0,2.0,137.0
1354,15.0,2.0,607.0
1555,56.0,3.0,2322.0
98040,25.0,5.0,1519.0
1063,50.0,7.0,3291.0
6056,90.0,8.0,9508.0
11841,1.0,1.0,41.0
652580,20.0,5.0,1657.0
1385,6.0,1.0,203.0
653834,3.0,3.0,301.0
70512,7.0,3.0,304.0
102966,32.0,6.0,1793.0
649313,104.0,3.0,3934.0
999,134.0,8.0,13536.0
662454,1.0,1.0,9.0
61751,46.0,6.0,2308.0
96499,56.0,6.0,4701.0
652579,27.0,6.0,2789.0
1598,40.0,1.0,1295.0
103196,6.0,3.0,414.0
1517,52.0,2.0,4398.0
1154,87.0,9.0,5329.0
653764,4.0,2.0,101.0
1298,7.0,4.0,269.0
3728,85.0,7.0,11135.0
1216,63.0,5.0,5311.0
1554,48.0,3.0,2312.0
103135,38.0,4.0,2565.0
76209,9.0,1.0,153.0
23850,6.0,2.0,155.0
662186,16.0,2.0,1148.0
651108,228.0,8.0,24154.0
26,95.0,7.0,12138.0
654570,63.0,3.0,3384.0
651097,5.0,1.0,655.0
13708,206.0,8.0,14681.0
7416,13.0,2.0,490.0
95249,0.0,0.0,0.0
103260,6.0,3.0,180.0
102314,24.0,3.0,1076.0
24485,2.0,2.0,63.0
61700,36.0,4.0,1527.0
13756,37.0,6.0,3418.0
3792,21.0,3.0,764.0
9326,28.0,1.0,1054.0
11918,58.0,2.0,2333.0
651323,66.0,4.0,3836.0
3802,22.0,3.0,679.0
25856,117.0,8.0,7939.0
1593,24.0,2.0,1450.0
654388,3.0,1.0,39.0
1660,22.0,3.0,1195.0
1193,123.0,7.0,10790.0
24526,14.0,6.0,483.0
25644,3.0,1.0,58.0
26237,6.0,2.0,361.0
1201,30.0,2.0,4030.0
24701,7.0,2.0,971.0
96315,7.0,2.0,269.0
3342,35.0,7.0,2388.0
659603,1.0,1.0,7.0
1794,93.0,2.0,3834.0
3333,122.0,7.0,11139.0
8403,23.0,3.0,991.0
5653,11.0,3.0,466.0
25565,114.0,7.0,6724.0
1668,90.0,8.0,5553.0
654359,46.0,7.0,3792.0
3491,105.0,7.0,11158.0
1426,38.0,5.0,2727.0
3492,135.0,7.0,11118.0
152512,95.0,6.0,10059.0
25170,49.0,7.0,4459.0
77233,15.0,2.0,2201.0
1577,155.0,7.0,14647.0
656778,0.0,0.0,0.0
662721,23.0,5.0,1173.0
9189,25.0,2.0,1259.0
1706,30.0,6.0,1369.0
96298,32.0,3.0,3845.0
1606,51.0,7.0,4840.0
652982,0.0,0.0,0.0
101253,7.0,2.0,199.0
659619,0.0,0.0,0.0
13674,129.0,8.0,8926.0
90850,0.0,0.0,0.0
26207,33.0,3.0,1597.0
25190,12.0,2.0,486.0
82483,18.0,3.0,1479.0
1424,85.0,7.0,8118.0
8975,8.0,3.0,222.0
653768,1.0,1.0,140.0
64903,23.0,5.0,2476.0
647047,42.0,3.0,2135.0
3801,55.0,6.0,2122.0
103193,10.0,3.0,371.0
645722,35.0,4.0,1744.0
8530,4.0,3.0,69.0
5388,94.0,8.0,6744.0
1315,35.0,5.0,3927.0
645689,78.0,6.0,8605.0
1349,65.0,7.0,3766.0
1674,47.0,6.0,2669.0
8293,3.0,3.0,71.0
1760,24.0,2.0,2886.0
3497,9.0,2.0,302.0
13826,30.0,2.0,1229.0
1662,110.0,7.0,11781.0
1689,15.0,3.0,414.0
26171,80.0,5.0,3820.0
652543,56.0,5.0,2775.0
25989,34.0,2.0,1261.0
658700,0.0,0.0,0.0
1797,75.0,9.0,6664.0
3810,15.0,3.0,679.0
9035,14.0,5.0,975.0
25259,31.0,3.0,1304.0
656842,8.0,3.0,284.0
78656,44.0,7.0,5120.0
97602,10.0,2.0,326.0
8588,3.0,3.0,152.0
61592,44.0,2.0,1898.0
1701,38.0,2.0,1448.0
652976,1.0,1.0,38.0
649207,83.0,6.0,9536.0
651390,0.0,0.0,0.0
25763,2.0,1.0,33.0
646990,4.0,3.0,301.0
1842,2.0,1.0,59.0
3280,28.0,3.0,2498.0
81254,0.0,0.0,0.0
1206,22.0,2.0,857.0
86475,18.0,2.0,2714.0
658351,9.0,2.0,1487.0
683629,9.0,2.0,412.0
80918,10.0,4.0,380.0
1546,33.0,3.0,1627.0
81260,0.0,0.0,0.0
8762,1.0,1.0,7.0
662130,2.0,2.0,101.0
1790,44.0,2.0,2111.0
1657,14.0,2.0,514.0
1010,96.0,6.0,11097.0
26655,21.0,4.0,614.0
76682,1.0,1.0,16.0
658707,3.0,2.0,257.0
656763,16.0,3.0,2701.0
9006,3.0,1.0,143.0
3729,5.0,2.0,94.0
58491,25.0,1.0,1057.0
27203,4.0,1.0,191.0
649266,16.0,1.0,3514.0
97486,11.0,4.0,455.0
3247,95.0,8.0,10304.0
662694,13.0,3.0,445.0
1058,29.0,5.0,3121.0
9345,6.0,2.0,211.0
1670,27.0,5.0,3580.0
32178,19.0,5.0,706.0
1024,2.0,1.0,34.0
1576,126.0,9.0,9336.0
654357,19.0,4.0,1150.0
5371,67.0,8.0,4282.0
8666,66.0,6.0,4154.0
662844,10.0,3.0,548.0
1741,15.0,4.0,2170.0
1052,3.0,2.0,268.0
652557,24.0,3.0,743.0
660695,0.0,0.0,0.0
229,10.0,2.0,375.0
1697,10.0,2.0,448.0
27736,43.0,7.0,3166.0
33507,1.0,1.0,28.0
1948,1.0,1.0,17.0
10133,25.0,3.0,967.0
80858,26.0,1.0,4584.0
3808,6.0,1.0,139.0
102,12.0,4.0,596.0
658207,1.0,1.0,17.0
80206,68.0,6.0,3291.0
9196,19.0,2.0,673.0
1889,5.0,1.0,218.0
1971,80.0,8.0,4843.0
43817,20.0,2.0,695.0
4036,7.0,5.0,866.0
662701,3.0,2.0,117.0
8884,151.0,7.0,14263.0
8766,86.0,5.0,3652.0
102448,29.0,3.0,1280.0
66836,45.0,5.0,2793.0
26740,28.0,5.0,1204.0
103230,27.0,4.0,1700.0
96,115.0,7.0,13210.0
1941,45.0,4.0,2592.0
2069,91.0,7.0,13233.0
659643,4.0,1.0,168.0
66602,21.0,2.0,824.0
1877,103.0,7.0,8830.0
1945,10.0,2.0,378.0
9510,49.0,3.0,2045.0
658714,10.0,3.0,329.0
3596,38.0,6.0,4236.0
1526,59.0,7.0,3977.0
1363,74.0,3.0,7310.0
1628,10.0,1.0,289.0
8497,46.0,6.0,2831.0
960,10.0,4.0,682.0
13801,66.0,7.0,9493.0
81016,7.0,4.0,599.0
662189,0.0,0.0,0.0
231,43.0,3.0,1801.0
100940,14.0,5.0,812.0
5847,0.0,0.0,0.0
642558,59.0,3.0,2578.0
8301,22.0,3.0,842.0
654376,14.0,4.0,330.0
2051,56.0,7.0,4075.0
2098,52.0,6.0,3994.0
27278,2.0,2.0,202.0
657152,9.0,1.0,367.0
683803,10.0,4.0,456.0
1935,34.0,6.0,3037.0
9589,6.0,1.0,137.0
97647,22.0,3.0,843.0
86548,22.0,3.0,1174.0
648757,21.0,2.0,1169.0
9715,1.0,1.0,7.0
9640,46.0,3.0,1906.0
5185,16.0,3.0,631.0
654511,27.0,3.0,921.0
140,4.0,3.0,468.0
9416,10.0,1.0,1884.0
639518,25.0,2.0,880.0
2097,14.0,2.0,624.0
64414,75.0,3.0,3275.0
1991,35.0,2.0,1348.0
658660,0.0,0.0,0.0
1496,23.0,5.0,2283.0
97570,17.0,3.0,2692.0
647470,21.0,3.0,952.0
29357,33.0,4.0,3271.0
2036,81.0,5.0,11768.0
647120,9.0,1.0,340.0
2081,75.0,6.0,7382.0
1252,18.0,5.0,2659.0
986,50.0,5.0,4784.0
61593,29.0,2.0,1158.0
1857,55.0,7.0,5117.0
651339,35.0,3.0,1993.0
1444,110.0,5.0,8611.0
662169,3.0,2.0,38.0
649137,23.0,3.0,833.0
2167,22.0,6.0,1471.0
2178,57.0,6.0,4536.0
77158,3.0,1.0,549.0
1911,12.0,3.0,692.0
2031,14.0,3.0,689.0
2194,62.0,5.0,3263.0
1888,32.0,7.0,2920.0
1421,55.0,8.0,6846.0
1440,7.0,2.0,311.0
9767,3.0,2.0,225.0
1979,99.0,5.0,4816.0
29498,18.0,4.0,1160.0
28061,45.0,5.0,2090.0
9912,52.0,4.0,2473.0
1550,62.0,8.0,3060.0
3814,53.0,3.0,1800.0
6127,8.0,3.0,419.0
1213,60.0,6.0,6084.0
9936,66.0,6.0,6329.0
1812,69.0,7.0,5833.0
7419,91.0,7.0,7433.0
658710,1.0,1.0,24.0
78866,72.0,6.0,6846.0
1003,14.0,5.0,1731.0
1553,84.0,6.0,7423.0
14522,1.0,1.0,10.0
660699,1.0,1.0,20.0
2308,28.0,7.0,3077.0
955,60.0,7.0,5818.0
1097,95.0,5.0,11503.0
1571,6.0,1.0,246.0
8441,11.0,2.0,311.0
2049,27.0,2.0,1668.0
1947,18.0,4.0,670.0
2022,22.0,2.0,914.0
635587,57.0,3.0,2708.0
1977,145.0,7.0,11147.0
3738,72.0,8.0,5448.0
34920,14.0,3.0,620.0
2312,34.0,5.0,1548.0
8941,46.0,2.0,2505.0
2280,68.0,7.0,6296.0
958,15.0,3.0,2227.0
9654,60.0,6.0,4721.0
96462,8.0,4.0,518.0
13897,48.0,3.0,2242.0
3776,56.0,1.0,2327.0
13838,38.0,3.0,2106.0
644132,38.0,3.0,1657.0
29032,28.0,2.0,1072.0
662087,0.0,0.0,0.0
102083,1.0,1.0,133.0
59151,68.0,6.0,3589.0
28279,20.0,2.0,2743.0
98984,6.0,2.0,157.0
9834,30.0,3.0,1104.0
656459,3.0,2.0,405.0
8024,11.0,3.0,595.0
81436,1.0,1.0,25.0
103252,6.0,2.0,696.0
2137,69.0,8.0,8012.0
28957,80.0,8.0,8349.0
658208,12.0,4.0,794.0
9728,32.0,2.0,1276.0
13779,186.0,7.0,13554.0
1098,112.0,6.0,13540.0
659606,7.0,2.0,292.0
660645,13.0,2.0,1605.0
2161,92.0,8.0,10408.0
1673,4.0,2.0,408.0
81218,2.0,1.0,360.0
2105,3.0,2.0,128.0
101247,6.0,4.0,414.0
30219,22.0,4.0,910.0
651370,49.0,3.0,7953.0
139,5.0,1.0,111.0
2216,9.0,2.0,278.0
98038,35.0,7.0,3007.0
64417,90.0,9.0,8924.0
659206,16.0,3.0,1301.0
2058,25.0,4.0,1672.0
1742,70.0,6.0,7138.0
644781,15.0,1.0,644.0
662180,1.0,1.0,43.0
3725,148.0,8.0,11666.0
1447,10.0,2.0,1696.0
645785,27.0,3.0,1072.0
2391,66.0,2.0,3072.0
8433,30.0,6.0,1411.0
3811,56.0,5.0,4766.0
2204,30.0,4.0,2204.0
8442,41.0,5.0,2986.0
5515,137.0,5.0,25201.0
98309,7.0,2.0,352.0
650463,32.0,3.0,1391.0
29216,36.0,3.0,3250.0
11851,67.0,9.0,5381.0
1340,6.0,2.0,813.0
652890,35.0,4.0,1726.0
2146,33.0,2.0,1664.0
1688,72.0,6.0,8903.0
60559,37.0,5.0,3150.0
2237,67.0,2.0,3030.0
9029,46.0,4.0,1986.0
98037,14.0,6.0,886.0
658172,6.0,3.0,750.0
10157,35.0,6.0,2668.0
28660,43.0,5.0,2287.0
58968,93.0,7.0,9310.0
653777,3.0,3.0,121.0
2103,28.0,5.0,1584.0
30710,21.0,2.0,907.0
1460,7.0,2.0,537.0
3732,71.0,5.0,3561.0
2008,41.0,3.0,1958.0
2208,47.0,6.0,3229.0
67845,52.0,4.0,3684.0
2455,8.0,2.0,411.0
76778,44.0,7.0,3787.0
654428,11.0,1.0,330.0
2419,63.0,8.0,5997.0
2370,22.0,2.0,1133.0
8327,37.0,7.0,2427.0
81163,2.0,1.0,38.0
660688,7.0,3.0,327.0
656796,0.0,0.0,0.0
102965,16.0,4.0,573.0
1527,25.0,3.0,4001.0
1569,61.0,6.0,7774.0
649184,61.0,8.0,6604.0
2052,53.0,8.0,4240.0
2200,77.0,5.0,5743.0
2201,20.0,2.0,3100.0
100228,54.0,7.0,4498.0
10136,127.0,8.0,11992.0
29657,2.0,2.0,55.0
30492,90.0,8.0,9914.0
1728,5.0,3.0,155.0
13170,13.0,1.0,632.0
659670,2.0,1.0,68.0
10023,13.0,2.0,505.0
29537,76.0,8.0,5275.0
665063,17.0,4.0,1263.0
228,32.0,5.0,1981.0
1681,86.0,4.0,7470.0
29773,1.0,1.0,22.0
2544,38.0,3.0,1740.0
30674,14.0,3.0,548.0
1262,43.0,5.0,4338.0
66974,10.0,4.0,226.0
7934,0.0,0.0,0.0
97472,76.0,6.0,4732.0
8850,1.0,1.0,42.0
30568,4.0,2.0,746.0
1534,28.0,2.0,1299.0
41004,34.0,6.0,2509.0
656801,10.0,2.0,1369.0
1597,8.0,2.0,495.0
30390,72.0,8.0,4539.0
650954,27.0,3.0,1143.0
2612,18.0,2.0,755.0
66819,106.0,5.0,4710.0
2196,19.0,3.0,477.0
649377,36.0,5.0,2747.0
2431,10.0,2.0,1294.0
61634,10.0,1.0,307.0
2293,65.0,8.0,5532.0
7232,38.0,6.0,2394.0
2562,35.0,2.0,1182.0
11859,30.0,4.0,1993.0
11880,24.0,1.0,4232.0
10271,7.0,3.0,204.0
639834,31.0,3.0,1281.0
659691,20.0,5.0,1086.0
2638,18.0,4.0,829.0
31176,29.0,5.0,1272.0
86476,16.0,2.0,717.0
2378,21.0,2.0,1344.0
81247,45.0,6.0,3313.0
2535,36.0,3.0,1566.0
644134,35.0,4.0,1668.0
101268,9.0,2.0,284.0
647012,29.0,3.0,1557.0
2657,16.0,4.0,833.0
642021,40.0,3.0,1729.0
34979,4.0,2.0,114.0
647036,76.0,8.0,9412.0
642708,93.0,6.0,10520.0
2456,20.0,3.0,1165.0
1595,6.0,1.0,140.0
1478,9.0,1.0,343.0
8120,120.0,7.0,11801.0
13956,60.0,5.0,4312.0
81832,19.0,6.0,1390.0
3731,13.0,2.0,479.0
33010,15.0,4.0,2086.0
9693,42.0,6.0,1437.0
658670,0.0,0.0,0.0
10093,17.0,4.0,379.0
2067,67.0,5.0,2910.0
2045,40.0,2.0,1679.0
3474,1.0,1.0,16.0
37182,18.0,5.0,788.0
651067,25.0,3.0,822.0
2584,1.0,1.0,15.0
2655,33.0,7.0,2349.0
642590,22.0,3.0,3484.0
35095,59.0,8.0,5057.0
5422,22.0,3.0,733.0
651227,14.0,2.0,743.0
1752,13.0,4.0,466.0
2390,75.0,5.0,5579.0
2469,37.0,4.0,1574.0
2203,103.0,7.0,14917.0
10130,14.0,6.0,1171.0
1178,109.0,8.0,13513.0
3634,85.0,4.0,4531.0
1557,73.0,4.0,4130.0
10441,15.0,4.0,910.0
31223,3.0,1.0,111.0
4329,22.0,3.0,1101.0
68319,14.0,3.0,822.0
100730,55.0,3.0,2665.0
13971,17.0,2.0,675.0
13922,7.0,2.0,360.0
2593,1.0,1.0,42.0
660707,7.0,3.0,198.0
2637,58.0,6.0,3733.0
3740,74.0,8.0,8974.0
3520,2.0,1.0,139.0
2125,8.0,3.0,320.0
195,13.0,4.0,580.0
2498,40.0,5.0,1660.0
98963,6.0,3.0,192.0
2546,7.0,3.0,277.0
2019,20.0,3.0,1143.0
10248,25.0,6.0,1703.0
97589,2.0,2.0,75.0
38514,15.0,2.0,589.0
13040,16.0,3.0,539.0
662067,6.0,2.0,174.0
80283,15.0,1.0,3373.0
2600,14.0,3.0,708.0
95517,20.0,3.0,1210.0
9750,0.0,0.0,0.0
33100,45.0,7.0,4878.0
1451,43.0,6.0,3048.0
3503,28.0,4.0,1556.0
3519,57.0,7.0,3226.0
669616,10.0,3.0,183.0
480354,36.0,7.0,2145.0
35472,4.0,4.0,268.0
648623,134.0,8.0,13821.0
3783,60.0,5.0,2713.0
95545,71.0,3.0,3155.0
3807,139.0,8.0,11050.0
34097,1.0,1.0,23.0
2152,99.0,7.0,12220.0
45313,0.0,0.0,0.0
654407,106.0,7.0,11488.0
1221,5.0,2.0,389.0
1676,15.0,1.0,936.0
10493,32.0,2.0,1487.0
652562,63.0,6.0,4629.0
33872,15.0,5.0,675.0
2803,33.0,7.0,2703.0
639811,41.0,3.0,1718.0
33699,5.0,1.0,937.0
2380,42.0,4.0,1919.0
38312,10.0,2.0,329.0
1329,86.0,7.0,7497.0
77528,91.0,5.0,11444.0
662150,2.0,2.0,21.0
5417,72.0,6.0,4944.0
34580,2.0,2.0,69.0
101188,11.0,2.0,443.0
651128,24.0,4.0,1068.0
642759,38.0,5.0,2907.0
10531,56.0,3.0,1935.0
655996,4.0,2.0,139.0
4383,83.0,8.0,8834.0
652917,17.0,3.0,715.0
36519,6.0,3.0,159.0
4128,4.0,1.0,147.0
3380,32.0,6.0,2932.0
39450,19.0,5.0,865.0
1787,41.0,3.0,1512.0
650956,27.0,3.0,1245.0
1322,18.0,4.0,935.0
13863,8.0,2.0,263.0
1885,73.0,8.0,6387.0
683837,7.0,3.0,327.0
654455,4.0,3.0,366.0
2748,22.0,2.0,1094.0
64483,4.0,1.0,31.0
1891,64.0,6.0,7758.0
2704,8.0,2.0,413.0
2844,9.0,4.0,171.0
2701,200.0,9.0,17886.0
660718,21.0,4.0,893.0
2834,48.0,6.0,3855.0
35698,5.0,3.0,199.0
10487,6.0,2.0,235.0
7933,29.0,4.0,1528.0
4199,65.0,7.0,9151.0
35262,30.0,4.0,2533.0
51775,19.0,4.0,1378.0
649260,9.0,4.0,572.0
1903,114.0,9.0,14182.0
35420,1.0,1.0,6.0
659824,4.0,2.0,143.0
12371,4.0,2.0,146.0
662706,0.0,0.0,0.0
653837,14.0,3.0,461.0
658138,17.0,4.0,656.0
2843,22.0,1.0,1050.0
2755,117.0,6.0,15144.0
1142,69.0,5.0,7048.0
662766,7.0,2.0,418.0
2283,97.0,7.0,10039.0
990,27.0,2.0,1160.0
2297,22.0,2.0,883.0
652925,43.0,3.0,1920.0
59277,35.0,3.0,1042.0
1848,46.0,5.0,3038.0
2824,13.0,3.0,407.0
656007,4.0,2.0,187.0
3818,10.0,2.0,460.0
1687,6.0,2.0,147.0
2904,10.0,2.0,270.0
2663,3.0,2.0,52.0
14091,70.0,2.0,3275.0
2962,12.0,3.0,516.0
7965,17.0,1.0,593.0
652898,25.0,4.0,1107.0
2814,5.0,2.0,54.0
1601,37.0,6.0,4515.0
1730,29.0,2.0,5060.0
77575,66.0,8.0,8899.0
67133,37.0,4.0,2436.0
2693,31.0,2.0,1209.0
103174,50.0,4.0,2257.0
2846,53.0,2.0,1831.0
61595,18.0,1.0,438.0
651294,37.0,6.0,3611.0
38124,0.0,0.0,0.0
2350,16.0,1.0,676.0
662677,8.0,2.0,246.0
43101,71.0,6.0,3821.0
8457,42.0,6.0,2366.0
3373,3.0,1.0,63.0
2857,10.0,2.0,468.0
652532,7.0,3.0,198.0
10447,16.0,2.0,783.0
11354,14.0,3.0,595.0
658716,27.0,3.0,1262.0
2823,33.0,4.0,1504.0
97668,313.0,3.0,15840.0
648765,49.0,5.0,4438.0
2567,12.0,2.0,595.0
1419,0.0,0.0,0.0
2735,21.0,3.0,905.0
2830,89.0,5.0,6041.0
2355,6.0,2.0,218.0
40260,3.0,1.0,85.0
10597,59.0,6.0,6353.0
2569,62.0,8.0,7651.0
2710,37.0,7.0,2638.0
2626,34.0,3.0,1774.0
3800,31.0,5.0,1851.0
3788,56.0,6.0,4535.0
103221,14.0,2.0,488.0
21816,10.0,3.0,378.0
660643,18.0,3.0,646.0
3820,21.0,3.0,914.0
11243,7.0,4.0,943.0
38858,161.0,9.0,9191.0
652919,3.0,2.0,235.0
662822,13.0,3.0,638.0
649282,49.0,6.0,2876.0
1890,12.0,1.0,488.0
77558,31.0,2.0,1596.0
3356,1.0,1.0,32.0
11351,22.0,4.0,999.0
2815,40.0,7.0,2887.0
102079,10.0,3.0,748.0
642649,81.0,7.0,7839.0
38281,90.0,8.0,5718.0
36586,104.0,7.0,8594.0
67874,65.0,5.0,5988.0
5436,71.0,7.0,6232.0
1961,111.0,7.0,9255.0
1878,81.0,7.0,5010.0
36033,12.0,4.0,656.0
1750,4.0,2.0,229.0
3000,3.0,3.0,66.0
660682,8.0,2.0,290.0
1113,7.0,4.0,1068.0
1833,6.0,2.0,891.0
2950,42.0,5.0,3064.0
649255,151.0,6.0,9844.0
67720,63.0,8.0,4699.0
37954,35.0,6.0,2414.0
3082,11.0,2.0,690.0
3773,59.0,7.0,3648.0
103229,3.0,1.0,157.0
1933,84.0,6.0,6807.0
97469,0.0,0.0,0.0
654394,6.0,2.0,140.0
95580,13.0,4.0,594.0
3659,39.0,7.0,3300.0
3821,53.0,4.0,3869.0
47061,22.0,4.0,1930.0
40499,19.0,3.0,527.0
37198,12.0,4.0,328.0
2888,15.0,4.0,636.0
3775,60.0,2.0,3300.0
38831,32.0,2.0,1229.0
3095,9.0,3.0,245.0
37842,19.0,3.0,677.0
77389,116.0,6.0,8486.0
2006,54.0,6.0,4299.0
3541,145.0,8.0,21278.0
10646,94.0,6.0,6647.0
658171,4.0,2.0,420.0
5559,21.0,2.0,872.0
659818,12.0,3.0,561.0
1433,28.0,4.0,1235.0
2957,16.0,3.0,634.0
98960,40.0,3.0,2229.0
2608,27.0,4.0,975.0
13532,67.0,8.0,8907.0
645700,25.0,3.0,987.0
41305,23.0,3.0,740.0
99033,9.0,2.0,1384.0
3088,25.0,2.0,917.0
38237,41.0,2.0,1799.0
9855,32.0,4.0,1229.0
10352,21.0,6.0,1770.0
655964,13.0,3.0,532.0
9457,81.0,7.0,10930.0
652548,23.0,4.0,1186.0
1295,4.0,1.0,580.0
44685,6.0,2.0,183.0
40210,36.0,7.0,2572.0
95506,23.0,7.0,1869.0
4273,2.0,2.0,34.0
651347,6.0,2.0,231.0
4444,8.0,2.0,322.0
43224,9.0,5.0,589.0
76886,5.0,3.0,107.0
660671,0.0,0.0,0.0
3108,36.0,2.0,1881.0
80194,16.0,3.0,567.0
96345,28.0,7.0,2496.0
40968,13.0,2.0,409.0
90113,50.0,6.0,2662.0
2382,2.0,1.0,82.0
660696,15.0,2.0,826.0
3113,4.0,1.0,130.0
3286,31.0,6.0,2536.0
80200,47.0,6.0,2296.0
3097,41.0,6.0,1921.0
78898,77.0,7.0,6300.0
4466,27.0,3.0,1084.0
77055,5.0,2.0,199.0
3403,8.0,3.0,258.0
4527,29.0,7.0,2253.0
642784,19.0,3.0,752.0
38282,20.0,3.0,510.0
39214,50.0,6.0,5738.0
2516,46.0,8.0,2141.0
57503,56.0,5.0,2509.0
662018,32.0,5.0,1146.0
2928,1.0,1.0,8.0
39413,124.0,7.0,12951.0
656019,10.0,4.0,294.0
4584,17.0,2.0,942.0
662765,7.0,3.0,305.0
97577,22.0,3.0,1150.0
10059,146.0,8.0,11906.0
3057,233.0,7.0,20230.0
35373,18.0,2.0,1034.0
3651,65.0,6.0,8714.0
655989,53.0,7.0,2500.0
2930,17.0,3.0,496.0
41626,28.0,5.0,1332.0
4242,44.0,7.0,2783.0
2670,1.0,1.0,21.0
3324,45.0,6.0,4252.0
45059,57.0,5.0,3257.0
61948,43.0,6.0,3337.0
3051,10.0,3.0,392.0
2147,55.0,7.0,4954.0
95564,104.0,8.0,9649.0
651268,18.0,6.0,779.0
4294,4.0,1.0,194.0
3017,74.0,7.0,9455.0
39215,14.0,2.0,562.0
37082,58.0,7.0,7241.0
99043,59.0,7.0,5442.0
78101,8.0,4.0,749.0
652984,1.0,1.0,38.0
38996,57.0,8.0,3249.0
81668,6.0,2.0,341.0
659604,19.0,3.0,1210.0
61775,55.0,6.0,7790.0
4401,31.0,3.0,1385.0
1430,15.0,5.0,1447.0
42290,49.0,3.0,1413.0
98971,20.0,3.0,843.0
651366,103.0,8.0,10769.0
639835,38.0,3.0,1524.0
80210,2.0,1.0,497.0
100801,19.0,3.0,655.0
4924,27.0,3.0,3419.0
41300,29.0,3.0,1351.0
68354,99.0,5.0,12278.0
244,42.0,4.0,2905.0
660649,7.0,2.0,278.0
103095,13.0,3.0,1472.0
10946,40.0,6.0,4293.0
3060,42.0,7.0,2613.0
4343,23.0,5.0,2493.0
662808,9.0,3.0,376.0
658676,5.0,2.0,376.0
42893,8.0,3.0,309.0
52873,14.0,5.0,1077.0
66290,7.0,3.0,151.0
1761,3.0,2.0,164.0
3796,16.0,3.0,614.0
4389,28.0,3.0,1018.0
41852,9.0,3.0,483.0
650568,79.0,6.0,5819.0
4100,10.0,4.0,286.0
4427,4.0,2.0,237.0
41411,25.0,5.0,1004.0
3734,28.0,2.0,1569.0
14060,33.0,5.0,2487.0
97706,11.0,2.0,449.0
4490,50.0,6.0,3686.0
95335,64.0,6.0,8622.0
3201,1.0,1.0,7.0
9465,83.0,7.0,8888.0
43625,9.0,2.0,319.0
654363,81.0,7.0,6644.0
50030,39.0,2.0,1420.0
3165,13.0,3.0,514.0
2487,9.0,2.0,305.0
42359,20.0,3.0,543.0
3093,50.0,8.0,4361.0
97667,19.0,2.0,772.0
99883,18.0,3.0,568.0
659601,1.0,1.0,7.0
649250,12.0,3.0,1187.0
3167,6.0,3.0,219.0
647364,24.0,2.0,939.0
3015,10.0,5.0,1204.0
42800,15.0,3.0,1006.0
14093,7.0,4.0,502.0
58517,99.0,3.0,4614.0
95600,47.0,3.0,2033.0
650523,45.0,3.0,2047.0
47677,6.0,3.0,94.0
4107,19.0,3.0,710.0
3735,38.0,3.0,2052.0
4001,154.0,8.0,13974.0
6163,16.0,3.0,548.0
14097,21.0,3.0,1038.0
2299,92.0,6.0,7204.0
3198,29.0,5.0,1309.0
97654,0.0,0.0,0.0
6160,53.0,6.0,5692.0
58429,15.0,3.0,534.0
654489,3.0,2.0,364.0
3025,1.0,1.0,7.0
99736,87.0,6.0,7679.0
4075,70.0,5.0,3556.0
13879,21.0,1.0,720.0
44859,9.0,3.0,718.0
2651,12.0,4.0,900.0
552319,52.0,3.0,2831.0
102374,18.0,2.0,519.0
69756,12.0,3.0,461.0
41765,0.0,0.0,0.0
5561,36.0,3.0,1523.0
13551,2.0,2.0,80.0
659822,13.0,5.0,1465.0
1235,82.0,7.0,8588.0
80032,10.0,4.0,418.0
3130,35.0,5.0,3035.0
98970,9.0,2.0,221.0
12422,87.0,7.0,7077.0
43144,24.0,3.0,910.0
3131,28.0,4.0,1266.0
43587,31.0,6.0,2430.0
654542,12.0,2.0,458.0
50023,31.0,3.0,1144.0
4225,2.0,1.0,67.0
67008,37.0,8.0,2697.0
662718,22.0,4.0,1361.0
1616,9.0,2.0,369.0
44884,31.0,5.0,1395.0
659576,84.0,4.0,4371.0
654354,86.0,7.0,10195.0
4342,3.0,2.0,83.0
4082,121.0,7.0,9877.0
14147,18.0,4.0,765.0
4675,12.0,2.0,376.0
42861,24.0,3.0,1269.0
2524,77.0,5.0,5254.0
14171,8.0,2.0,150.0
81202,13.0,3.0,683.0
45394,3.0,2.0,59.0
77277,0.0,0.0,0.0
78685,24.0,5.0,2030.0
4279,30.0,6.0,2488.0
44538,28.0,5.0,1006.0
5460,63.0,8.0,5924.0
654465,1.0,1.0,7.0
98030,1.0,1.0,25.0
41494,27.0,5.0,1946.0
102974,51.0,5.0,3289.0
659687,15.0,3.0,523.0
5583,18.0,5.0,2232.0
44745,13.0,4.0,1016.0
4742,7.0,2.0,977.0
4353,40.0,5.0,2157.0
44046,5.0,3.0,229.0
654507,2.0,1.0,162.0
662678,30.0,3.0,1292.0
4819,27.0,1.0,1362.0
3079,0.0,0.0,0.0
659599,3.0,1.0,59.0
3990,21.0,2.0,842.0
95523,67.0,3.0,3473.0
98923,8.0,2.0,357.0
97703,105.0,6.0,9885.0
659592,15.0,3.0,703.0
2850,111.0,6.0,6531.0
2753,64.0,9.0,5283.0
3208,35.0,8.0,3179.0
44205,26.0,4.0,1729.0
4700,2.0,1.0,105.0
44927,39.0,5.0,2428.0
4135,36.0,3.0,5735.0
4512,23.0,3.0,1167.0
649206,34.0,6.0,4458.0
649060,13.0,3.0,546.0
47205,1.0,1.0,28.0
3235,90.0,8.0,7201.0
4556,1.0,1.0,20.0
6120,10.0,4.0,360.0
659617,3.0,1.0,59.0
98296,33.0,3.0,1242.0
11174,24.0,4.0,753.0
651029,36.0,3.0,2001.0
650503,42.0,3.0,1866.0
3160,52.0,7.0,4764.0
95538,40.0,3.0,1864.0
44113,11.0,2.0,364.0
44496,59.0,6.0,5093.0
68801,56.0,3.0,2813.0
67810,33.0,2.0,1457.0
14465,24.0,5.0,1126.0
4062,9.0,4.0,496.0
3218,16.0,4.0,1097.0
44455,2.0,1.0,66.0
80318,51.0,5.0,2102.0
97664,20.0,4.0,909.0
2966,10.0,5.0,724.0
102030,6.0,2.0,273.0
653803,9.0,2.0,283.0
674171,44.0,3.0,2447.0
49500,5.0,2.0,85.0
12899,15.0,3.0,543.0
46826,24.0,4.0,692.0
97461,47.0,7.0,4958.0
81684,12.0,4.0,394.0
660678,1.0,1.0,8.0
67737,65.0,4.0,6561.0
4233,33.0,4.0,2133.0
3078,75.0,6.0,5951.0
659660,13.0,2.0,539.0
3246,54.0,6.0,3428.0
4667,9.0,2.0,325.0
56062,2.0,1.0,51.0
12403,84.0,7.0,9654.0
659692,42.0,7.0,4160.0
3962,16.0,4.0,1532.0
644133,25.0,4.0,1867.0
46564,30.0,7.0,2470.0
4109,37.0,6.0,2076.0
652934,30.0,7.0,2128.0
3987,91.0,8.0,11226.0
664869,15.0,3.0,675.0
648642,21.0,2.0,656.0
654358,17.0,4.0,667.0
655992,5.0,2.0,171.0
41644,18.0,2.0,703.0
2696,48.0,6.0,3207.0
5087,42.0,4.0,4370.0
4829,14.0,4.0,793.0
648638,3.0,1.0,128.0
4500,3.0,1.0,94.0
102964,30.0,6.0,3015.0
14179,45.0,7.0,5085.0
659693,11.0,2.0,301.0
5616,4.0,2.0,138.0
46907,20.0,3.0,888.0
4067,20.0,6.0,1594.0
4029,113.0,7.0,6679.0
658679,6.0,3.0,228.0
658076,5.0,3.0,616.0
96309,9.0,3.0,636.0
46658,47.0,7.0,3509.0
78701,66.0,5.0,3513.0
4718,28.0,3.0,2587.0
46469,28.0,3.0,1075.0
638725,5.0,2.0,99.0
651144,18.0,5.0,2030.0
664867,12.0,3.0,510.0
647308,10.0,2.0,489.0
46831,9.0,1.0,326.0
53935,14.0,3.0,1005.0
13901,6.0,2.0,211.0
4830,20.0,2.0,973.0
651069,51.0,3.0,2218.0
651367,4.0,2.0,355.0
49650,17.0,3.0,775.0
86494,86.0,7.0,7854.0
648617,59.0,7.0,4788.0
656311,16.0,3.0,864.0
78729,32.0,3.0,1217.0
655982,15.0,6.0,974.0
56538,6.0,2.0,191.0
12725,48.0,4.0,4382.0
664061,9.0,3.0,467.0
653007,17.0,4.0,917.0
4776,32.0,6.0,3854.0
98308,11.0,2.0,329.0
645949,4.0,3.0,103.0
51960,36.0,3.0,1267.0
645940,51.0,9.0,5786.0
651206,63.0,5.0,5352.0
664176,12.0,3.0,381.0
4488,7.0,2.0,183.0
12411,47.0,7.0,4677.0
5474,14.0,5.0,1000.0
650513,21.0,2.0,855.0
658684,6.0,2.0,192.0
4103,47.0,8.0,5770.0
4707,34.0,6.0,2890.0
46306,39.0,6.0,2982.0
4267,26.0,6.0,2035.0
658365,22.0,8.0,1478.0
662185,3.0,2.0,216.0
662715,1.0,1.0,19.0
4163,8.0,2.0,478.0
635447,65.0,4.0,4249.0
53915,8.0,3.0,302.0
4627,3.0,2.0,92.0
100731,42.0,7.0,3673.0
48885,29.0,3.0,1220.0
4134,6.0,2.0,113.0
54460,8.0,2.0,344.0
80991,3.0,2.0,200.0
14216,125.0,7.0,13371.0
635845,23.0,6.0,1202.0
5027,109.0,8.0,9301.0
82056,21.0,3.0,730.0
14185,134.0,7.0,14208.0
101233,10.0,3.0,668.0
9816,37.0,7.0,3882.0
75537,2.0,2.0,243.0
653005,19.0,2.0,662.0
14491,1.0,1.0,26.0
14623,22.0,3.0,1185.0
647358,93.0,6.0,6439.0
77000,28.0,2.0,1413.0
647432,33.0,3.0,1527.0
662120,2.0,2.0,64.0
4971,16.0,4.0,1280.0
642599,26.0,4.0,1143.0
656028,4.0,2.0,93.0
4960,5.0,2.0,804.0
52852,10.0,2.0,409.0
14178,96.0,5.0,5550.0
48972,1.0,1.0,14.0
649224,1.0,1.0,154.0
98962,12.0,2.0,602.0
658141,4.0,2.0,411.0
4871,42.0,2.0,2133.0
659823,29.0,4.0,1254.0
4348,10.0,2.0,272.0
60382,14.0,2.0,555.0
4714,33.0,6.0,2973.0
4835,154.0,7.0,14906.0
49839,7.0,1.0,356.0
48938,4.0,3.0,130.0
648694,43.0,6.0,2220.0
4336,1.0,1.0,22.0
48828,3.0,1.0,81.0
14628,7.0,2.0,414.0
14004,45.0,6.0,3657.0
662064,3.0,2.0,111.0
648983,64.0,4.0,2490.0
4330,5.0,2.0,164.0
4560,37.0,6.0,2707.0
10941,26.0,6.0,2136.0
652989,21.0,4.0,757.0
14497,43.0,7.0,4100.0
4736,22.0,5.0,1285.0
49869,1.0,1.0,19.0
13566,85.0,7.0,8127.0
46845,10.0,1.0,347.0
49390,5.0,2.0,143.0
81435,4.0,3.0,126.0
5601,37.0,5.0,3820.0
48755,17.0,4.0,1651.0
659598,1.0,1.0,24.0
652902,39.0,6.0,4046.0
51418,61.0,4.0,2792.0
95527,15.0,2.0,693.0
658206,6.0,1.0,100.0
4024,29.0,6.0,3151.0
78731,41.0,8.0,3876.0
4395,54.0,6.0,4788.0
52365,4.0,3.0,201.0
659678,7.0,4.0,592.0
13895,46.0,6.0,6735.0
48428,0.0,0.0,0.0
656803,3.0,2.0,49.0
50416,8.0,4.0,422.0
50529,0.0,0.0,0.0
95603,49.0,4.0,2509.0
10191,64.0,7.0,7203.0
77007,17.0,4.0,863.0
12781,9.0,4.0,280.0
49789,17.0,4.0,729.0
13514,10.0,3.0,553.0
659607,10.0,2.0,483.0
4296,63.0,8.0,6729.0
49926,10.0,4.0,826.0
653858,11.0,3.0,347.0
50463,48.0,6.0,3439.0
654583,11.0,3.0,429.0
102420,7.0,2.0,200.0
95539,6.0,3.0,261.0
103109,9.0,2.0,321.0
97465,41.0,5.0,4137.0
80316,13.0,4.0,657.0
47478,37.0,8.0,2506.0
47521,32.0,2.0,1316.0
4145,126.0,6.0,11034.0
46760,0.0,0.0,0.0
13325,79.0,9.0,5350.0
48840,30.0,6.0,1691.0
46684,30.0,6.0,1744.0
4860,14.0,5.0,793.0
50544,31.0,3.0,1986.0
660715,1.0,1.0,7.0
74102,7.0,2.0,247.0
652583,14.0,4.0,740.0
49657,176.0,8.0,10412.0
12394,46.0,6.0,4759.0
656755,12.0,2.0,443.0
3973,39.0,6.0,2310.0
98935,6.0,4.0,227.0
48584,16.0,2.0,1013.0
13326,34.0,5.0,1838.0
645794,76.0,4.0,5892.0
671930,4.0,3.0,128.0
4894,26.0,7.0,2507.0
97553,1.0,1.0,184.0
53554,1.0,1.0,7.0
48952,21.0,2.0,1039.0
645005,66.0,5.0,7274.0
52946,10.0,3.0,502.0
11053,21.0,6.0,1028.0
639481,7.0,2.0,601.0
660310,1.0,1.0,68.0
51880,14.0,4.0,458.0
658119,3.0,2.0,200.0
57642,6.0,2.0,184.0
55325,5.0,2.0,80.0
642905,9.0,3.0,334.0
14710,25.0,3.0,721.0
12487,38.0,2.0,1689.0
51539,24.0,3.0,1612.0
95498,85.0,8.0,5825.0
657168,3.0,2.0,53.0
14264,44.0,3.0,1520.0
12405,80.0,5.0,9246.0
5573,36.0,4.0,5226.0
51737,9.0,2.0,418.0
55699,7.0,3.0,197.0
662461,2.0,1.0,42.0
66304,128.0,3.0,4993.0
50103,38.0,3.0,1368.0
98034,128.0,9.0,12627.0
103262,12.0,2.0,304.0
6241,49.0,7.0,6354.0
13929,6.0,2.0,167.0
55772,8.0,2.0,250.0
51681,48.0,7.0,2941.0
48405,37.0,7.0,3337.0
51414,20.0,3.0,2235.0
51391,46.0,5.0,2120.0
659612,4.0,2.0,269.0
56798,7.0,3.0,477.0
14464,32.0,7.0,2919.0
103264,9.0,2.0,297.0
14261,37.0,7.0,3341.0
56796,76.0,3.0,3475.0
57135,2.0,2.0,23.0
52935,20.0,3.0,875.0
659621,2.0,1.0,150.0
14328,12.0,3.0,557.0
661609,6.0,2.0,156.0
14022,64.0,5.0,5447.0
662259,3.0,2.0,110.0
4300,79.0,7.0,8330.0
574968,40.0,6.0,4659.0
76218,15.0,6.0,1286.0
51163,0.0,0.0,0.0
50796,43.0,2.0,1742.0
654355,57.0,8.0,5147.0
48841,8.0,3.0,309.0
51195,22.0,3.0,2288.0
13994,43.0,5.0,3053.0
649043,27.0,3.0,1453.0
52953,46.0,4.0,3562.0
53860,29.0,5.0,1556.0
662496,115.0,3.0,5697.0
52227,66.0,7.0,6991.0
10864,17.0,2.0,660.0
658678,16.0,4.0,677.0
4231,137.0,7.0,12652.0
649148,65.0,6.0,4198.0
80235,19.0,4.0,945.0
656022,0.0,0.0,0.0
51177,82.0,8.0,10173.0
4901,28.0,5.0,1237.0
54845,21.0,5.0,1121.0
658349,0.0,0.0,0.0
55104,23.0,3.0,1141.0
51159,71.0,8.0,8471.0
663058,17.0,6.0,1345.0
55611,20.0,3.0,798.0
14340,68.0,7.0,5144.0
14080,12.0,2.0,379.0
648710,2.0,2.0,97.0
53007,0.0,0.0,0.0
653506,3.0,2.0,443.0
98936,23.0,4.0,991.0
96391,35.0,3.0,979.0
5607,32.0,6.0,2414.0
654473,1.0,1.0,8.0
78970,24.0,3.0,832.0
54706,19.0,4.0,976.0
53361,18.0,6.0,1762.0
53814,36.0,6.0,2407.0
53020,28.0,3.0,1120.0
54358,20.0,3.0,868.0
17519,63.0,3.0,3137.0
98964,5.0,2.0,160.0
101237,33.0,3.0,1018.0
53888,46.0,7.0,3475.0
647469,59.0,2.0,2714.0
654490,50.0,6.0,2437.0
73830,4.0,3.0,104.0
14258,3.0,1.0,78.0
662177,40.0,3.0,1898.0
5478,2.0,2.0,95.0
658366,9.0,3.0,897.0
14113,80.0,7.0,6577.0
658200,23.0,3.0,916.0
4337,39.0,7.0,3837.0
656023,6.0,3.0,737.0
4635,60.0,6.0,8645.0
638745,4.0,2.0,144.0
52916,4.0,1.0,135.0
52004,33.0,7.0,3391.0
103094,22.0,6.0,1498.0
14627,92.0,6.0,10414.0
12900,54.0,6.0,3233.0
57960,5.0,3.0,178.0
53697,24.0,2.0,972.0
648866,33.0,3.0,1178.0
57381,2.0,1.0,343.0
653708,10.0,3.0,401.0
54701,52.0,7.0,4380.0
55101,27.0,7.0,3019.0
5588,90.0,6.0,5653.0
54603,29.0,4.0,1030.0
52752,30.0,5.0,1617.0
662512,21.0,3.0,911.0
14116,31.0,6.0,2632.0
14613,120.0,5.0,13582.0
645105,1.0,1.0,22.0
53238,28.0,5.0,1359.0
56628,114.0,7.0,10555.0
80018,4.0,3.0,159.0
54744,61.0,7.0,6205.0
54091,26.0,5.0,1206.0
55492,2.0,1.0,103.0
51025,45.0,3.0,1519.0
58823,9.0,2.0,436.0
5590,22.0,6.0,1901.0
53355,21.0,5.0,1025.0
656027,2.0,1.0,25.0
54761,33.0,3.0,1359.0
651350,10.0,5.0,845.0
53840,24.0,3.0,1183.0
103178,12.0,2.0,529.0
51212,22.0,4.0,665.0
5592,1.0,1.0,120.0
53156,9.0,2.0,215.0
12880,14.0,4.0,1748.0
14089,62.0,7.0,4966.0
650158,5.0,4.0,281.0
53345,26.0,3.0,1471.0
651372,42.0,5.0,5808.0
51716,5.0,4.0,484.0
54841,27.0,5.0,1742.0
57930,59.0,5.0,2999.0
53856,121.0,8.0,12706.0
58108,22.0,3.0,835.0
54568,26.0,3.0,1656.0
14309,7.0,2.0,247.0
53130,17.0,5.0,1072.0
57729,1.0,1.0,27.0
14489,4.0,2.0,72.0
53142,16.0,3.0,613.0
662170,4.0,2.0,65.0
14155,120.0,5.0,14206.0
14227,26.0,3.0,1121.0
652546,45.0,5.0,1631.0
53513,6.0,2.0,397.0
14501,6.0,2.0,265.0
14321,8.0,2.0,215.0
53126,26.0,3.0,1040.0
95278,66.0,5.0,5242.0
654372,24.0,4.0,814.0
14164,142.0,9.0,13255.0
654370,4.0,2.0,205.0
57143,35.0,6.0,2591.0
14333,24.0,6.0,1737.0
51232,17.0,3.0,486.0
654365,41.0,7.0,4276.0
55173,31.0,2.0,1272.0
14547,5.0,3.0,115.0
55814,120.0,7.0,8040.0
53239,6.0,4.0,381.0
53353,19.0,4.0,803.0
57394,11.0,5.0,423.0
649335,46.0,5.0,1895.0
14397,7.0,1.0,121.0
102449,51.0,3.0,2694.0
54155,41.0,7.0,2833.0
53811,96.0,8.0,7123.0
56233,16.0,5.0,1277.0
52751,11.0,3.0,583.0
56607,40.0,5.0,1584.0
101234,23.0,2.0,912.0
57062,17.0,4.0,661.0
662854,4.0,2.0,105.0
56532,15.0,3.0,554.0
58595,81.0,8.0,4833.0
56529,49.0,5.0,5224.0
51595,19.0,5.0,1385.0
56412,104.0,5.0,9542.0
656736,0.0,0.0,0.0
21845,17.0,3.0,554.0
81391,12.0,5.0,387.0
654444,1.0,1.0,55.0
664182,8.0,3.0,339.0
14361,5.0,2.0,184.0
102971,78.0,7.0,5256.0
55666,59.0,6.0,2022.0
53351,0.0,0.0,0.0
56393,12.0,2.0,455.0
653854,41.0,5.0,3592.0
655963,13.0,5.0,661.0
54577,17.0,3.0,1463.0
57012,15.0,2.0,466.0
651142,39.0,3.0,1642.0
669912,25.0,5.0,2843.0
14617,6.0,2.0,173.0
56148,0.0,0.0,0.0
57817,12.0,4.0,896.0
14153,69.0,7.0,4603.0
663923,14.0,4.0,527.0
56959,11.0,2.0,347.0
55735,40.0,5.0,2532.0
645943,16.0,2.0,737.0
659679,48.0,8.0,4366.0
13505,45.0,3.0,1505.0
55230,41.0,6.0,4021.0
57204,65.0,8.0,4873.0
54246,6.0,1.0,239.0
634600,78.0,2.0,3106.0
56109,1.0,1.0,20.0
13876,21.0,6.0,1451.0
58137,4.0,2.0,131.0
662124,24.0,3.0,1666.0
14390,11.0,5.0,898.0
78520,8.0,4.0,920.0
652545,57.0,5.0,2524.0
664137,4.0,3.0,144.0
57181,11.0,3.0,391.0
651497,7.0,2.0,261.0
660358,10.0,3.0,419.0
56431,18.0,3.0,971.0
86407,26.0,5.0,2083.0
662863,2.0,1.0,133.0
55753,101.0,7.0,7384.0
56809,22.0,4.0,624.0
80019,5.0,2.0,621.0
56170,13.0,3.0,278.0
650957,10.0,2.0,465.0
673638,40.0,5.0,2646.0
56565,19.0,3.0,333.0
13055,31.0,6.0,1769.0
57652,11.0,3.0,1612.0
57074,21.0,4.0,1264.0
58345,23.0,3.0,1026.0
56680,12.0,4.0,1318.0
55819,19.0,2.0,972.0
56743,47.0,7.0,3240.0
51050,8.0,4.0,675.0
59670,36.0,7.0,4368.0
56426,2.0,2.0,222.0
55731,26.0,5.0,2385.0
56413,15.0,3.0,1614.0
59225,19.0,5.0,992.0
59829,23.0,2.0,714.0
662113,23.0,3.0,1045.0
58382,18.0,3.0,643.0
59852,20.0,3.0,792.0
58297,2.0,2.0,304.0
57199,52.0,5.0,6340.0
58143,1.0,1.0,20.0
58915,41.0,7.0,2748.0
645953,37.0,3.0,1509.0
56180,7.0,4.0,372.0
56277,6.0,2.0,480.0
58749,22.0,5.0,1671.0
60719,14.0,3.0,656.0
60619,9.0,2.0,400.0
56567,12.0,4.0,450.0
60511,21.0,4.0,886.0
59484,61.0,8.0,6407.0
95575,36.0,7.0,2525.0
56189,39.0,4.0,1639.0
58154,47.0,6.0,3465.0
65560,10.0,2.0,605.0
58898,6.0,2.0,409.0
683862,3.0,3.0,103.0
61041,17.0,3.0,1825.0
662865,14.0,3.0,504.0
54699,7.0,2.0,236.0
658334,1.0,1.0,186.0
77512,8.0,4.0,252.0
58627,7.0,3.0,395.0
654350,8.0,2.0,274.0
662525,18.0,2.0,536.0
98956,10.0,2.0,309.0
57815,1.0,1.0,30.0
56978,17.0,3.0,699.0
60260,24.0,7.0,1378.0
58711,35.0,6.0,3058.0
57573,62.0,3.0,2631.0
658711,3.0,3.0,205.0
58621,45.0,3.0,2032.0
81396,23.0,1.0,3772.0
654356,16.0,5.0,1093.0
57365,45.0,3.0,2003.0
94835,10.0,3.0,613.0
644484,0.0,0.0,0.0
59818,25.0,5.0,2450.0
662184,24.0,4.0,2786.0
655995,8.0,3.0,326.0
664272,4.0,2.0,161.0
59557,26.0,5.0,1201.0
57406,76.0,5.0,6804.0
57586,12.0,3.0,410.0
56825,14.0,2.0,689.0
659628,2.0,1.0,120.0
653835,10.0,2.0,512.0
58841,11.0,2.0,379.0
55817,2.0,2.0,38.0
54860,48.0,3.0,2606.0
652954,7.0,2.0,183.0
653815,13.0,1.0,392.0
654576,2.0,1.0,26.0
58795,11.0,5.0,714.0
636036,2.0,2.0,41.0
659821,1.0,1.0,14.0
59752,30.0,2.0,1092.0
61229,19.0,2.0,803.0
659646,6.0,1.0,175.0
59788,26.0,3.0,915.0
73504,32.0,3.0,1247.0
59217,11.0,2.0,346.0
59988,14.0,5.0,783.0
658367,7.0,3.0,305.0
57700,26.0,5.0,1157.0
59468,10.0,2.0,370.0
59834,2.0,2.0,189.0
60737,20.0,3.0,1113.0
59216,18.0,4.0,708.0
59450,28.0,4.0,1483.0
59524,20.0,3.0,771.0
60347,62.0,7.0,6473.0
67520,3.0,2.0,63.0
60112,14.0,7.0,1399.0
58629,6.0,5.0,307.0
59104,21.0,6.0,1251.0
56408,35.0,4.0,2546.0
58710,48.0,8.0,4228.0
56639,31.0,5.0,2176.0
655998,3.0,2.0,27.0
59495,120.0,8.0,10187.0
58819,49.0,8.0,4891.0
61199,144.0,7.0,13650.0
659586,0.0,0.0,0.0
56415,66.0,6.0,6310.0
58609,80.0,8.0,9234.0
57640,24.0,3.0,843.0
59691,20.0,5.0,1293.0
59794,88.0,7.0,6178.0
60638,17.0,4.0,1343.0
24479,48.0,9.0,3570.0
58867,6.0,2.0,210.0
68247,12.0,2.0,560.0
658690,1.0,1.0,32.0
677460,13.0,4.0,314.0
60263,9.0,4.0,762.0
56935,3.0,2.0,107.0
634530,29.0,4.0,2388.0
59239,9.0,3.0,504.0
61079,34.0,3.0,1145.0
656795,0.0,0.0,0.0
60408,10.0,4.0,398.0
60020,25.0,8.0,1860.0
56893,28.0,2.0,1019.0
58818,1.0,1.0,17.0
59853,34.0,3.0,1417.0
659583,4.0,2.0,117.0
58939,16.0,3.0,867.0
662846,19.0,3.0,968.0
97473,45.0,6.0,4735.0
59660,52.0,9.0,4926.0
637327,17.0,3.0,1810.0
59110,13.0,2.0,622.0
677461,41.0,6.0,2840.0
96491,109.0,6.0,10123.0
59774,36.0,2.0,1509.0
68191,32.0,6.0,3582.0
59234,88.0,8.0,7135.0
60381,1.0,1.0,13.0
66174,64.0,6.0,4236.0
73618,55.0,5.0,2618.0
665300,10.0,2.0,367.0
653004,26.0,2.0,1164.0
102968,13.0,4.0,708.0
652921,9.0,2.0,380.0
59525,31.0,7.0,2121.0
74154,7.0,2.0,192.0
59237,21.0,5.0,928.0
642847,11.0,2.0,358.0
59958,9.0,2.0,370.0
58645,66.0,7.0,8091.0
658663,0.0,0.0,0.0
65530,44.0,2.0,1566.0
76217,37.0,2.0,1965.0
64647,78.0,8.0,6581.0
60306,4.0,3.0,143.0
64657,42.0,7.0,2931.0
662774,5.0,2.0,163.0
658125,5.0,2.0,192.0
59904,85.0,4.0,4922.0
61032,8.0,4.0,449.0
98299,6.0,2.0,210.0
66546,11.0,1.0,369.0
73533,35.0,3.0,1241.0
66078,34.0,7.0,2361.0
66037,36.0,7.0,3198.0
61323,35.0,5.0,1569.0
647555,91.0,5.0,4196.0
65944,2.0,2.0,58.0
634801,19.0,3.0,2311.0
652563,14.0,3.0,445.0
59980,6.0,2.0,823.0
65191,25.0,6.0,1703.0
73384,17.0,3.0,703.0
665432,15.0,4.0,451.0
65745,7.0,2.0,492.0
65380,19.0,5.0,2276.0
60838,18.0,4.0,1488.0
659674,48.0,7.0,4665.0
59754,3.0,2.0,71.0
647813,2.0,2.0,315.0
59964,9.0,3.0,615.0
73563,45.0,3.0,1535.0
67973,23.0,5.0,1509.0
634614,15.0,3.0,626.0
66201,2.0,2.0,51.0
550294,5.0,2.0,209.0
59955,46.0,7.0,3983.0
65359,54.0,7.0,5182.0
65898,8.0,3.0,436.0
644211,2.0,2.0,195.0
653770,34.0,5.0,3608.0
656785,0.0,0.0,0.0
65182,15.0,3.0,578.0
66209,14.0,4.0,540.0
66205,5.0,2.0,91.0
644382,76.0,8.0,6349.0
74967,32.0,4.0,1274.0
66041,28.0,5.0,1680.0
58670,2.0,2.0,307.0
61359,23.0,4.0,1041.0
634762,40.0,3.0,2393.0
59966,11.0,3.0,484.0
66025,54.0,8.0,4977.0
65367,61.0,8.0,3405.0
658688,3.0,2.0,183.0
662717,15.0,6.0,1100.0
90862,29.0,3.0,1479.0
65364,40.0,6.0,3910.0
65378,24.0,4.0,1289.0
65363,26.0,5.0,2061.0
60687,1.0,1.0,9.0
65357,20.0,3.0,1712.0
59822,33.0,5.0,2242.0
651513,2.0,1.0,24.0
662829,23.0,3.0,1078.0
659622,7.0,3.0,341.0
639460,7.0,3.0,621.0
91014,11.0,3.0,484.0
65192,18.0,6.0,1473.0
66177,59.0,8.0,4915.0
634588,13.0,3.0,374.0
663105,19.0,3.0,813.0
68186,14.0,5.0,1001.0
60187,17.0,2.0,550.0
98297,5.0,2.0,139.0
73677,15.0,3.0,755.0
74221,4.0,2.0,113.0
652979,3.0,2.0,82.0
65177,9.0,2.0,395.0
66011,13.0,4.0,850.0
647105,58.0,3.0,3161.0
63189,26.0,3.0,1000.0
658363,10.0,4.0,284.0
74389,1.0,1.0,23.0
66284,17.0,3.0,970.0
638404,41.0,3.0,1953.0
60168,23.0,2.0,869.0
74288,32.0,4.0,1497.0
73548,30.0,3.0,1514.0
65520,44.0,3.0,2086.0
634593,23.0,4.0,2249.0
73562,34.0,4.0,1523.0
653852,79.0,7.0,7764.0
65521,26.0,4.0,1203.0
66062,10.0,3.0,893.0
662149,9.0,2.0,233.0
655997,1.0,1.0,17.0
656003,23.0,4.0,1234.0
60474,38.0,6.0,3119.0
660727,32.0,6.0,1994.0
60402,6.0,2.0,199.0
654580,2.0,1.0,46.0
66149,64.0,5.0,3799.0
68232,43.0,5.0,1896.0
90825,10.0,2.0,246.0
73495,3.0,1.0,81.0
65828,49.0,5.0,4912.0
68084,42.0,5.0,4083.0
73767,7.0,3.0,132.0
659653,29.0,3.0,1509.0
73422,54.0,7.0,3252.0
74424,3.0,1.0,97.0
82513,19.0,3.0,862.0
74205,19.0,4.0,1026.0
68616,10.0,3.0,370.0
656002,30.0,4.0,1770.0
666633,16.0,3.0,785.0
73763,24.0,6.0,2184.0
103143,44.0,6.0,3852.0
81761,35.0,5.0,3043.0
634625,35.0,4.0,4631.0
659664,20.0,3.0,687.0
71002,6.0,2.0,260.0
642094,5.0,3.0,226.0
68741,6.0,3.0,193.0
60114,63.0,8.0,5924.0
73837,41.0,4.0,2661.0
73742,5.0,2.0,212.0
634728,25.0,5.0,2493.0
634661,16.0,5.0,1382.0
669374,2.0,1.0,36.0
73803,25.0,2.0,1328.0
639558,5.0,2.0,148.0
73485,39.0,7.0,3437.0
73639,30.0,3.0,1293.0
639791,52.0,8.0,3091.0
65565,10.0,2.0,429.0
73753,14.0,3.0,459.0
102970,21.0,4.0,763.0
639500,23.0,5.0,1474.0
660685,0.0,0.0,0.0
658682,0.0,0.0,0.0
665145,20.0,4.0,1947.0
74185,29.0,3.0,1326.0
65904,46.0,3.0,2438.0
103218,7.0,2.0,291.0
95548,18.0,3.0,762.0
662688,40.0,6.0,3380.0
74410,2.0,1.0,61.0
655779,6.0,2.0,254.0
73836,7.0,3.0,589.0
73427,60.0,6.0,3135.0
99852,29.0,3.0,1043.0
91688,7.0,3.0,257.0
73498,51.0,7.0,4383.0
73782,13.0,4.0,805.0
668363,36.0,6.0,1943.0
85583,13.0,4.0,562.0
642325,16.0,5.0,827.0
66315,53.0,5.0,2586.0
73833,15.0,3.0,819.0
654509,17.0,3.0,946.0
639243,7.0,3.0,435.0
634579,8.0,3.0,752.0
74289,22.0,2.0,789.0
662851,4.0,3.0,221.0
74334,3.0,2.0,78.0
71044,29.0,5.0,1841.0
639213,8.0,3.0,334.0
97762,24.0,2.0,850.0
646897,23.0,3.0,1020.0
638933,9.0,3.0,680.0
654527,20.0,3.0,841.0
73683,26.0,3.0,1003.0
634521,9.0,3.0,378.0
638611,8.0,3.0,566.0
639790,13.0,2.0,600.0
69419,3.0,2.0,118.0
74261,113.0,7.0,6363.0
643195,4.0,2.0,89.0
634492,9.0,2.0,332.0
644316,26.0,3.0,1081.0
73466,14.0,2.0,695.0
72101,31.0,6.0,3073.0
73609,12.0,3.0,747.0
634748,7.0,3.0,264.0
639423,9.0,2.0,280.0
634645,15.0,2.0,775.0
656781,3.0,3.0,129.0
639024,46.0,7.0,3446.0
654402,6.0,2.0,157.0
677462,10.0,3.0,325.0
645202,37.0,4.0,4677.0
73526,24.0,3.0,1144.0
73831,5.0,2.0,104.0
649630,17.0,3.0,509.0
654351,7.0,2.0,228.0
634473,1.0,1.0,185.0
634709,18.0,3.0,715.0
643248,40.0,6.0,2337.0
73646,8.0,1.0,342.0
73715,15.0,5.0,1213.0
634773,9.0,2.0,409.0
73724,17.0,3.0,774.0
84005,28.0,3.0,1259.0
73799,25.0,5.0,1284.0
71027,17.0,3.0,730.0
75199,15.0,3.0,586.0
643247,26.0,5.0,2212.0
73396,13.0,3.0,469.0
643396,7.0,3.0,893.0
69846,4.0,2.0,79.0
639250,19.0,5.0,2075.0
638781,2.0,1.0,23.0
638504,26.0,6.0,1484.0
97687,45.0,4.0,2815.0
73399,22.0,7.0,1654.0
660654,8.0,2.0,470.0
73369,57.0,5.0,4417.0
71557,11.0,3.0,361.0
83284,6.0,2.0,254.0
634789,8.0,3.0,940.0
73569,43.0,6.0,2284.0
644365,19.0,5.0,1152.0
642404,77.0,4.0,2901.0
74257,15.0,4.0,755.0
662864,6.0,3.0,189.0
642062,20.0,2.0,1255.0
662110,21.0,3.0,993.0
662109,33.0,5.0,1582.0
639176,6.0,4.0,95.0
639269,13.0,5.0,864.0
634797,14.0,5.0,1030.0
643053,1.0,1.0,290.0
642433,19.0,3.0,1090.0
639300,92.0,8.0,9906.0
638638,18.0,2.0,778.0
634684,6.0,2.0,244.0
94929,17.0,3.0,819.0
70986,3.0,2.0,142.0
78638,5.0,1.0,144.0
642311,55.0,6.0,3046.0
638903,1.0,1.0,16.0
643054,17.0,4.0,891.0
644312,4.0,1.0,77.0
634587,40.0,3.0,1399.0
638661,5.0,3.0,262.0
659590,10.0,3.0,286.0
683663,2.0,1.0,63.0
634493,16.0,3.0,633.0
645471,0.0,0.0,0.0
639501,23.0,6.0,1223.0
659680,30.0,5.0,1510.0
643789,9.0,4.0,351.0
660730,13.0,6.0,764.0
638513,31.0,6.0,1789.0
638941,19.0,4.0,647.0
639308,11.0,4.0,620.0
646794,12.0,3.0,462.0
669476,22.0,3.0,752.0
639198,53.0,7.0,4881.0
644630,57.0,3.0,2549.0
643699,23.0,3.0,816.0
643537,13.0,3.0,422.0
74517,9.0,2.0,471.0
642192,60.0,7.0,5043.0
97562,49.0,4.0,4785.0
658687,27.0,3.0,1278.0
642382,8.0,5.0,496.0
648455,28.0,3.0,1810.0
639257,35.0,7.0,3443.0
638937,23.0,4.0,693.0
73790,17.0,4.0,1257.0
639304,6.0,1.0,165.0
639425,3.0,3.0,70.0
643578,2.0,1.0,57.0
638921,44.0,5.0,3473.0
644496,7.0,3.0,836.0
638813,26.0,5.0,1824.0
634800,71.0,7.0,4189.0
643645,10.0,5.0,903.0
638950,8.0,3.0,375.0
70235,15.0,2.0,516.0
642424,12.0,6.0,819.0
642252,78.0,7.0,5160.0
639058,20.0,5.0,1503.0
103216,4.0,2.0,62.0
642966,10.0,2.0,331.0
70475,49.0,3.0,1867.0
644606,27.0,6.0,2709.0
72297,33.0,6.0,2250.0
638396,30.0,3.0,1216.0
646749,23.0,4.0,2157.0
656754,25.0,3.0,1416.0
643773,6.0,3.0,224.0
642985,35.0,5.0,1569.0
72321,1.0,1.0,7.0
639454,11.0,3.0,566.0
643312,34.0,6.0,3008.0
638554,7.0,4.0,452.0
639241,13.0,6.0,730.0
642403,9.0,2.0,1867.0
643647,24.0,3.0,922.0
639046,3.0,2.0,249.0
642071,23.0,5.0,1900.0
642330,3.0,2.0,95.0
639200,10.0,3.0,1261.0
654456,4.0,3.0,227.0
643337,2.0,2.0,20.0
643304,12.0,5.0,545.0
643704,0.0,0.0,0.0
643873,15.0,3.0,718.0
668010,8.0,2.0,240.0
642127,32.0,4.0,1549.0
638474,53.0,4.0,2210.0
642402,13.0,4.0,587.0
644530,23.0,5.0,1436.0
97601,9.0,2.0,423.0
662511,4.0,2.0,124.0
95540,10.0,2.0,383.0
643480,91.0,7.0,9412.0
103096,56.0,5.0,2091.0
643361,17.0,5.0,1227.0
642219,19.0,6.0,1447.0
642360,7.0,4.0,595.0
103213,6.0,2.0,214.0
646776,7.0,2.0,150.0
103211,17.0,3.0,738.0
644399,8.0,3.0,490.0
82137,10.0,3.0,455.0
643723,11.0,6.0,850.0
654401,15.0,4.0,1132.0
645207,7.0,2.0,636.0
644500,39.0,6.0,3114.0
659672,16.0,4.0,1640.0
639307,55.0,7.0,4909.0
644946,7.0,3.0,272.0
662857,3.0,2.0,88.0
642234,9.0,2.0,384.0
644698,5.0,2.0,238.0
639356,19.0,2.0,668.0
82478,12.0,4.0,922.0
79972,28.0,3.0,1625.0
83678,9.0,2.0,424.0
642876,28.0,5.0,3373.0
644153,36.0,6.0,2827.0
645142,0.0,0.0,0.0
643299,4.0,2.0,199.0
659582,2.0,1.0,128.0
655925,4.0,1.0,150.0
644623,2.0,1.0,342.0
646695,29.0,5.0,2423.0
644384,10.0,3.0,315.0
660716,9.0,3.0,463.0
644527,15.0,4.0,1608.0
654381,4.0,3.0,195.0
659644,22.0,6.0,963.0
643378,19.0,5.0,1063.0
643705,12.0,4.0,853.0
649663,11.0,5.0,541.0
662183,13.0,2.0,859.0
638476,12.0,4.0,1056.0
643995,1.0,1.0,15.0
646191,67.0,4.0,7636.0
77663,3.0,2.0,162.0
638442,19.0,5.0,1281.0
638919,11.0,3.0,1134.0
644368,22.0,3.0,1065.0
658123,20.0,2.0,1025.0
644281,17.0,5.0,1315.0
659665,23.0,5.0,1423.0
645597,23.0,5.0,1035.0
642880,54.0,4.0,2231.0
643421,51.0,7.0,3676.0
645261,11.0,5.0,833.0
667562,2.0,1.0,46.0
654412,13.0,3.0,968.0
643656,3.0,2.0,64.0
644521,42.0,8.0,3218.0
658370,14.0,3.0,917.0
644388,10.0,2.0,289.0
677434,20.0,4.0,821.0
643742,19.0,5.0,2577.0
660657,12.0,2.0,323.0
644440,13.0,3.0,457.0
642861,1.0,1.0,24.0
643333,10.0,5.0,1113.0
643204,12.0,2.0,475.0
647711,5.0,3.0,352.0
662510,14.0,2.0,489.0
644158,23.0,2.0,810.0
639057,2.0,2.0,197.0
645553,2.0,1.0,39.0
646785,0.0,0.0,0.0
658705,7.0,4.0,601.0
643498,33.0,5.0,2199.0
643117,26.0,4.0,1338.0
643321,12.0,3.0,357.0
643058,2.0,2.0,207.0
644298,13.0,4.0,656.0
646751,3.0,2.0,108.0
643519,2.0,1.0,109.0
638753,2.0,2.0,41.0
643587,17.0,3.0,722.0
648247,2.0,1.0,26.0
662771,29.0,5.0,1927.0
645159,32.0,5.0,1811.0
643034,5.0,3.0,181.0
646891,11.0,4.0,615.0
654379,2.0,1.0,413.0
658674,4.0,4.0,359.0
644571,40.0,5.0,1339.0
643377,0.0,0.0,0.0
643166,14.0,2.0,571.0
645293,8.0,3.0,641.0
643715,2.0,1.0,66.0
649396,17.0,2.0,386.0
653816,16.0,3.0,721.0
644579,4.0,3.0,162.0
645513,21.0,5.0,1478.0
649411,21.0,7.0,1235.0
96289,44.0,2.0,2182.0
75870,8.0,3.0,356.0
647525,2.0,1.0,45.0
643061,9.0,3.0,627.0
643309,30.0,7.0,1609.0
95541,13.0,3.0,438.0
643726,33.0,8.0,2916.0
644406,18.0,5.0,1598.0
662490,5.0,2.0,142.0
643562,17.0,4.0,2004.0
643322,7.0,3.0,321.0
645138,5.0,2.0,155.0
646835,20.0,5.0,1662.0
646418,45.0,6.0,3857.0
658694,9.0,3.0,648.0
659696,0.0,0.0,0.0
643819,9.0,2.0,263.0
648036,17.0,5.0,855.0
644387,14.0,5.0,1150.0
646401,4.0,1.0,205.0
646525,12.0,4.0,1211.0
94437,6.0,2.0,274.0
643351,1.0,1.0,16.0
78961,7.0,1.0,207.0
644516,32.0,5.0,1973.0
646196,7.0,3.0,481.0
647957,11.0,3.0,305.0
77511,33.0,5.0,1805.0
646135,9.0,2.0,286.0
646025,17.0,4.0,1858.0
645372,11.0,3.0,497.0
646043,27.0,4.0,1789.0
642871,20.0,5.0,2801.0
645627,17.0,4.0,2321.0
646567,18.0,5.0,1674.0
646410,14.0,3.0,791.0
645317,0.0,0.0,0.0
98838,5.0,3.0,746.0
642958,17.0,3.0,855.0
645992,3.0,2.0,71.0
647678,24.0,7.0,2632.0
647524,6.0,3.0,277.0
659699,7.0,2.0,291.0
648129,11.0,3.0,711.0
646256,4.0,3.0,327.0
75576,17.0,2.0,830.0
645468,26.0,5.0,1548.0
75964,39.0,3.0,3757.0
643308,37.0,3.0,1416.0
662720,1.0,1.0,7.0
647862,2.0,2.0,38.0
648282,13.0,4.0,1752.0
649436,18.0,4.0,1037.0
648076,17.0,4.0,1969.0
95878,5.0,4.0,316.0
645395,1.0,1.0,21.0
645686,11.0,4.0,848.0
658706,14.0,4.0,1980.0
647234,41.0,5.0,2644.0
647473,9.0,3.0,1160.0
644526,54.0,5.0,3005.0
644262,8.0,3.0,239.0
647592,3.0,1.0,78.0
648778,17.0,4.0,1719.0
645203,3.0,3.0,363.0
646111,15.0,4.0,863.0
648267,15.0,5.0,987.0
646044,15.0,2.0,711.0
646202,47.0,3.0,4747.0
662173,7.0,4.0,490.0
666375,35.0,8.0,2545.0
646364,36.0,3.0,1622.0
645433,3.0,2.0,50.0
649373,12.0,4.0,938.0
645277,7.0,2.0,348.0
648513,8.0,4.0,544.0
95491,9.0,2.0,346.0
645542,13.0,4.0,1088.0
646262,6.0,3.0,225.0
646881,1.0,1.0,7.0
645561,38.0,4.0,4979.0
645214,33.0,5.0,2252.0
646222,80.0,7.0,5271.0
648047,32.0,7.0,2976.0
645867,5.0,1.0,82.0
75755,24.0,6.0,1691.0
645089,0.0,0.0,0.0
650462,30.0,3.0,1306.0
96707,12.0,3.0,490.0
96050,8.0,3.0,645.0
647467,18.0,3.0,622.0
75667,15.0,3.0,628.0
96841,5.0,2.0,155.0
76043,9.0,3.0,529.0
646519,15.0,5.0,704.0
647831,11.0,4.0,1059.0
647968,3.0,2.0,62.0
650613,5.0,2.0,304.0
665316,3.0,3.0,427.0
648427,20.0,5.0,1235.0
98307,22.0,3.0,986.0
658371,26.0,5.0,2939.0
646192,74.0,8.0,7721.0
647873,1.0,1.0,16.0
654349,33.0,3.0,1390.0
646055,17.0,3.0,1165.0
649573,37.0,7.0,2216.0
75635,27.0,7.0,1405.0
647619,0.0,0.0,0.0
75859,16.0,6.0,850.0
646220,28.0,5.0,2322.0
647000,33.0,4.0,1824.0
647747,129.0,5.0,8079.0
644515,33.0,6.0,1971.0
649715,16.0,4.0,708.0
648810,3.0,2.0,69.0
647955,13.0,4.0,922.0
658362,36.0,5.0,1627.0
75698,4.0,2.0,672.0
649460,11.0,3.0,601.0
658121,6.0,1.0,238.0
645591,4.0,1.0,93.0
662673,6.0,3.0,471.0
644141,11.0,4.0,366.0
664776,4.0,1.0,92.0
649827,14.0,4.0,1194.0
650482,14.0,4.0,571.0
646717,13.0,3.0,1790.0
659690,10.0,3.0,434.0
648262,23.0,3.0,1066.0
82500,9.0,4.0,450.0
643445,10.0,2.0,461.0
669691,13.0,2.0,548.0
659645,3.0,2.0,88.0
98780,9.0,3.0,750.0
647956,6.0,2.0,346.0
646869,1.0,1.0,7.0
658348,0.0,0.0,0.0
77720,8.0,3.0,573.0
650192,3.0,2.0,53.0
646173,0.0,0.0,0.0
649516,38.0,8.0,4018.0
648214,6.0,2.0,182.0
75998,8.0,3.0,381.0
649590,3.0,2.0,474.0
75611,19.0,3.0,641.0
650129,14.0,3.0,468.0
75701,39.0,7.0,3233.0
649917,12.0,3.0,426.0
654463,0.0,0.0,0.0
75751,54.0,5.0,3167.0
645153,42.0,5.0,2978.0
76069,17.0,3.0,2394.0
98311,4.0,2.0,98.0
76092,8.0,3.0,654.0
649875,26.0,3.0,1381.0
649634,10.0,3.0,525.0
76072,11.0,3.0,568.0
647734,2.0,1.0,43.0
648775,4.0,3.0,220.0
75561,16.0,3.0,676.0
647795,6.0,2.0,1039.0
649592,29.0,6.0,2406.0
78314,90.0,7.0,5999.0
97926,11.0,2.0,470.0
75739,4.0,2.0,98.0
659596,14.0,6.0,853.0
646521,4.0,3.0,499.0
647788,6.0,2.0,1047.0
76115,39.0,3.0,1594.0
649825,3.0,2.0,668.0
95471,24.0,4.0,1204.0
75804,7.0,2.0,339.0
668132,17.0,4.0,1765.0
96041,30.0,3.0,881.0
76065,12.0,3.0,445.0
75709,17.0,3.0,655.0
78668,7.0,3.0,526.0
75823,5.0,3.0,204.0
662172,35.0,6.0,3790.0
662679,16.0,5.0,1596.0
75889,5.0,2.0,216.0
75747,26.0,3.0,981.0
648659,1.0,1.0,80.0
649788,1.0,1.0,21.0
75750,30.0,5.0,3272.0
649778,42.0,7.0,3422.0
649921,6.0,3.0,826.0
75838,88.0,6.0,5545.0
96064,4.0,2.0,83.0
648005,31.0,8.0,2707.0
78305,3.0,2.0,62.0
649829,6.0,1.0,124.0
75852,14.0,3.0,617.0
78381,2.0,1.0,74.0
658721,10.0,3.0,437.0
650143,12.0,4.0,474.0
650342,6.0,1.0,249.0
662147,27.0,2.0,1171.0
77881,5.0,3.0,241.0
649836,12.0,3.0,953.0
649708,20.0,5.0,1143.0
75738,41.0,6.0,4086.0
650114,36.0,3.0,1780.0
95965,27.0,6.0,2933.0
78135,8.0,3.0,298.0
78308,21.0,4.0,1090.0
649470,7.0,2.0,252.0
650168,4.0,1.0,179.0
649631,10.0,3.0,330.0
648265,10.0,3.0,1067.0
78066,3.0,2.0,245.0
650194,12.0,1.0,559.0
77628,5.0,3.0,572.0
649602,1.0,1.0,24.0
649656,45.0,5.0,5397.0
75712,29.0,3.0,1015.0
78431,4.0,2.0,198.0
96198,2.0,1.0,139.0
653075,20.0,4.0,861.0
77764,28.0,4.0,3063.0
658126,2.0,1.0,36.0
650090,13.0,3.0,699.0
75543,4.0,3.0,388.0
98590,2.0,2.0,176.0
76024,17.0,6.0,1167.0
95830,8.0,3.0,254.0
76063,38.0,5.0,4267.0
648569,6.0,3.0,304.0
75616,11.0,3.0,315.0
668121,7.0,4.0,903.0
649982,8.0,3.0,416.0
78338,0.0,0.0,0.0
656005,18.0,5.0,1042.0
649629,31.0,2.0,895.0
645979,14.0,4.0,600.0
78220,17.0,3.0,1132.0
649635,16.0,4.0,1280.0
76093,6.0,2.0,234.0
662044,10.0,4.0,967.0
97328,19.0,4.0,1052.0
97195,15.0,5.0,1276.0
648667,39.0,6.0,2145.0
659652,1.0,1.0,28.0
649359,11.0,4.0,555.0
649600,17.0,7.0,2047.0
649603,2.0,1.0,342.0
649383,15.0,3.0,530.0
75696,9.0,2.0,315.0
95791,13.0,4.0,843.0
76104,5.0,3.0,215.0
103215,5.0,2.0,172.0
77679,15.0,4.0,698.0
669390,10.0,4.0,959.0
95985,16.0,2.0,729.0
78543,5.0,4.0,596.0
95480,7.0,2.0,238.0
95807,23.0,4.0,984.0
95763,4.0,3.0,465.0
95957,10.0,3.0,399.0
658122,3.0,1.0,203.0
77734,20.0,4.0,1496.0
75961,30.0,6.0,1714.0
78384,0.0,0.0,0.0
82497,8.0,3.0,437.0
78513,25.0,3.0,1008.0
98678,3.0,3.0,306.0
78071,2.0,1.0,36.0
98728,7.0,3.0,375.0
97239,6.0,3.0,107.0
652072,3.0,3.0,241.0
78432,9.0,5.0,1097.0
95687,1.0,1.0,19.0
660675,6.0,1.0,230.0
95770,38.0,3.0,1370.0
649650,25.0,5.0,2870.0
95677,3.0,2.0,527.0
96137,34.0,5.0,1935.0
75946,21.0,5.0,1307.0
674610,6.0,3.0,175.0
95712,12.0,3.0,578.0
650162,68.0,6.0,3722.0
95923,13.0,5.0,1023.0
662157,13.0,4.0,1023.0
78479,10.0,3.0,578.0
96713,1.0,1.0,32.0
658364,11.0,4.0,621.0
96706,19.0,3.0,626.0
95689,12.0,4.0,452.0
75684,1.0,1.0,21.0
76127,4.0,3.0,544.0
101161,4.0,2.0,78.0
78086,41.0,5.0,3553.0
96048,4.0,1.0,107.0
77803,20.0,4.0,1158.0
78121,1.0,1.0,14.0
96626,11.0,5.0,899.0
77629,12.0,2.0,532.0
75860,10.0,3.0,478.0
665043,45.0,5.0,4485.0
77974,1.0,1.0,29.0
655974,2.0,2.0,187.0
77712,71.0,7.0,5194.0
75723,0.0,0.0,0.0
95980,5.0,2.0,228.0
96672,3.0,2.0,109.0
75790,7.0,2.0,212.0
95746,9.0,3.0,303.0
101236,11.0,2.0,431.0
96225,4.0,2.0,65.0
98310,11.0,3.0,403.0
77935,11.0,5.0,878.0
77940,7.0,2.0,220.0
649920,1.0,1.0,17.0
76094,2.0,1.0,101.0
95657,10.0,3.0,333.0
95675,19.0,3.0,647.0
96172,3.0,2.0,71.0
78528,0.0,0.0,0.0
77788,46.0,7.0,5077.0
97362,10.0,2.0,300.0
102524,3.0,1.0,122.0
98053,19.0,5.0,1103.0
78471,14.0,2.0,246.0
95652,13.0,2.0,550.0
77835,14.0,5.0,1013.0
660648,22.0,3.0,911.0
78035,20.0,3.0,780.0
96900,6.0,3.0,209.0
96145,14.0,4.0,516.0
649959,22.0,6.0,2829.0
96029,3.0,2.0,123.0
77854,5.0,3.0,152.0
653690,30.0,4.0,1174.0
96244,20.0,3.0,770.0
78357,11.0,5.0,1152.0
96742,4.0,3.0,569.0
77927,21.0,3.0,1231.0
78002,16.0,6.0,1060.0
78761,43.0,7.0,3646.0
78762,19.0,5.0,1492.0
96660,2.0,2.0,29.0
101265,32.0,4.0,2241.0
77897,7.0,3.0,441.0
95988,6.0,3.0,246.0
648841,15.0,4.0,1489.0
77740,14.0,2.0,634.0
98489,8.0,3.0,228.0
97077,4.0,2.0,203.0
96574,2.0,1.0,57.0
98113,1.0,1.0,28.0
78450,9.0,2.0,211.0
78260,2.0,1.0,20.0
95991,2.0,2.0,59.0
683851,12.0,2.0,624.0
77855,5.0,2.0,139.0
96618,3.0,3.0,408.0
662686,21.0,3.0,1058.0
77826,25.0,5.0,1723.0
96023,32.0,7.0,4649.0
96625,2.0,1.0,376.0
95732,3.0,2.0,144.0
98544,3.0,2.0,92.0
100016,1.0,1.0,154.0
98732,19.0,4.0,936.0
659820,1.0,1.0,321.0
95751,16.0,5.0,1213.0
77994,1.0,1.0,107.0
77727,15.0,5.0,679.0
98581,27.0,5.0,1257.0
96042,3.0,2.0,94.0
96906,17.0,4.0,1712.0
649398,7.0,5.0,673.0
660697,12.0,3.0,723.0
96607,28.0,5.0,1974.0
98684,9.0,4.0,713.0
97155,13.0,4.0,554.0
97299,28.0,3.0,1076.0
98706,12.0,3.0,479.0
95870,10.0,3.0,878.0
102049,17.0,3.0,794.0
97876,3.0,1.0,101.0
98657,3.0,2.0,65.0
98233,4.0,2.0,78.0
98856,8.0,2.0,281.0
96556,15.0,3.0,2747.0
97933,0.0,0.0,0.0
98851,13.0,2.0,371.0
98490,9.0,2.0,171.0
103060,3.0,3.0,329.0
97029,15.0,3.0,499.0
97139,43.0,5.0,3527.0
97140,19.0,5.0,1341.0
96924,16.0,5.0,1008.0
97145,13.0,4.0,828.0
98610,12.0,3.0,834.0
97011,10.0,3.0,349.0
96833,0.0,0.0,0.0
96852,9.0,2.0,376.0
97254,4.0,3.0,194.0
96232,13.0,4.0,1423.0
96877,10.0,5.0,1093.0
97298,4.0,2.0,116.0
98842,18.0,3.0,836.0
95911,16.0,4.0,1208.0
99772,16.0,5.0,1963.0
98201,20.0,5.0,1464.0
96958,28.0,3.0,1383.0
95813,5.0,3.0,201.0
96570,1.0,1.0,10.0
97024,1.0,1.0,11.0
97158,19.0,4.0,3204.0
97836,18.0,3.0,959.0
96954,8.0,3.0,881.0
97130,24.0,6.0,1792.0
97929,1.0,1.0,37.0
96863,5.0,1.0,123.0
97379,1.0,1.0,24.0
96867,25.0,5.0,1593.0
97137,30.0,4.0,2422.0
98757,17.0,4.0,1777.0
78499,13.0,4.0,1590.0
97410,5.0,3.0,198.0
97928,16.0,5.0,1447.0
97002,14.0,5.0,1293.0
97829,10.0,4.0,762.0
98896,4.0,2.0,98.0
100470,4.0,1.0,292.0
75799,6.0,4.0,251.0
101371,13.0,3.0,433.0
96034,68.0,8.0,5917.0
101243,5.0,2.0,123.0
97845,36.0,7.0,2720.0
96905,33.0,6.0,2897.0
655729,25.0,6.0,1475.0
98513,4.0,1.0,239.0
98536,4.0,3.0,395.0
653775,4.0,2.0,180.0
96213,8.0,3.0,544.0
100555,3.0,1.0,37.0
100471,7.0,2.0,294.0
97138,13.0,2.0,617.0
100423,1.0,1.0,22.0
96168,2.0,1.0,443.0
96208,6.0,3.0,282.0
95787,27.0,5.0,929.0
673473,12.0,3.0,550.0
96832,7.0,2.0,262.0
101628,6.0,2.0,327.0
652588,4.0,2.0,170.0
100484,21.0,5.0,1158.0
102035,7.0,2.0,565.0
98372,11.0,4.0,594.0
98855,5.0,4.0,370.0
98214,0.0,0.0,0.0
99588,3.0,2.0,253.0
97846,13.0,3.0,594.0
99983,3.0,1.0,168.0
100591,3.0,2.0,78.0
656001,1.0,1.0,24.0
96166,46.0,5.0,2330.0
98357,13.0,4.0,1395.0
100723,7.0,3.0,234.0
99308,25.0,6.0,1664.0
99141,6.0,4.0,351.0
679555,11.0,3.0,767.0
98398,10.0,3.0,1032.0
678931,6.0,3.0,278.0
99944,14.0,3.0,484.0
97853,9.0,5.0,696.0
100334,4.0,2.0,131.0
101883,1.0,1.0,34.0
99136,6.0,3.0,273.0
99877,1.0,1.0,7.0
101480,4.0,3.0,172.0
98826,4.0,3.0,286.0
100592,16.0,5.0,1026.0
99869,4.0,2.0,81.0
98380,8.0,3.0,177.0
100434,3.0,2.0,470.0
97022,16.0,4.0,472.0
99138,1.0,1.0,31.0
99267,2.0,2.0,421.0
98344,15.0,3.0,570.0
100523,6.0,2.0,121.0
683848,8.0,3.0,340.0
100490,3.0,2.0,157.0
97144,8.0,3.0,389.0
101896,0.0,0.0,0.0
101290,3.0,2.0,143.0
98256,18.0,5.0,1314.0
102508,12.0,5.0,1399.0
101329,29.0,5.0,1917.0
672957,12.0,5.0,808.0
101818,2.0,1.0,70.0
98468,2.0,2.0,55.0
98417,11.0,3.0,1473.0
652590,3.0,2.0,68.0
98376,9.0,3.0,445.0
676557,8.0,4.0,571.0
99110,18.0,5.0,2419.0
97056,14.0,3.0,235.0
98482,39.0,5.0,3058.0
97894,14.0,3.0,716.0
98340,11.0,4.0,630.0
103051,2.0,1.0,61.0
100055,16.0,4.0,2657.0
98892,9.0,4.0,677.0
100259,3.0,1.0,146.0
677411,11.0,3.0,498.0
103214,5.0,2.0,122.0
100136,22.0,2.0,643.0
98828,5.0,2.0,164.0
99249,11.0,3.0,448.0
99686,16.0,3.0,474.0
100722,10.0,4.0,932.0
98467,1.0,1.0,8.0
662522,9.0,2.0,341.0
100675,12.0,3.0,399.0
96869,7.0,2.0,202.0
98369,16.0,3.0,622.0
99225,16.0,3.0,1116.0
98413,7.0,2.0,175.0
99124,6.0,3.0,207.0
101545,5.0,2.0,138.0
100450,3.0,3.0,54.0
102560,5.0,2.0,71.0
653585,7.0,3.0,399.0
102901,1.0,1.0,184.0
99143,41.0,8.0,2543.0
103007,5.0,2.0,159.0
100304,3.0,1.0,38.0
101297,16.0,3.0,733.0
98473,14.0,3.0,822.0
96856,30.0,3.0,1266.0
102576,17.0,3.0,1002.0
99718,3.0,2.0,372.0
100262,5.0,1.0,135.0
99596,15.0,3.0,498.0
99956,4.0,2.0,76.0
102919,4.0,3.0,263.0
100276,15.0,3.0,482.0
100518,3.0,2.0,137.0
98342,11.0,2.0,531.0
102526,5.0,3.0,411.0
652704,9.0,3.0,309.0
652808,6.0,2.0,125.0
98686,29.0,5.0,1565.0
651799,4.0,3.0,296.0
652656,8.0,4.0,640.0
655951,6.0,3.0,368.0
100664,13.0,5.0,1219.0
100424,9.0,4.0,1165.0
98044,10.0,3.0,458.0
653119,13.0,2.0,314.0
100427,22.0,3.0,1666.0
102662,10.0,2.0,401.0
97037,11.0,4.0,365.0
652589,8.0,4.0,390.0
100717,2.0,2.0,116.0
652684,3.0,2.0,47.0
98433,23.0,4.0,1986.0
668333,18.0,3.0,733.0
102753,18.0,4.0,774.0
652839,14.0,5.0,1281.0
102670,22.0,7.0,1593.0
654191,19.0,6.0,1736.0
97017,13.0,3.0,676.0
652826,3.0,1.0,116.0
653628,23.0,5.0,2012.0
101281,27.0,4.0,1509.0
102509,10.0,4.0,775.0
102688,3.0,1.0,58.0
102988,18.0,5.0,680.0
652800,3.0,2.0,62.0
99887,19.0,5.0,1801.0
99419,4.0,2.0,123.0
102604,0.0,0.0,0.0
651729,1.0,1.0,22.0
103220,6.0,2.0,264.0
100682,9.0,4.0,978.0
102656,1.0,1.0,7.0
652724,11.0,2.0,503.0
653688,12.0,4.0,492.0
651722,14.0,2.0,337.0
99442,12.0,2.0,326.0
100696,0.0,0.0,0.0
651738,28.0,5.0,2423.0
652462,10.0,5.0,647.0
100573,3.0,2.0,78.0
651680,22.0,3.0,1111.0
103052,4.0,3.0,231.0
100437,2.0,1.0,62.0
652058,1.0,1.0,30.0
653778,4.0,1.0,201.0
652798,51.0,6.0,5159.0
99102,4.0,2.0,143.0
652859,1.0,1.0,31.0
103016,3.0,1.0,65.0
652816,10.0,3.0,590.0
653545,5.0,2.0,288.0
102577,2.0,1.0,30.0
102655,1.0,1.0,22.0
102504,19.0,6.0,2177.0
102634,21.0,3.0,634.0
102665,8.0,2.0,464.0
102518,7.0,6.0,374.0
102641,7.0,3.0,581.0
102644,0.0,0.0,0.0
653183,2.0,1.0,46.0
103076,3.0,3.0,422.0
652759,6.0,3.0,185.0
651902,0.0,0.0,0.0
651763,7.0,4.0,623.0
99100,1.0,1.0,7.0
652181,7.0,3.0,207.0
102747,11.0,2.0,609.0
652736,3.0,2.0,54.0
660059,17.0,4.0,1586.0
102575,5.0,2.0,892.0
677508,18.0,5.0,1258.0
652810,4.0,3.0,102.0
102677,13.0,3.0,473.0
651675,27.0,4.0,1276.0
652412,24.0,2.0,1561.0
653651,3.0,2.0,72.0
659580,3.0,1.0,167.0
102559,25.0,7.0,1693.0
652665,4.0,1.0,76.0
102594,2.0,1.0,55.0
652655,3.0,3.0,204.0
656651,16.0,4.0,980.0
655747,5.0,3.0,181.0
651584,11.0,3.0,533.0
652275,0.0,0.0,0.0
102572,9.0,4.0,962.0
653534,44.0,5.0,2448.0
654129,5.0,2.0,187.0
652047,15.0,3.0,572.0
652714,2.0,2.0,66.0
655588,0.0,0.0,0.0
655773,2.0,1.0,40.0
102812,4.0,3.0,92.0
652450,2.0,1.0,42.0
652613,2.0,2.0,57.0
102674,3.0,2.0,59.0
652823,1.0,1.0,24.0
102520,3.0,2.0,118.0
652641,15.0,4.0,681.0
654344,17.0,3.0,623.0
657391,13.0,3.0,580.0
651665,19.0,4.0,1081.0
654262,8.0,3.0,1239.0
653547,3.0,2.0,78.0
655702,11.0,2.0,389.0
652796,18.0,3.0,683.0
654027,26.0,2.0,1281.0
683807,5.0,3.0,144.0
102668,1.0,1.0,17.0
655624,2.0,2.0,50.0
654118,2.0,2.0,81.0
102915,24.0,6.0,1399.0
652768,6.0,3.0,290.0
653985,13.0,4.0,687.0
656168,18.0,2.0,638.0
656665,8.0,4.0,449.0
654322,1.0,1.0,13.0
654955,3.0,2.0,117.0
655555,8.0,3.0,224.0
656130,16.0,4.0,1027.0
654081,6.0,3.0,271.0
655520,4.0,3.0,180.0
654091,10.0,2.0,263.0
654169,16.0,4.0,865.0
655517,16.0,4.0,530.0
655596,13.0,2.0,393.0
662436,15.0,2.0,729.0
655525,19.0,4.0,1153.0
655736,1.0,1.0,18.0
655764,8.0,2.0,329.0
654221,5.0,2.0,197.0
655570,11.0,3.0,435.0
654197,1.0,1.0,30.0
655522,10.0,3.0,240.0
655447,1.0,1.0,29.0
655416,16.0,3.0,395.0
654250,13.0,5.0,860.0
656587,10.0,3.0,317.0
656194,9.0,3.0,414.0
654077,13.0,2.0,430.0
651745,10.0,3.0,353.0
655569,15.0,3.0,449.0
654104,12.0,1.0,530.0
654082,12.0,5.0,580.0
683741,5.0,2.0,407.0
655538,9.0,4.0,296.0
683699,9.0,2.0,232.0
654253,8.0,2.0,311.0
652624,7.0,3.0,1065.0
654247,20.0,7.0,1607.0
654017,12.0,3.0,346.0
672911,4.0,3.0,399.0
654016,8.0,3.0,204.0
659295,4.0,3.0,335.0
654107,6.0,2.0,243.0
657354,5.0,3.0,306.0
658319,13.0,3.0,677.0
655235,1.0,1.0,19.0
653914,22.0,2.0,760.0
653884,5.0,4.0,384.0
654103,3.0,2.0,138.0
659311,14.0,2.0,350.0
658481,14.0,4.0,711.0
657386,26.0,3.0,1113.0
657331,10.0,2.0,376.0
658478,6.0,3.0,613.0
654297,8.0,3.0,494.0
655516,2.0,2.0,88.0
658070,8.0,2.0,198.0
655515,16.0,3.0,645.0
658560,4.0,3.0,357.0
658467,7.0,3.0,359.0
659263,4.0,2.0,331.0
659325,12.0,2.0,496.0
655509,1.0,1.0,270.0
659728,7.0,2.0,240.0
657523,3.0,3.0,335.0
657500,3.0,2.0,379.0
683638,1.0,1.0,15.0
657319,5.0,3.0,497.0
659315,6.0,3.0,164.0
657356,6.0,2.0,133.0
661047,5.0,3.0,454.0
661227,13.0,2.0,505.0
661234,5.0,2.0,172.0
657449,10.0,3.0,421.0
661219,2.0,2.0,213.0
661261,25.0,2.0,888.0
683722,6.0,3.0,186.0
665621,4.0,2.0,109.0
668898,4.0,2.0,119.0
659629,0.0,0.0,0.0
