FEATURE,TIPO_ORIGINAL,NULOS,IMPUTACION,TRANSFORMACION,ENCODING,ESCALAMIENTO,INCLUIDA
NUM_TITULACIONES,float64,0.0,sin nulos,ninguna,ninguno (numerica),StandardScaler,True
NUM_TIT_BACHILLERATO,float64,0.0,sin nulos,ninguna,ninguno (numerica),StandardScaler,True
NUM_TIT_CUARTO_NIVEL,float64,0.0,sin nulos,ninguna,ninguno (numerica),StandardScaler,True
NUM_TIT_TERCER_NIVEL,float64,0.0,sin nulos,ninguna,ninguno (numerica),StandardScaler,True
NUM_CAPACITACIONES,float64,0.0,sin nulos,log1p,ninguno (numerica),StandardScaler,True
SUMA_DURACION_CAPACITACIONES,float64,0.0,sin nulos,log1p,ninguno (numerica),StandardScaler,True
NUM_CAPACITACIONES_APROBACION,float64,0.0,sin nulos,log1p,ninguno (numerica),StandardScaler,True
NUM_CAPACITACIONES_VIRTUAL,float64,0.0,sin nulos,log1p,ninguno (numerica),StandardScaler,True
NUM_CAPACITACIONES_PRESENCIAL,float64,0.0,sin nulos,log1p,ninguno (numerica),StandardScaler,True
NUM_CERTIFICACIONES,float64,0.0,sin nulos,log1p,ninguno (numerica),StandardScaler,True
SUMA_DURACION_CERTIFICACIONES,float64,0.0,sin nulos,log1p,ninguno (numerica),StandardScaler,True
NUM_PONENCIAS,float64,0.0,sin nulos,log1p,ninguno (numerica),StandardScaler,True
SUMA_DURACION_PONENCIAS,float64,0.0,sin nulos,log1p,ninguno (numerica),StandardScaler,True
NUM_CURSOS,float64,0.0,sin nulos,log1p,ninguno (numerica),StandardScaler,True
NUM_PERIODOS_DOCENCIA,float64,0.0,sin nulos,ninguna,ninguno (numerica),StandardScaler,True
TOTAL_HORAS_DOCENCIA,float64,0.0,sin nulos,log1p,ninguno (numerica),StandardScaler,True
TOTAL_ESTUDIANTES,float64,0.0,sin nulos,log1p,ninguno (numerica),StandardScaler,True
PROMEDIO_ESTUDIANTES_POR_CURSO,float64,66.64,0,ninguna,ninguno (numerica),StandardScaler,True
NUM_ACTIVIDADES_POLITECNICAS,float64,0.0,sin nulos,ninguna,ninguno (numerica),StandardScaler,True
NUM_ACTIVIDADES_T1,float64,0.0,sin nulos,ninguna,ninguno (numerica),StandardScaler,True
NUM_ACTIVIDADES_T2,float64,0.0,sin nulos,ninguna,ninguno (numerica),StandardScaler,True
NUM_ACTIVIDADES_T3,float64,0.0,sin nulos,log1p,ninguno (numerica),StandardScaler,True
TOTAL_HORAS_POLITECNICAS,float64,0.0,sin nulos,ninguna,ninguno (numerica),StandardScaler,True
NUM_EXPERIENCIAS_EXTERNAS,float64,0.0,sin nulos,log1p,ninguno (numerica),StandardScaler,True
NUM_EXPERIENCIAS_ACADEMICAS,float64,0.0,sin nulos,log1p,ninguno (numerica),StandardScaler,True
NUM_EXPERIENCIAS_ADMINISTRATIVAS,float64,0.0,sin nulos,log1p,ninguno (numerica),StandardScaler,True
NUM_EXPERIENCIAS_POR_CLASIFICAR,float64,0.0,sin nulos,log1p,ninguno (numerica),StandardScaler,True
NUM_EXPERIENCIAS_ROL_PROFESOR,float64,0.0,sin nulos,log1p,ninguno (numerica),StandardScaler,True
NUM_IDIOMAS,float64,0.0,sin nulos,ninguna,ninguno (numerica),StandardScaler,True
NUM_IDIOMAS_NO_NATIVOS,float64,0.0,sin nulos,ninguna,ninguno (numerica),StandardScaler,True
NUM_IDIOMAS_CON_NIVELMCER,float64,0.0,sin nulos,log1p,ninguno (numerica),StandardScaler,True
NUM_EVALUACIONES,float64,0.0,sin nulos,log1p,ninguno (numerica),StandardScaler,True
PROMEDIO_HETEROEVALUACION,float64,61.47,mediana,ninguna,ninguno (numerica),StandardScaler,True
TOTAL_REGISTRADOS,float64,0.0,sin nulos,log1p,ninguno (numerica),StandardScaler,True
TOTAL_EVALUADOS,float64,0.0,sin nulos,log1p,ninguno (numerica),StandardScaler,True
COBERTURA_EVALUACION,float64,61.47,0,ninguna,ninguno (numerica),StandardScaler,True
NUM_RECONOCIMIENTOS,float64,0.0,sin nulos,log1p,ninguno (numerica),StandardScaler,True
NUM_TIPOS_RECONOCIMIENTO_DISTINTOS,float64,0.0,sin nulos,log1p,ninguno (numerica),StandardScaler,True
NUM_PROYECTOS_GRADO_DIRIGIDOS,float64,0.0,sin nulos,log1p,ninguno (numerica),StandardScaler,True
NUM_PROGRAMAS_TITULACION_DISTINTOS,float64,0.0,sin nulos,log1p,ninguno (numerica),StandardScaler,True
NUM_PROYECTOS_INVESTIGACION,float64,0.0,sin nulos,log1p,ninguno (numerica),StandardScaler,True
NUM_PROYECTOS_ACTIVOS,float64,0.0,sin nulos,log1p,ninguno (numerica),StandardScaler,True
NUM_PROYECTOS_FINALIZADOS,float64,0.0,sin nulos,log1p,ninguno (numerica),StandardScaler,True
NUM_PROYECTOS_COMO_DIRECTOR,float64,0.0,sin nulos,log1p,ninguno (numerica),StandardScaler,True
NUM_PROYECTOS_COMO_CODIRECTOR,float64,0.0,sin nulos,log1p,ninguno (numerica),StandardScaler,True
NUM_PROYECTOS_COMO_PARTICIPANTE,float64,0.0,sin nulos,log1p,ninguno (numerica),StandardScaler,True
NUM_PROYECTOS_VINCULACION,float64,0.0,sin nulos,log1p,ninguno (numerica),StandardScaler,True
NUM_VINCULACION_TUTOR,float64,0.0,sin nulos,log1p,ninguno (numerica),StandardScaler,True
NUM_VINCULACION_DIRECTOR_PROYECTO,float64,0.0,sin nulos,log1p,ninguno (numerica),StandardScaler,True
NUM_VINCULACION_DIRECTOR_PROGRAMA,float64,0.0,sin nulos,log1p,ninguno (numerica),StandardScaler,True
NUM_PUBLICACIONES,float64,0.0,sin nulos,log1p,ninguno (numerica),StandardScaler,True
NUM_PUBLICACIONES_INDEXADAS,float64,0.0,sin nulos,log1p,ninguno (numerica),StandardScaler,True
NUM_PUBLICACIONES_REVISION_PARES,float64,0.0,sin nulos,log1p,ninguno (numerica),StandardScaler,True
NUM_PUBLICACIONES_Q1,float64,0.0,sin nulos,log1p,ninguno (numerica),StandardScaler,True
NUM_PUBLICACIONES_Q2,float64,0.0,sin nulos,log1p,ninguno (numerica),StandardScaler,True
N_REGISTROS_HISTORIAL,float64,0.16,mediana,log1p,ninguno (numerica),StandardScaler,True
N_CONTRATOS_TOTAL,float64,0.16,mediana,log1p,ninguno (numerica),StandardScaler,True
N_CARGOS_DISTINTOS,float64,0.16,mediana,log1p,ninguno (numerica),StandardScaler,True
CARGO_ACTUAL,str,0.16,"DESCONOCIDO (documentada, no aplicada a la matriz)",ninguna,ninguno (excluida por alta cardinalidad),ninguno,False
CARGO_MAS_FRECUENTE,str,0.16,"DESCONOCIDO (documentada, no aplicada a la matriz)",ninguna,ninguno (excluida por alta cardinalidad),ninguno,False
MULTIPLES_CARGOS_MISMO_ANIO,object,0.16,moda,ninguna,binaria 0/1,ninguno (0/1),True
N_UNIDADES_DISTINTAS,float64,0.16,mediana,log1p,ninguno (numerica),StandardScaler,True
UNIDAD_ACTUAL_NOMBRE,str,0.16,"DESCONOCIDO (documentada, no aplicada a la matriz)",ninguna,ninguno (excluida por alta cardinalidad),ninguno,False
N_FACULTADES_DISTINTAS,float64,0.16,mediana,ninguna,ninguno (numerica),StandardScaler,True
PASO_POR_RECTORADO,object,0.16,moda,ninguna,binaria 0/1,ninguno (0/1),True
N_REGIMENES_DISTINTOS,float64,0.16,mediana,ninguna,ninguno (numerica),StandardScaler,True
REGIMEN_INICIAL_DESC,str,17.68,DESCONOCIDO,ninguna,one_hot,ninguno (dummy 0/1),True
REGIMEN_ACTUAL_DESC,str,0.16,DESCONOCIDO,ninguna,one_hot,ninguno (dummy 0/1),True
TIPOEMPLEADO_ACTUAL_DESC,str,0.16,ninguna (se conserva tal cual),ninguna,"ninguno (excluida por circularidad de trayectoria, DEC-013)",ninguno,False
ES_DOCENTE_ADMIN_MIXTO,object,0.16,ninguna (se conserva tal cual),ninguna,"ninguno (excluida por circularidad de trayectoria, DEC-013)",ninguno,False
ANIOS_EXPERIENCIA_DOCENTE,float64,0.16,mediana,log1p,ninguno (numerica),StandardScaler,True
ANIOS_EXPERIENCIA_ADMINISTRATIVO,float64,0.16,mediana,log1p,ninguno (numerica),StandardScaler,True
DEDICACION_DOCENTE_ACTUAL,str,35.59,DESCONOCIDO,ninguna,one_hot,ninguno (dummy 0/1),True
DEDICACION_DOCENTE_MAS_FRECUENTE,str,35.59,DESCONOCIDO,ninguna,one_hot,ninguno (dummy 0/1),True
N_DEDICACIONES_DOCENTE_DISTINTAS,float64,0.16,mediana,ninguna,ninguno (numerica),StandardScaler,True
PROPORCION_CONTRATOS_FINALIZADOS,float64,0.16,mediana,ninguna,ninguno (numerica),StandardScaler,True
VIGENTE_ACTUALMENTE,object,0.16,moda,ninguna,binaria 0/1,ninguno (0/1),True
ANTIGUEDAD_EFECTIVA_ANIOS,float64,0.16,mediana,log1p,ninguno (numerica),StandardScaler,True
ANTIGUEDAD_CALENDARIO_ANIOS,float64,0.16,mediana,ninguna,ninguno (numerica),StandardScaler,True
N_REINGRESOS,float64,0.16,mediana,log1p,ninguno (numerica),StandardScaler,True
NIVEL_ACADEMICO_MAXIMO,str,0.0,sin nulos,ninguna,ordinal explicito,StandardScaler,True
PROPORCION_CAPACITACIONES_APROBADAS,float64,17.59,0,ninguna,ninguno (numerica),StandardScaler,True
HORAS_PROMEDIO_POR_ACTIVIDAD_POLITECNICA,float64,47.79,0,log1p,ninguno (numerica),StandardScaler,True
NUM_PUBLICACIONES_POR_ANIO,float64,29.05,0,log1p,ninguno (numerica),StandardScaler,True
NUM_PROYECTOS_INVESTIGACION_POR_ANIO,float64,29.05,0,log1p,ninguno (numerica),StandardScaler,True
N_TRAMOS_ROL,float64,22.5,ninguna (se conserva tal cual),ninguna,"ninguno (excluida por circularidad de trayectoria, DEC-013)",ninguno,False
N_CATEGORIAS_ROL_DISTINTAS,float64,22.5,ninguna (se conserva tal cual),ninguna,"ninguno (excluida por circularidad de trayectoria, DEC-013)",ninguno,False
CATEGORIA_CARGO_ACTUAL,str,22.5,ninguna (se conserva tal cual),ninguna,"ninguno (excluida por circularidad de trayectoria, DEC-013)",ninguno,False
TIPOEMPLEADO_CATEGORIA_ACTUAL,str,22.5,ninguna (se conserva tal cual),ninguna,"ninguno (excluida por circularidad de trayectoria, DEC-013)",ninguno,False
CARGO_ACTUAL_ESTRUCTURAL,str,22.5,"DESCONOCIDO (documentada, no aplicada a la matriz)",ninguna,ninguno (excluida por alta cardinalidad),ninguno,False
UNIDAD_ACTUAL_ESTRUCTURAL,str,22.5,"DESCONOCIDO (documentada, no aplicada a la matriz)",ninguna,ninguno (excluida por alta cardinalidad),ninguno,False
VIGENTE_TRAMO_ESTRUCTURAL,object,22.5,moda,ninguna,binaria 0/1,ninguno (0/1),True
ANIOS_EN_CATEGORIA_ACTUAL,float64,22.5,mediana,log1p,ninguno (numerica),StandardScaler,True
CATEGORIA_CARGO_PRIMERA,str,22.5,ninguna (se conserva tal cual),ninguna,"ninguno (excluida por circularidad de trayectoria, DEC-013)",ninguno,False
ES_TRAYECTORIA_ESTABLE,object,22.5,ninguna (se conserva tal cual),ninguna,"ninguno (excluida por circularidad de trayectoria, DEC-013)",ninguno,False
ES_MIXTO,object,22.5,ninguna (se conserva tal cual),ninguna,"ninguno (excluida por circularidad de trayectoria, DEC-013)",ninguno,False
CARGOS_ACTUALES_MIXTO,str,99.47,ninguna (se conserva tal cual),ninguna,"ninguno (excluida por circularidad de trayectoria, DEC-013)",ninguno,False
CATEGORIAS_ACTUALES_MIXTO,str,99.47,ninguna (se conserva tal cual),ninguna,"ninguno (excluida por circularidad de trayectoria, DEC-013)",ninguno,False
DURACION_MEDIANA_TRAMO_ANIOS,float64,22.5,mediana,log1p,ninguno (numerica),StandardScaler,True
TURBULENCIA_TRAMOS,float64,56.18,mediana,log1p,ninguno (numerica),StandardScaler,True
ENTROPIA_CATEGORIA_CARGO,float64,22.5,mediana,ninguna,ninguno (numerica),StandardScaler,True
PROPORCION_ANIOS_ADMINISTRATIVO,float64,22.57,ninguna (se conserva tal cual),ninguna,"ninguno (excluida por circularidad de trayectoria, DEC-013)",ninguno,False
N_TRANSICIONES_ROL,float64,22.5,ninguna (se conserva tal cual),ninguna,"ninguno (excluida por circularidad de trayectoria, DEC-013)",ninguno,False
N_TRANSICIONES_AA_A_DD,float64,22.5,ninguna (se conserva tal cual),ninguna,"ninguno (excluida por circularidad de trayectoria, DEC-013)",ninguno,False
N_TRANSICIONES_DD_A_AA,float64,22.5,ninguna (se conserva tal cual),ninguna,"ninguno (excluida por circularidad de trayectoria, DEC-013)",ninguno,False
TUVO_TRANSICION_AA_A_DD,object,22.5,ninguna (se conserva tal cual),ninguna,"ninguno (excluida por circularidad de trayectoria, DEC-013)",ninguno,False
TUVO_TRANSICION_DD_A_AA,object,22.5,ninguna (se conserva tal cual),ninguna,"ninguno (excluida por circularidad de trayectoria, DEC-013)",ninguno,False
ANIOS_DESDE_ULTIMA_TRANSICION,float64,69.8,ninguna (se conserva tal cual),ninguna,"ninguno (excluida por circularidad de trayectoria, DEC-013)",ninguno,False
N_ROLES_ADICIONALES_SIMULTANEOS_DISTINTOS,float64,22.5,ninguna (se conserva tal cual),ninguna,"ninguno (excluida por circularidad de trayectoria, DEC-013)",ninguno,False
CATEGORIA_ROL_ADICIONAL_MAS_RECIENTE,str,96.46,ninguna (se conserva tal cual),ninguna,"ninguno (excluida por circularidad de trayectoria, DEC-013)",ninguno,False
TUVO_ROL_ADICIONAL_SIMULTANEO,object,22.5,ninguna (se conserva tal cual),ninguna,"ninguno (excluida por circularidad de trayectoria, DEC-013)",ninguno,False
ANIOS_EN_UNIDAD_ACTUAL,float64,22.5,mediana,ninguna,ninguno (numerica),StandardScaler,True
TUVO_FUNCION_ADICIONAL,object,22.5,ninguna (se conserva tal cual),ninguna,"ninguno (excluida por circularidad de trayectoria, DEC-013)",ninguno,False
N_FUNCIONES_ADICIONALES,float64,22.5,ninguna (se conserva tal cual),ninguna,"ninguno (excluida por circularidad de trayectoria, DEC-013)",ninguno,False
N_CATEGORIAS_FUNCION_ADICIONAL_DISTINTAS,float64,22.5,ninguna (se conserva tal cual),ninguna,"ninguno (excluida por circularidad de trayectoria, DEC-013)",ninguno,False
TUVO_SUBROGACION,object,22.5,ninguna (se conserva tal cual),ninguna,"ninguno (excluida por circularidad de trayectoria, DEC-013)",ninguno,False
N_SUBROGACIONES,float64,22.5,ninguna (se conserva tal cual),ninguna,"ninguno (excluida por circularidad de trayectoria, DEC-013)",ninguno,False
TUVO_FUNCION_NO_COINCIDENTE_CON_CONTRATO,object,22.5,ninguna (se conserva tal cual),ninguna,"ninguno (excluida por circularidad de trayectoria, DEC-013)",ninguno,False
CATEGORIA_FUNCION_ADICIONAL_MAS_RECIENTE,str,79.91,ninguna (se conserva tal cual),ninguna,"ninguno (excluida por circularidad de trayectoria, DEC-013)",ninguno,False
CARGO_PUNTUAL_VIGENTE,str,95.9,ninguna (se conserva tal cual),ninguna,"ninguno (excluida por circularidad de trayectoria, DEC-013)",ninguno,False
UNIDAD_PUNTUAL_VIGENTE,str,95.9,ninguna (se conserva tal cual),ninguna,"ninguno (excluida por circularidad de trayectoria, DEC-013)",ninguno,False
CATEGORIA_PUNTUAL_VIGENTE,str,95.9,ninguna (se conserva tal cual),ninguna,"ninguno (excluida por circularidad de trayectoria, DEC-013)",ninguno,False
TIPOEMPLEADO_PUNTUAL_VIGENTE,str,95.9,ninguna (se conserva tal cual),ninguna,"ninguno (excluida por circularidad de trayectoria, DEC-013)",ninguno,False
